FIELD_Sample_ID,Other_ID,Source,DOI,TITLE,JOURNAL,AUTHOR,YEAR,District_Name,Deposit,Deposit_Type,Magma_Series,Deposit_Class,Contained_Cu,Company,Block_ID,Hole_ID,UTAS_Catalogue_ID,Project_Name,WGS84_Longitude,WGS84_Latitude,UTM_East,UTM_North,Elevation_m,DDH_Depth,Relationship to ore,Ore score,Epoch/Era,Ore Start,Ore Age err,Ore Age Source,Age (Ma),Age err,Age Source,Prestep calc,Distance_To_Deposit_Centre,UTM_Coord_System,Sampler,Country,Material,Survey_Method,Primary_Sample_Type,Sample_Type,Laboratory_Prep,Laboratory_Analytical,Sulfide_Present,Outcrop_Lith_Category,Rock_Type,Unit_name,Unit_Code,Alteration_Type,Vein_Types,Description,Int_or_volc,NoName,SiO2_pct,Al2O3_pct,Fe2O3_pct,FeO,FeO_pct,MgO_pct,CaO_pct,Na2O_pct,K2O_pct,TiO2_pct,P2O5_pct,MnO_pct,Cr2O3_pct,LOI_pct,H2O+,H2O-,H2O_pct,TOTAL C,TOTAL S,CO2_pct,Sum,Ag_ppm,Al_ppm,As_ppm,Au_ppm,B_ppm,Ba_ppm,Be_ppm,Bi_ppm,Ca_ppm,Cd_ppm,Ce_ppm,Cl_ppm,Co_ppm,Cr_ppm,CO2_1,Cs_ppm,Cu_ppm,Dy_ppm,Er_ppm,Eu_ppm,F_ppm,Fe_ppm,Ga_ppm,Gd_ppm,Ge_ppm,Hf_ppm,Hg_ppb,Ho_ppm,In_ppm,K_ppm,La_ppm,Li_ppm,Lu_ppm,Mg_ppm,Mn_ppm,Mo_ppm,Na_ppm,Nb_ppm,Nd_ppm,Ni_ppm,P_ppm,Pb_ppm,Pd_ppb,Pr_ppm,Pt_ppb,Rb_ppm,Re_ppb,Sb_ppm,Sc_ppm,Se_ppm,Si_ppm,Sm_ppm,Sn_ppm,Sr_ppm,Ta_ppm,Tb_ppm,Te_ppm,Th_ppm,Ti_ppm,Tl_ppm,Tm_ppm,U_ppm,V_ppm,W_ppm,Y_ppm,Yb_ppm,Zn_ppm,Zr_ppm,ND143_ND144,ND143_ND144 i,eNd,PB206_PB204,PB207_PB204,PB208_PB204,SR87_SR86,SR87_SR86 i,AI,Eu/Eu*,Eu/Eu*/Yb(N),Sm(N)/Yb(N),La(N)/Yb(N),Sr/Y,Sr/Zr,(Sr/Y)/Zr,Sr/Yb,(Sr/Y)/Yb,V/Sc,Ba/Y,Fertility
98-518,,Thesis,n/a,A COMPARATIVE STUDY BETWEEN THE GEOCHEMISTRY OF ORE-BEARING AND BARREN CALC-ALKALINE INTRUSIONS,PhD Thesis,Ballard,2001,Chuqui-El Abra,El Abra,Cu-Mo,CA,N/A,N/A,Codelco,n/a,n/a,n/a,n/a,n/a,n/a,,,,,,3,Eocene,37.2,0.4,Campbell et al. 1984,42.3,0.2,Ballard thesis (ages are standard error),,,,Ballard_ 2001,Chile,,,,,,,,,,Los Picos,,,,,,,60.6,16.6,5.88,,5.290824,2.81,5.03,3.75,2.9,0.83,0.22,0.09,,,,,,,,,98.68,,,,,,686,,,,,53.5,,,,,4.1,,3.65,2.04,1.04,,,,4.08,,4.67,,0.71,,,25.5,,0.29,,,,,9.81,24.8,,,11,,6.29,,105,,,,,,4.8,,519,0.71,0.57,,14.31,,,,3.15,,,19.97,2.02,,167,,,,,,,,,39.406487,,,,,,,,,,,,0
98-519,,Thesis,n/a,A COMPARATIVE STUDY BETWEEN THE GEOCHEMISTRY OF ORE-BEARING AND BARREN CALC-ALKALINE INTRUSIONS,PhD Thesis,Ballard,2001,Chuqui-El Abra,El Abra,Cu-Mo,CA,N/A,N/A,Codelco,n/a,n/a,n/a,n/a,n/a,n/a,,,,,,3,Eocene,37.2,0.4,Campbell et al. 1984,42.3,0.2,Ballard thesis,,,,Ballard_ 2001,Chile,,,,,,,,,,Los Picos,,,,,,,62.6,16.4,5.42,,4.876916,2.42,4.74,3.77,3.16,0.79,0.18,0.09,,,,,,,,,99.53,,,,,,629,,,,,50.6,,,,,3.47,,3.95,2.14,1.09,,,,4.23,,5.18,,0.75,,,23.8,,0.31,,,,,9.35,24.1,,,8,,6.02,,121,,,,,,4.78,,692,0.64,0.61,,13.98,,,,4.11,,,20.6,2.17,,208,,,,,,,,,39.602555,,,,,,,,,,,,0
98-520,,Thesis,n/a,A COMPARATIVE STUDY BETWEEN THE GEOCHEMISTRY OF ORE-BEARING AND BARREN CALC-ALKALINE INTRUSIONS,PhD Thesis,Ballard,2001,Chuqui-El Abra,El Abra,Cu-Mo,CA,N/A,N/A,Codelco,n/a,n/a,n/a,n/a,n/a,n/a,,,,,,3,Eocene,37.2,0.4,Campbell et al. 1984,42.3,0.2,Ballard thesis,,,,Ballard_ 2001,Chile,,,,,,,,,,Los Picos,,,,,,,58.7,17,6.66,,5.992668,3.11,5.54,3.73,2.88,0.89,0.21,0.07,,,,,,,,,98.75,,,,,,750,,,,,68.3,,,,,7.87,,4.71,2.61,1.2,,,,5.05,,8.45,,0.93,,,32.6,,0.4,,,,,11.2,30.2,,,19,,7.89,,163,,,,,,5.92,,493,0.97,0.74,,30.11,,,,8.11,,,25.2,2.67,,285,,,,,,,,,39.252949,,,,,,,,,,,,0
98-522,,Thesis,n/a,A COMPARATIVE STUDY BETWEEN THE GEOCHEMISTRY OF ORE-BEARING AND BARREN CALC-ALKALINE INTRUSIONS,PhD Thesis,Ballard,2001,Chuqui-El Abra,El Abra,Cu-Mo,CA,N/A,N/A,Codelco,n/a,n/a,n/a,n/a,n/a,n/a,,,,,,3,Eocene,37.2,0.4,Campbell et al. 1984,42.3,0.2,Ballard thesis,,,,Ballard_ 2001,Chile,,,,,,,,,,Los Picos,,,,,,,59.6,16.5,6.54,,5.884692,3.24,5.8,3.71,2.8,0.85,0.18,0.11,,,,,,,,,99.37,,,,,,621,,,,,51.2,,,,,4.86,,3.47,1.89,1.05,,,,3.85,,4.54,,0.68,,,23.8,,0.29,,,,,9.2,23.8,,,25,,6.04,,100,,,,,,4.65,,546,0.7,0.54,,14.11,,,,3.52,,,18.49,1.95,,157,,,,,,,,,38.842444,,,,,,,,,,,,0
98-524,,Thesis,n/a,A COMPARATIVE STUDY BETWEEN THE GEOCHEMISTRY OF ORE-BEARING AND BARREN CALC-ALKALINE INTRUSIONS,PhD Thesis,Ballard,2001,Chuqui-El Abra,El Abra,Cu-Mo,CA,N/A,N/A,Codelco,n/a,n/a,n/a,n/a,n/a,n/a,,,,,,3,Eocene,37.2,0.4,Campbell et al. 1984,42.3,0.2,Ballard thesis,,,,Ballard_ 2001,Chile,,,,,,,,,,Los Picos,,,,,,,60.9,16.5,6.21,,5.587758,2.86,5.27,3.74,3.08,0.87,0.21,0.1,,,,,,,,,99.81,,,,,,646,,,,,51.3,,,,,4.81,,3.7,2,1.06,,,,4.2,,5.79,,0.73,,,24.3,,0.32,,,,,9.76,23.8,,,39,,6.04,,113,,,,,,4.76,,461,0.72,0.59,,16.73,,,,4.76,,,20.04,2.14,,210,,,,,,,,,39.732441,,,,,,,,,,,,0
98-525,,Thesis,n/a,A COMPARATIVE STUDY BETWEEN THE GEOCHEMISTRY OF ORE-BEARING AND BARREN CALC-ALKALINE INTRUSIONS,PhD Thesis,Ballard,2001,Chuqui-El Abra,El Abra,Cu-Mo,CA,N/A,N/A,Codelco,n/a,n/a,n/a,n/a,n/a,n/a,,,,,,3,Eocene,37.2,0.4,Campbell et al. 1984,42.3,0.2,Ballard thesis,,,,Ballard_ 2001,Chile,,,,,,,,,,Los Picos,,,,,,,68.1,14.7,3.76,,3.383248,1.33,2.84,3.29,4.87,0.6,0.11,0.06,,,,,,,,,99.66,,,,,,562,,,,,78,,,,,8.17,,4.41,2.53,0.76,,,,4.87,,7.95,,0.87,,,36.1,,0.39,,,,,13.3,32.2,,,18,,8.75,,238,,,,,,6.04,,258,1.18,0.7,,57.02,,,,14.17,,,24.84,2.72,,279,,,,,,,,,50.283861,,,,,,,,,,,,0
98-526,,Thesis,n/a,A COMPARATIVE STUDY BETWEEN THE GEOCHEMISTRY OF ORE-BEARING AND BARREN CALC-ALKALINE INTRUSIONS,PhD Thesis,Ballard,2001,Chuqui-El Abra,El Abra,Cu-Mo,CA,N/A,N/A,Codelco,n/a,n/a,n/a,n/a,n/a,n/a,,,,,,3,Eocene,37.2,0.4,Campbell et al. 1984,42.3,0.2,Ballard thesis,,,,Ballard_ 2001,Chile,,,,,,,,,,Los Picos,,,,,,,57.1,17.8,6.74,,6.064652,3.6,6.04,4.03,1.99,0.87,0.23,0.11,,,,,,,,,98.56,,,,,,541,,,,,37.5,,,,,1.97,,2.65,1.37,1.05,,,,3.16,,3.2,,0.5,,,17.8,,0.19,,,,,5.92,18.5,,,13,,4.49,,60,,,,,,3.71,,865,0.41,0.44,,5.58,,,,1.67,,,14.53,1.36,,126,,,,,,,,,35.696041,,,,,,,,,,,,0
98-527,,Thesis,n/a,A COMPARATIVE STUDY BETWEEN THE GEOCHEMISTRY OF ORE-BEARING AND BARREN CALC-ALKALINE INTRUSIONS,PhD Thesis,Ballard,2001,Chuqui-El Abra,El Abra,Cu-Mo,CA,N/A,N/A,Codelco,n/a,n/a,n/a,n/a,n/a,n/a,,,,,,3,Eocene,37.2,0.4,Campbell et al. 1984,42.3,0.2,Ballard thesis,,,,Ballard_ 2001,Chile,,,,,,,,,,Los Picos,,,,,,,61.7,16.7,6.13,,5.515774,2.45,4.87,4,3.18,0.85,0.22,0.09,,,,,,,,,100.09,,,,,,650,,,,,59.5,,,,,6.58,,3.94,2.22,1.04,,,,4.42,,8.96,,0.75,,,27.7,,0.34,,,,,9.74,27.5,,,46,,6.96,,117,,,,,,5.25,,416,0.74,0.63,,21.61,,,,4.92,,,20.61,2.32,,360,,,,,,,,,38.827586,,,,,,,,,,,,0
98-540,,Thesis,n/a,A COMPARATIVE STUDY BETWEEN THE GEOCHEMISTRY OF ORE-BEARING AND BARREN CALC-ALKALINE INTRUSIONS,PhD Thesis,Ballard,2001,Chuqui-El Abra,El Abra,Cu-Mo,CA,N/A,N/A,Codelco,n/a,n/a,n/a,n/a,n/a,n/a,,,,,,3,Eocene,37.2,0.4,Campbell et al. 1984,42.3,0.2,Ballard thesis,,,,Ballard_ 2001,Chile,,,,,,,,,,Los Picos,,,,,,,66.7,15.2,4.26,,3.833148,1.54,3.22,3.36,4.6,0.64,0.14,0.08,,,,,,,,,99.75,,,,,,701,,,,,63.8,,,,,6.64,,4.19,2.36,0.88,,,,4.49,,8.62,,0.81,,,29.5,,0.37,,,,,12.81,28.3,,,13,,7.43,,219,,,,,,5.37,,565,1,0.66,,28.35,,,,5.61,,,25.22,2.44,,359,,,,,,,,,48.27044,,,,,,,,,,,,0
98-549,,Thesis,n/a,A COMPARATIVE STUDY BETWEEN THE GEOCHEMISTRY OF ORE-BEARING AND BARREN CALC-ALKALINE INTRUSIONS,PhD Thesis,Ballard,2001,Chuqui-El Abra,El Abra,Cu-Mo,CA,N/A,N/A,Codelco,n/a,n/a,n/a,n/a,n/a,n/a,,,,,,3,Eocene,37.2,0.4,Campbell et al. 1984,42.3,0.2,Ballard thesis,,,,Ballard_ 2001,Chile,,,,,,,,,,Los Picos,,,,,,,61.4,16.9,5.65,,5.08387,2.52,4.6,3.91,2.97,0.8,0.2,0.07,,,,,,,,,98.96,,,,,,624,,,,,48.8,,,,,4.59,,3.4,1.89,0.98,,,,3.81,,5.9,,0.67,,,23.3,,0.3,,,,,6.59,22.4,,,21,,5.65,,61,,,,,,4.51,,456,0.69,0.54,,17.03,,,,4.54,,,13.89,1.95,,162,,,,,,,,,39.214286,,,,,,,,,,,,0
98-532,,Thesis,n/a,A COMPARATIVE STUDY BETWEEN THE GEOCHEMISTRY OF ORE-BEARING AND BARREN CALC-ALKALINE INTRUSIONS,PhD Thesis,Ballard,2001,Chuqui-El Abra,El Abra,Cu-Mo,CA,N/A,N/A,Codelco,n/a,n/a,n/a,n/a,n/a,n/a,,,,,,3,Eocene,37.2,0.4,Campbell et al. 1984,39.1,0.4,Ballard thesis,,,,Ballard_ 2001,Chile,,,,,,,,,,Fortuna Gris,,,,,,,64.4,16.5,4.39,,3.950122,1.81,4.19,4.13,2.95,0.58,0.19,0.05,,,,,,,,,99.14,,,,,,690,,,,,47.2,,,,,4.22,,2.6,1.33,0.92,,,,3.15,,4.11,,0.48,,,23.1,,0.21,,,,,8,21,,,10,,5.43,,94,,,,,,3.82,,562,0.61,0.41,,13.41,,,,3.93,,,13.82,1.39,,146,,,,,,,,,36.391437,,,,,,,,,,,,1
98-534,,Thesis,n/a,A COMPARATIVE STUDY BETWEEN THE GEOCHEMISTRY OF ORE-BEARING AND BARREN CALC-ALKALINE INTRUSIONS,PhD Thesis,Ballard,2001,Chuqui-El Abra,El Abra,Cu-Mo,CA,N/A,N/A,Codelco,n/a,n/a,n/a,n/a,n/a,n/a,,,,,,3,Eocene,37.2,0.4,Campbell et al. 1984,39.1,0.4,Ballard thesis,,,,Ballard_ 2001,Chile,,,,,,,,,,Fortuna Gris,,,,,,,65.7,15.2,4.85,,4.36403,1.72,3.44,3.25,4.65,0.75,0.15,0.07,,,,,,,,,99.78,,,,,,714,,,,,64.7,,,,,7.62,,4.17,2.29,0.93,,,,4.44,,10.11,,0.8,,,30.6,,0.36,,,,,11.18,28.3,,,10,,7.5,,178,,,,,,5.65,,339,0.96,0.66,,20.36,,,,6.36,,,22.53,2.43,,350,,,,,,,,,48.774885,,,,,,,,,,,,1
98-544,,Thesis,n/a,A COMPARATIVE STUDY BETWEEN THE GEOCHEMISTRY OF ORE-BEARING AND BARREN CALC-ALKALINE INTRUSIONS,PhD Thesis,Ballard,2001,Chuqui-El Abra,El Abra,Cu-Mo,CA,N/A,N/A,Codelco,n/a,n/a,n/a,n/a,n/a,n/a,,,,,,3,Eocene,37.2,0.4,Campbell et al. 1984,39.1,0.4,Ballard thesis,,,,Ballard_ 2001,Chile,,,,,,,,,,Fortuna Gris,,,,,,,61.2,17.1,5.89,,5.299822,2.81,5.18,3.77,2.88,0.75,0.19,0.1,,,,,,,,,99.82,,,,,,627,,,,,47.4,,,,,4.51,,3.24,1.78,0.95,,,,3.64,,4.67,,0.64,,,22.5,,0.27,,,,,7.86,22.1,,,59,,5.53,,95,,,,,,4.39,,755,0.61,0.52,,15.12,,,,2.77,,,17.39,1.79,,168,,,,,,,,,38.86612,,,,,,,,,,,,1
98-548,,Thesis,n/a,A COMPARATIVE STUDY BETWEEN THE GEOCHEMISTRY OF ORE-BEARING AND BARREN CALC-ALKALINE INTRUSIONS,PhD Thesis,Ballard,2001,Chuqui-El Abra,El Abra,Cu-Mo,CA,N/A,N/A,Codelco,n/a,n/a,n/a,n/a,n/a,n/a,,,,,,3,Eocene,37.2,0.4,Campbell et al. 1984,39.1,0.4,Ballard thesis,,,,Ballard_ 2001,Chile,,,,,,,,,,Fortuna Gris,,,,,,,73.1,14.1,1.8,,1.61964,0.37,1.29,3.4,5.12,0.27,0.05,0.02,,,,,,,,,99.51,,,,,,852,,,,,49.3,,,,,4.83,,2.96,1.8,0.47,,,,3.08,,4.48,,0.61,,,24.3,,0.3,,,,,8.81,20,,,36,,5.54,,160,,,,,,3.58,,230,0.86,0.45,,24.51,,,,4.15,,,17.18,1.97,,146,,,,,,,,,53.929273,,,,,,,,,,,,1
98-550,,Thesis,n/a,A COMPARATIVE STUDY BETWEEN THE GEOCHEMISTRY OF ORE-BEARING AND BARREN CALC-ALKALINE INTRUSIONS,PhD Thesis,Ballard,2001,Chuqui-El Abra,El Abra,Cu-Mo,CA,N/A,N/A,Codelco,n/a,n/a,n/a,n/a,n/a,n/a,,,,,,3,Eocene,37.2,0.4,Campbell et al. 1984,39.1,0.4,Ballard thesis,,,,Ballard_ 2001,Chile,,,,,,,,,,Fortuna Gris,,,,,,,67.9,15.1,3.67,,3.302266,1.23,2.88,3.48,4.46,0.49,0.13,0.05,,,,,,,,,99.42,,,,,,644,,,,,63.5,,,,,8.49,,3.91,2.16,0.96,,,,4.26,,5.68,,0.74,,,30.1,,0.32,,,,,11.12,28.1,,,17,,7.34,,202,,,,,,5.36,,352,0.94,0.61,,25.29,,,,5.46,,,23.51,2.29,,250,,,,,,,,,47.219917,,,,,,,,,,,,1
98-551,,Thesis,n/a,A COMPARATIVE STUDY BETWEEN THE GEOCHEMISTRY OF ORE-BEARING AND BARREN CALC-ALKALINE INTRUSIONS,PhD Thesis,Ballard,2001,Chuqui-El Abra,El Abra,Cu-Mo,CA,N/A,N/A,Codelco,n/a,n/a,n/a,n/a,n/a,n/a,,,,,,3,Eocene,37.2,0.4,Campbell et al. 1984,39.1,0.4,Ballard thesis,,,,Ballard_ 2001,Chile,,,,,,,,,,Fortuna Gris,,,,,,,63.5,16.8,4.93,,4.436014,2,4.43,4.08,3.12,0.63,0.2,0.06,,,,,,,,,99.73,,,,,,631,,,,,50.9,,,,,4.45,,2.73,1.43,0.95,,,,3.29,,4.37,,0.51,,,24.5,,0.22,,,,,10.09,22.7,,,76,,5.81,,127,,,,,,4.21,,350,0.76,0.46,,14.58,,,,4.56,,,21.93,1.55,,171,,,,,,,,,37.564197,,,,,,,,,,,,1
98-552,,Thesis,n/a,A COMPARATIVE STUDY BETWEEN THE GEOCHEMISTRY OF ORE-BEARING AND BARREN CALC-ALKALINE INTRUSIONS,PhD Thesis,Ballard,2001,Chuqui-El Abra,El Abra,Cu-Mo,CA,N/A,N/A,Codelco,n/a,n/a,n/a,n/a,n/a,n/a,,,,,,3,Eocene,37.2,0.4,Campbell et al. 1984,39.1,0.4,Ballard thesis,,,,Ballard_ 2001,Chile,,,,,,,,,,Fortuna Gris,,,,,,,62.6,16.9,5.4,,4.85892,2.31,4.9,4,2.88,0.67,0.24,0.09,,,,,,,,,99.97,,,,,,687,,,,,48.8,,,,,5.34,,2.89,1.4,0.96,,,,3.38,,2.23,,0.53,,,23.4,,0.22,,,,,8.47,22.9,,,9,,5.76,,88,,,,,,4.38,,595,0.71,0.46,,8.75,,,,2.02,,,14.56,1.51,,74,,,,,,,,,36.834634,,,,,,,,,,,,1
98-553,,Thesis,n/a,A COMPARATIVE STUDY BETWEEN THE GEOCHEMISTRY OF ORE-BEARING AND BARREN CALC-ALKALINE INTRUSIONS,PhD Thesis,Ballard,2001,Chuqui-El Abra,El Abra,Cu-Mo,CA,N/A,N/A,Codelco,n/a,n/a,n/a,n/a,n/a,n/a,,,,,,3,Eocene,37.2,0.4,Campbell et al. 1984,39.1,0.4,Ballard thesis,,,,Ballard_ 2001,Chile,,,,,,,,,,Fortuna Gris,,,,,,,63.7,16.7,4.77,,4.292046,2.07,3.63,3.97,3.3,0.63,0.19,0.06,,,,,,,,,99.08,,,,,,697,,,,,49.5,,,,,6.72,,2.53,1.35,0.91,,,,3,,4.24,,0.48,,,24.5,,0.21,,,,,8.68,21.7,,,41,,5.66,,128,,,,,,3.93,,495,0.65,0.42,,11.88,,,,2.86,,,14.88,1.37,,149,,,,,,,,,41.403238,,,,,,,,,,,,1
98-559,,Thesis,n/a,A COMPARATIVE STUDY BETWEEN THE GEOCHEMISTRY OF ORE-BEARING AND BARREN CALC-ALKALINE INTRUSIONS,PhD Thesis,Ballard,2001,Chuqui-El Abra,El Abra,Cu-Mo,CA,N/A,N/A,Codelco,n/a,n/a,n/a,n/a,n/a,n/a,,,,,,3,Eocene,37.2,0.4,Campbell et al. 1984,39.1,0.4,Ballard thesis,,,,Ballard_ 2001,Chile,,,,,,,,,,Fortuna Gris,,,,,,,64.4,16.4,4.37,,3.932126,1.83,4.19,4.04,3.16,0.59,0.18,0.07,,,,,,,,,99.28,,,,,,857,,,,,55.9,,,,,8.27,,2.45,1.28,0.88,,,,3.09,,4.18,,0.47,,,29.1,,0.22,,,,,7.63,22.8,,,10,,6.14,,127,,,,,,3.87,,570,0.59,0.4,,10.92,,,,3.3,,,13.18,1.37,,178,,,,,,,,,37.74584,,,,,,,,,,,,1
98-561,,Thesis,n/a,A COMPARATIVE STUDY BETWEEN THE GEOCHEMISTRY OF ORE-BEARING AND BARREN CALC-ALKALINE INTRUSIONS,PhD Thesis,Ballard,2001,Chuqui-El Abra,El Abra,Cu-Mo,CA,N/A,N/A,Codelco,n/a,n/a,n/a,n/a,n/a,n/a,,,,,,3,Eocene,37.2,0.4,Campbell et al. 1984,39.1,0.4,Ballard thesis,,,,Ballard_ 2001,Chile,,,,,,,,,,Fortuna Gris,,,,,,,66.7,16.1,3.7,,3.32926,1.39,3.69,4.06,3.43,0.49,0.21,0.05,,,,,,,,,99.84,,,,,,702,,,,,60.8,,,,,5.48,,2.81,1.48,0.85,,,,3.32,,4.23,,0.52,,,31.7,,0.25,,,,,7.27,24.6,,,17,,6.67,,83,,,,,,4.23,,479,0.9,0.47,,21.31,,,,4.96,,,11.72,1.66,,112,,,,,,,,,38.345267,,,,,,,,,,,,1
98-566,,Thesis,n/a,A COMPARATIVE STUDY BETWEEN THE GEOCHEMISTRY OF ORE-BEARING AND BARREN CALC-ALKALINE INTRUSIONS,PhD Thesis,Ballard,2001,Chuqui-El Abra,El Abra,Cu-Mo,CA,N/A,N/A,Codelco,n/a,n/a,n/a,n/a,n/a,n/a,,,,,,3,Eocene,37.2,0.4,Campbell et al. 1984,39.1,0.4,Ballard thesis,,,,Ballard_ 2001,Chile,,,,,,,,,,Fortuna Gris,,,,,,,66.7,16.9,4,,3.5992,1.44,3.78,4.1,3.38,0.58,0.19,0.06,,,,,,,,,101.19,,,,,,698,,,,,51.1,,,,,5.73,,2.95,1.5,0.91,,,,3.42,,4.52,,0.57,,,25,,0.22,,,,,9.07,23,,,14,,5.87,,152,,,,,,4.19,,567,0.62,0.49,,15.26,,,,3.63,,,17.61,1.55,,305,,,,,,,,,37.952756,,,,,,,,,,,,1
98-576,,Thesis,n/a,A COMPARATIVE STUDY BETWEEN THE GEOCHEMISTRY OF ORE-BEARING AND BARREN CALC-ALKALINE INTRUSIONS,PhD Thesis,Ballard,2001,Chuqui-El Abra,El Abra,Cu-Mo,CA,N/A,N/A,Codelco,n/a,n/a,n/a,n/a,n/a,n/a,,,,,,3,Eocene,37.2,0.4,Campbell et al. 1984,39.1,0.4,Ballard thesis,,,,Ballard_ 2001,Chile,,,,,,,,,,Fortuna Gris,,,,,,,63.4,16.7,4.83,,4.346034,2.21,4.65,4.11,2.95,0.64,0.19,0.07,,,,,,,,,99.79,,,,,,621,,,,,44.4,,,,,3.98,,2.37,1.26,0.86,,,,2.88,,2.1,,0.43,,,22.1,,0.18,,,,,7.71,19.6,,,8,,5.09,,96,,,,,,3.49,,557,0.53,0.41,,10.39,,,,2.7,,,13.09,1.21,,88,,,,,,,,,37.068966,,,,,,,,,,,,1
98-535,,Thesis,n/a,A COMPARATIVE STUDY BETWEEN THE GEOCHEMISTRY OF ORE-BEARING AND BARREN CALC-ALKALINE INTRUSIONS,PhD Thesis,Ballard,2001,Chuqui-El Abra,El Abra,Cu-Mo,CA,N/A,N/A,Codelco,n/a,n/a,n/a,n/a,n/a,n/a,,,,,,2,Eocene,37.2,0.4,Campbell et al. 1984,38.5,0.4,Ballard thesis,,,,Ballard_ 2001,Chile,,,,,,,,,,Fortuna Clara,,,,,,,64.8,17.3,3.72,,3.347256,1.52,3.7,4.56,2.73,0.51,0.2,0.06,,,,,,,,,99.14,,,,,,738,,,,,41.5,,,,,4.92,,1.6,0.84,0.83,,,,2.13,,2.9,,0.3,,,21,,0.12,,,,,6.19,18.1,,,8,,4.71,,89,,,,,,3.1,,974,0.48,0.27,,6.7,,,,1.91,,,8.32,0.81,,105,,,,,,,,,33.972822,,,,,,,,,,,,1
98-536,,Thesis,n/a,A COMPARATIVE STUDY BETWEEN THE GEOCHEMISTRY OF ORE-BEARING AND BARREN CALC-ALKALINE INTRUSIONS,PhD Thesis,Ballard,2001,Chuqui-El Abra,El Abra,Cu-Mo,CA,N/A,N/A,Codelco,n/a,n/a,n/a,n/a,n/a,n/a,,,,,,2,Eocene,37.2,0.4,Campbell et al. 1984,38.5,0.4,Ballard thesis,,,,Ballard_ 2001,Chile,,,,,,,,,,Fortuna Clara,,,,,,,65.3,16.8,3.8,,3.41924,1.63,3.96,4.42,2.84,0.53,0.19,0.08,,,,,,,,,99.55,,,,,,870,,,,,39.4,,,,,2.71,,1.57,0.78,0.79,,,,2.15,,2.99,,0.28,,,20.1,,0.12,,,,,5.67,16.8,,,17,,4.41,,61,,,,,,2.98,,718,0.44,0.27,,6.28,,,,2.58,,,8.35,0.82,,108,,,,,,,,,34.785992,,,,,,,,,,,,1
98-541,,Thesis,n/a,A COMPARATIVE STUDY BETWEEN THE GEOCHEMISTRY OF ORE-BEARING AND BARREN CALC-ALKALINE INTRUSIONS,PhD Thesis,Ballard,2001,Chuqui-El Abra,El Abra,Cu-Mo,CA,N/A,N/A,Codelco,n/a,n/a,n/a,n/a,n/a,n/a,,,,,,2,Eocene,37.2,0.4,Campbell et al. 1984,38.5,0.4,Ballard thesis,,,,Ballard_ 2001,Chile,,,,,,,,,,Fortuna Clara,,,,,,,65.9,16.9,3.08,,2.771384,1.11,3.23,4.9,2.45,0.43,0.18,0.04,,,,,,,,,98.23,,,,,,812,,,,,38.2,,,,,1.57,,1.4,0.71,0.79,,,,1.9,,3.23,,0.27,,,20.4,,0.11,,,,,5.89,16.6,,,12,,4.38,,51,,,,,,2.77,,798,0.44,0.24,,5.64,,,,1.64,,,7.26,0.77,,121,,,,,,,,,30.453379,,,,,,,,,,,,1
98-547,,Thesis,n/a,A COMPARATIVE STUDY BETWEEN THE GEOCHEMISTRY OF ORE-BEARING AND BARREN CALC-ALKALINE INTRUSIONS,PhD Thesis,Ballard,2001,Chuqui-El Abra,El Abra,Cu-Mo,CA,N/A,N/A,Codelco,n/a,n/a,n/a,n/a,n/a,n/a,,,,,,2,Eocene,37.2,0.4,Campbell et al. 1984,38.5,0.4,Ballard thesis,,,,Ballard_ 2001,Chile,,,,,,,,,,Fortuna Clara,,,,,,,67.1,16.6,3.3,,2.96934,1.17,3.21,4.78,2.88,0.42,0.24,0.07,,,,,,,,,99.82,,,,,,832,,,,,43.2,,,,,3.87,,1.58,0.82,0.84,,,,2.21,,4.19,,0.31,,,22.7,,0.14,,,,,7.33,18,,,17,,4.84,,75,,,,,,3.13,,737,0.56,0.28,,7.48,,,,2.64,,,8.64,0.93,,157,,,,,,,,,33.637874,,,,,,,,,,,,1
98-554,,Thesis,n/a,A COMPARATIVE STUDY BETWEEN THE GEOCHEMISTRY OF ORE-BEARING AND BARREN CALC-ALKALINE INTRUSIONS,PhD Thesis,Ballard,2001,Chuqui-El Abra,El Abra,Cu-Mo,CA,N/A,N/A,Codelco,n/a,n/a,n/a,n/a,n/a,n/a,,,,,,2,Eocene,37.2,0.4,Campbell et al. 1984,38.5,0.4,Ballard thesis,,,,Ballard_ 2001,Chile,,,,,,,,,,Fortuna Clara,,,,,,,65.6,16.9,3.76,,3.383248,1.5,3.89,4.63,2.74,0.55,0.17,0.03,,,,,,,,,99.7,,,,,,635,,,,,54.5,,,,,3.47,,2.55,1.36,0.95,,,,3.21,,2.93,,0.49,,,25.6,,0.2,,,,,8.68,23.8,,,7,,6.37,,81,,,,,,4.28,,603,0.63,0.43,,11.12,,,,3.19,,,13.45,1.44,,99,,,,,,,,,33.22884,,,,,,,,,,,,1
98-567,,Thesis,n/a,A COMPARATIVE STUDY BETWEEN THE GEOCHEMISTRY OF ORE-BEARING AND BARREN CALC-ALKALINE INTRUSIONS,PhD Thesis,Ballard,2001,Chuqui-El Abra,El Abra,Cu-Mo,CA,N/A,N/A,Codelco,n/a,n/a,n/a,n/a,n/a,n/a,,,,,,2,Eocene,37.2,0.4,Campbell et al. 1984,38.5,0.4,Ballard thesis,,,,Ballard_ 2001,Chile,,,,,,,,,,Fortuna Clara,,,,,,,67.2,16.7,3.16,,2.843368,1.09,3.96,4.65,2.57,0.47,0.06,0.06,,,,,,,,,99.93,,,,,,663,,,,,31.6,,,,,3.19,,1.31,0.62,0.62,,,,1.67,,2.07,,0.24,,,16.6,,0.1,,,,,4.61,13.3,,,14,,3.6,,52,,,,,,2.48,,495,0.35,0.23,,3.25,,,,0.91,,,6.82,0.63,,77,,,,,,,,,29.828851,,,,,,,,,,,,1
98-570,,Thesis,n/a,A COMPARATIVE STUDY BETWEEN THE GEOCHEMISTRY OF ORE-BEARING AND BARREN CALC-ALKALINE INTRUSIONS,PhD Thesis,Ballard,2001,Chuqui-El Abra,El Abra,Cu-Mo,CA,N/A,N/A,Codelco,n/a,n/a,n/a,n/a,n/a,n/a,,,,,,2,Eocene,37.2,0.4,Campbell et al. 1984,38.5,0.4,Ballard thesis,,,,Ballard_ 2001,Chile,,,,,,,,,,Fortuna Clara,,,,,,,68.2,15.7,3.46,,3.113308,1.26,2.97,4.02,3.51,0.52,0.14,0.02,,,,,,,,,99.73,,,,,,686,,,,,45.5,,,,,8.73,,2.42,1.32,0.8,,,,2.88,,4.1,,0.47,,,22.8,,0.23,,,,,11.6,20.1,,,7,,5.36,,216,,,,,,3.68,,560,1.18,0.4,,19.97,,,,5.81,,,13.28,1.51,,64,,,,,,,,,40.561224,,,,,,,,,,,,1
98-572,,Thesis,n/a,A COMPARATIVE STUDY BETWEEN THE GEOCHEMISTRY OF ORE-BEARING AND BARREN CALC-ALKALINE INTRUSIONS,PhD Thesis,Ballard,2001,Chuqui-El Abra,El Abra,Cu-Mo,CA,N/A,N/A,Codelco,n/a,n/a,n/a,n/a,n/a,n/a,,,,,,2,Eocene,37.2,0.4,Campbell et al. 1984,38.5,0.4,Ballard thesis,,,,Ballard_ 2001,Chile,,,,,,,,,,Fortuna Clara,,,,,,,65.5,17,3.91,,3.518218,1.47,3.85,4.34,2.98,0.52,0.18,0.05,,,,,,,,,99.73,,,,,,719,,,,,50.2,,,,,4.81,,2.35,1.26,1.01,,,,2.89,,8.25,,0.45,,,23.9,,0.22,,,,,8.24,22,,,10,,5.77,,108,,,,,,3.75,,626,0.65,0.39,,16.05,,,,5.87,,,11.74,1.43,,116,,,,,,,,,35.205696,,,,,,,,,,,,1
98-575,,Thesis,n/a,A COMPARATIVE STUDY BETWEEN THE GEOCHEMISTRY OF ORE-BEARING AND BARREN CALC-ALKALINE INTRUSIONS,PhD Thesis,Ballard,2001,Chuqui-El Abra,El Abra,Cu-Mo,CA,N/A,N/A,Codelco,n/a,n/a,n/a,n/a,n/a,n/a,,,,,,2,Eocene,37.2,0.4,Campbell et al. 1984,38.5,0.4,Ballard thesis,,,,Ballard_ 2001,Chile,,,,,,,,,,Fortuna Clara,,,,,,,66.9,16.4,3.11,,2.798378,1.29,3.54,4.66,3.02,0.42,0.16,0.02,,,,,,,,,99.59,,,,,,568,,,,,33.5,,,,,4.15,,1.63,0.82,0.74,,,,2.03,,1.91,,0.29,,,16.1,,0.14,,,,,6.34,15.5,,,7,,3.98,,108,,,,,,2.79,,608,0.41,0.27,,8.3,,,,2.38,,,8.74,0.9,,80,,,,,,,,,34.452438,,,,,,,,,,,,1
98-577,,Thesis,n/a,A COMPARATIVE STUDY BETWEEN THE GEOCHEMISTRY OF ORE-BEARING AND BARREN CALC-ALKALINE INTRUSIONS,PhD Thesis,Ballard,2001,Chuqui-El Abra,El Abra,Cu-Mo,CA,N/A,N/A,Codelco,n/a,n/a,n/a,n/a,n/a,n/a,,,,,,2,Eocene,37.2,0.4,Campbell et al. 1984,38.5,0.4,Ballard thesis,,,,Ballard_ 2001,Chile,,,,,,,,,,Fortuna Clara,,,,,,,68.4,15.4,2.95,,2.65441,1.67,3.35,4.1,3.3,0.42,0.14,0.04,,,,,,,,,99.79,,,,,,795,,,,,34.3,,,,,8.22,,2.19,1.2,0.73,,,,2.55,,3.01,,0.39,,,17,,0.2,,,,,8.2,16,,,9,,4.08,,135,,,,,,3.27,,604,0.82,0.35,,9.6,,,,3.28,,,10.65,1.29,,63,,,,,,,,,40.016103,,,,,,,,,,,,1
98-529,,Thesis,n/a,A COMPARATIVE STUDY BETWEEN THE GEOCHEMISTRY OF ORE-BEARING AND BARREN CALC-ALKALINE INTRUSIONS,PhD Thesis,Ballard,2001,Chuqui-El Abra,San Lorenzo Porphyries (El Abra),Cu-Mo,CA,Small,UNK,Codelco,n/a,n/a,n/a,n/a,n/a,n/a,,,,,,2,Eocene,37.2,0.4,Campbell et al. 1984,38,0.4,Ballard thesis,,,,Ballard_ 2001,Chile,,,,,,,,,,San Lorenzo Porphyry,,,,,,,64.6,16.5,4.14,,3.725172,1.62,3.78,3.95,3.28,0.5,0.19,0.05,,,,,,,,,98.62,,,,,,711,,,,,50.3,,,,,3.93,,2.07,1.09,0.87,,,,2.64,,3.49,,0.41,,,29.6,,0.18,,,,,7.16,20.2,,,7,,5.45,,97,,,,,,3.6,,675,0.65,0.35,,13.38,,,,2.65,,,11.04,1.17,,121,,,,,,,,,38.796516,,,,,,,,,,,,1
98-531,,Thesis,n/a,A COMPARATIVE STUDY BETWEEN THE GEOCHEMISTRY OF ORE-BEARING AND BARREN CALC-ALKALINE INTRUSIONS,PhD Thesis,Ballard,2001,Chuqui-El Abra,San Lorenzo Porphyries (El Abra),Cu-Mo,CA,Small,UNK,Codelco,n/a,n/a,n/a,n/a,n/a,n/a,,,,,,2,Eocene,37.2,0.4,Campbell et al. 1984,38,0.4,Ballard thesis,,,,Ballard_ 2001,Chile,,,,,,,,,,San Lorenzo Porphyry,,,,,,,66.7,16.2,3.23,,2.906354,1.36,3.62,4.19,3.13,0.45,0.16,0.04,,,,,,,,,99.06,,,,,,705,,,,,43.8,,,,,4.15,,1.92,1.02,0.81,,,,2.35,,3.11,,0.36,,,21.8,,0.17,,,,,7.7,18.3,,,11,,4.94,,87,,,,,,3.19,,606,0.76,0.31,,13.32,,,,4.01,,,10.49,1.17,,112,,,,,,,,,36.504065,,,,,,,,,,,,1
98-542,,Thesis,n/a,A COMPARATIVE STUDY BETWEEN THE GEOCHEMISTRY OF ORE-BEARING AND BARREN CALC-ALKALINE INTRUSIONS,PhD Thesis,Ballard,2001,Chuqui-El Abra,San Lorenzo Porphyries (El Abra),Cu-Mo,CA,Small,UNK,Codelco,n/a,n/a,n/a,n/a,n/a,n/a,,,,,,2,Eocene,37.2,0.4,Campbell et al. 1984,38,0.4,Ballard thesis,,,,Ballard_ 2001,Chile,,,,,,,,,,San Lorenzo Porphyry,,,,,,,65.4,16.7,3.17,,2.852366,1.3,3.04,4.81,2.67,0.42,0.19,0.03,,,,,,,,,97.78,,,,,,717,,,,,36,,,,,1.26,,1.37,0.68,0.69,,,,1.84,,2.8,,0.25,,,18.9,,0.11,,,,,6.63,15.6,,,11,,4.09,,55,,,,,,2.67,,726,0.45,0.23,,5.52,,,,1.79,,,7.54,0.72,,117,,,,,,,,,33.58714,,,,,,,,,,,,1
98-545,,Thesis,n/a,A COMPARATIVE STUDY BETWEEN THE GEOCHEMISTRY OF ORE-BEARING AND BARREN CALC-ALKALINE INTRUSIONS,PhD Thesis,Ballard,2001,Chuqui-El Abra,San Lorenzo Porphyries (El Abra),Cu-Mo,CA,Small,UNK,Codelco,n/a,n/a,n/a,n/a,n/a,n/a,,,,,,2,Eocene,37.2,0.4,Campbell et al. 1984,38,0.4,Ballard thesis,,,,Ballard_ 2001,Chile,,,,,,,,,,San Lorenzo Porphyry,,,,,,,70.8,15,2.09,,1.880582,0.73,2.1,4.21,3.95,0.26,0.09,0.05,,,,,,,,,99.34,,,,,,472,,,,,29.5,,,,,1.71,,1.06,0.57,0.45,,,,1.3,,2.76,,0.2,,,17.7,,0.13,,,,,6.48,10.4,,,9,,3,,125,,,,,,1.78,,459,0.58,0.17,,15.68,,,,7.02,,,5.8,0.74,,77,,,,,,,,,42.584167,,,,,,,,,,,,1
98-546,,Thesis,n/a,A COMPARATIVE STUDY BETWEEN THE GEOCHEMISTRY OF ORE-BEARING AND BARREN CALC-ALKALINE INTRUSIONS,PhD Thesis,Ballard,2001,Chuqui-El Abra,San Lorenzo Porphyries (El Abra),Cu-Mo,CA,Small,UNK,Codelco,n/a,n/a,n/a,n/a,n/a,n/a,,,,,,2,Eocene,37.2,0.4,Campbell et al. 1984,38,0.4,Ballard thesis,,,,Ballard_ 2001,Chile,,,,,,,,,,San Lorenzo Porphyry,,,,,,,68.4,16,2.83,,2.546434,0.91,3.11,4.54,3.32,0.37,0.15,0.06,,,,,,,,,99.69,,,,,,688,,,,,44.2,,,,,1.47,,1.52,0.8,0.73,,,,1.94,,3,,0.28,,,24.6,,0.13,,,,,6.78,17,,,11,,4.7,,73,,,,,,2.73,,584,0.6,0.26,,12.95,,,,4.3,,,7.8,0.88,,93,,,,,,,,,35.606061,,,,,,,,,,,,1
98-560,,Thesis,n/a,A COMPARATIVE STUDY BETWEEN THE GEOCHEMISTRY OF ORE-BEARING AND BARREN CALC-ALKALINE INTRUSIONS,PhD Thesis,Ballard,2001,Chuqui-El Abra,San Lorenzo Porphyries (El Abra),Cu-Mo,CA,Small,UNK,Codelco,n/a,n/a,n/a,n/a,n/a,n/a,,,,,,2,Eocene,37.2,0.4,Campbell et al. 1984,38,0.4,Ballard thesis,,,,Ballard_ 2001,Chile,,,,,,,,,,San Lorenzo Porphyry,,,,,,,65.4,19.9,3.87,,3.482226,0.62,0.51,1.96,3.17,0.9,0.07,,,,,,,,,,96.41,,,,,,439,,,,,60.4,,,,,5.75,,1.48,0.74,0.83,,,,2.24,,3.86,,0.25,,,30.9,,0.14,,,,,6.86,25.4,,,15,,6.79,,77,,,,,,4.06,,254,0.46,0.28,,11.76,,,,5.02,,,7.17,0.9,,140,,,,,,,,,60.543131,,,,,,,,,,,,1
98-562,,Thesis,n/a,A COMPARATIVE STUDY BETWEEN THE GEOCHEMISTRY OF ORE-BEARING AND BARREN CALC-ALKALINE INTRUSIONS,PhD Thesis,Ballard,2001,Chuqui-El Abra,San Lorenzo Porphyries (El Abra),Cu-Mo,CA,Small,UNK,Codelco,n/a,n/a,n/a,n/a,n/a,n/a,,,,,,2,Eocene,37.2,0.4,Campbell et al. 1984,38,0.4,Ballard thesis,,,,Ballard_ 2001,Chile,,,,,,,,,,San Lorenzo Porphyry,,,,,,,70.9,15.5,2.07,,1.862586,0.76,1.56,4.25,3.71,0.35,,0.02,,,,,,,,,99.03,,,,,,787,,,,,45.8,,,,,8.59,,2.24,1.26,0.54,,,,2.64,,5.14,,0.43,,,22.8,,0.23,,,,,8.59,18.3,,,5,,5.11,,162,,,,,,3.52,,419,0.8,0.39,,18.45,,,,4.39,,,12.79,1.58,,188,,,,,,,,,43.48249,,,,,,,,,,,,1
98-563,,Thesis,n/a,A COMPARATIVE STUDY BETWEEN THE GEOCHEMISTRY OF ORE-BEARING AND BARREN CALC-ALKALINE INTRUSIONS,PhD Thesis,Ballard,2001,Chuqui-El Abra,San Lorenzo Porphyries (El Abra),Cu-Mo,CA,Small,UNK,Codelco,n/a,n/a,n/a,n/a,n/a,n/a,,,,,,2,Eocene,37.2,0.4,Campbell et al. 1984,38,0.4,Ballard thesis,,,,Ballard_ 2001,Chile,,,,,,,,,,San Lorenzo Porphyry,,,,,,,69.9,15.6,2.33,,2.096534,0.85,2.7,4.12,3.46,0.32,0.09,0.04,,,,,,,,,99.42,,,,,,630,,,,,38,,,,,6.72,,1.75,0.98,0.56,,,,2.14,,3.19,,0.31,,,19.8,,0.16,,,,,6.73,14,,,13,,4.16,,112,,,,,,2.74,,377,0.68,0.27,,21.89,,,,4.41,,,9.28,1.2,,85,,,,,,,,,38.724169,,,,,,,,,,,,1
98-568,,Thesis,n/a,A COMPARATIVE STUDY BETWEEN THE GEOCHEMISTRY OF ORE-BEARING AND BARREN CALC-ALKALINE INTRUSIONS,PhD Thesis,Ballard,2001,Chuqui-El Abra,San Lorenzo Porphyries (El Abra),Cu-Mo,CA,Small,UNK,Codelco,n/a,n/a,n/a,n/a,n/a,n/a,,,,,,2,Eocene,37.2,0.4,Campbell et al. 1984,38,0.4,Ballard thesis,,,,Ballard_ 2001,Chile,,,,,,,,,,San Lorenzo Porphyry,,,,,,,64.3,15.9,8.43,,7.585314,0.41,0.58,4.66,3.35,0.6,0.13,0.01,,,,,,,,,98.33,,,,,,928,,,,,48.8,,,,,6.3,,1.16,0.67,0.47,,,,1.46,,4.57,,0.22,,,28.5,,0.13,,,,,8.65,16,,,62,,4.77,,110,,,,,,2.32,,357,0.72,0.19,,19.14,,,,3.11,,,6,0.89,,163,,,,,,,,,41.777778,,,,,,,,,,,,1
98-573,,Thesis,n/a,A COMPARATIVE STUDY BETWEEN THE GEOCHEMISTRY OF ORE-BEARING AND BARREN CALC-ALKALINE INTRUSIONS,PhD Thesis,Ballard,2001,Chuqui-El Abra,San Lorenzo Porphyries (El Abra),Cu-Mo,CA,Small,UNK,Codelco,n/a,n/a,n/a,n/a,n/a,n/a,,,,,,2,Eocene,37.2,0.4,Campbell et al. 1984,38,0.4,Ballard thesis,,,,Ballard_ 2001,Chile,,,,,,,,,,San Lorenzo Porphyry,,,,,,,68.1,16.1,2.79,,2.510442,1.29,2.24,3.11,4.84,0.41,0.14,0.03,,,,,,,,,99,,,,,,870,,,,,60.9,,,,,3.74,,1.12,0.59,0.56,,,,1.64,,2.73,,0.21,,,41.7,,0.09,,,,,6.19,18.1,,,9,,5.63,,121,,,,,,2.42,,403,0.71,0.19,,19.85,,,,4.15,,,6.42,0.6,,86,,,,,,,,,53.397213,,,,,,,,,,,,1
98-555,,Thesis,n/a,A COMPARATIVE STUDY BETWEEN THE GEOCHEMISTRY OF ORE-BEARING AND BARREN CALC-ALKALINE INTRUSIONS,PhD Thesis,Ballard,2001,Chuqui-El Abra,El Abra,Cu-Mo,CA,N/A,N/A,Codelco,n/a,n/a,n/a,n/a,n/a,n/a,,,,,,2,Eocene,37.2,0.4,Campbell et al. 1984,38.5,0.4,Ballard et al 2002,,,,Ballard_ 2001,Chile,,,,,,,,,,Fortuna Leucocratic intrusion,,,,,,,71.3,17.3,0.31,,0.278938,0.11,3,6.33,0.61,0.7,0.03,0.01,,,,,,,,,99.74,,,,,,179,,,,,74.2,,,,,1.15,,3.64,2.02,1.12,,,,4.47,,3.21,,0.71,,,30.5,,0.33,,,,,16.77,35.9,,,7,,9.27,,18,,,,,,6.5,,539,1.64,0.59,,5.33,,,,2.24,,,18.5,2.28,,116,,,,,,,,,7.164179,,,,,,,,,,,,1
98-557,,Thesis,n/a,A COMPARATIVE STUDY BETWEEN THE GEOCHEMISTRY OF ORE-BEARING AND BARREN CALC-ALKALINE INTRUSIONS,PhD Thesis,Ballard,2001,Chuqui-El Abra,El Abra,Cu-Mo,CA,N/A,N/A,Codelco,n/a,n/a,n/a,n/a,n/a,n/a,,,,,,2,Eocene,37.2,0.4,Campbell et al. 1984,38.5,0.4,Ballard et al 2002,,,,Ballard_ 2001,Chile,,,,,,,,,,Fortuna Leucocratic intrusion,,,,,,,77.5,12.2,0.79,,0.710842,0.12,0.61,2.76,6.01,0.12,,0.01,,,,,,,,,100.11,,,,,,98,,,,,67,,,,,4.12,,2.24,1.3,0.25,,,,2.74,,2.89,,0.44,,,33.5,,0.27,,,,,9.95,24.4,,,15,,7.19,,162,,,,,,3.95,,62,1.35,0.38,,50.82,,,,12.11,,,13.39,1.66,,59,,,,,,,,,64.526316,,,,,,,,,,,,1
98-558,,Thesis,n/a,A COMPARATIVE STUDY BETWEEN THE GEOCHEMISTRY OF ORE-BEARING AND BARREN CALC-ALKALINE INTRUSIONS,PhD Thesis,Ballard,2001,Chuqui-El Abra,El Abra,Cu-Mo,CA,N/A,N/A,Codelco,n/a,n/a,n/a,n/a,n/a,n/a,,,,,,2,Eocene,37.2,0.4,Campbell et al. 1984,38.5,0.4,Ballard et al 2002,,,,Ballard_ 2001,Chile,,,,,,,,,,Fortuna Leucocratic intrusion,,,,,,,76.4,12.4,0.95,,0.85481,0.39,0.83,3.05,5.27,0.24,0.04,0.01,,,,,,,,,99.67,,,,,,296,,,,,57.5,,,,,3.75,,2.23,1.41,0.34,,,,2.45,,3.43,,0.45,,,29.3,,0.29,,,,,11.31,20.2,,,14,,6.06,,144,,,,,,3.29,,115,1.36,0.35,,32.34,,,,6.84,,,13.91,1.86,,86,,,,,,,,,59.32914,,,,,,,,,,,,1
00-189,,Thesis,n/a,A COMPARATIVE STUDY BETWEEN THE GEOCHEMISTRY OF ORE-BEARING AND BARREN CALC-ALKALINE INTRUSIONS,PhD Thesis,Ballard,2001,Chuqui-El Abra,El Abra,Cu-Mo,CA,N/A,N/A,Codelco,n/a,n/a,n/a,n/a,n/a,n/a,,,,,,3,Eocene,37.2,0.4,Campbell et al. 1984,42.9,0.5,Ballard thesis,,,,Ballard_ 2001,Chile,,,,,,,,,,Pajonal Diorite,,,,,,,67.7,14.7,3.88,,3.491224,1.31,2.82,3.16,4.82,0.67,0.13,0.06,,,,,,,,,99.29,,,,,,621,,,,,72.6,,,,,8.71,,5.01,2.85,0.82,,,,4.72,,9.17,,0.98,,,33.3,,0.44,,,,,12.58,30.8,,,13,,8.17,,231,,,,,,5.82,,219,1.11,,,42.73,,,,10.77,,,27.46,2.89,,340,,,,,,,,,50.619323,,,,,,,,,,,,0
00-194,,Thesis,n/a,A COMPARATIVE STUDY BETWEEN THE GEOCHEMISTRY OF ORE-BEARING AND BARREN CALC-ALKALINE INTRUSIONS,PhD Thesis,Ballard,2001,Chuqui-El Abra,El Abra,Cu-Mo,CA,N/A,N/A,Codelco,n/a,n/a,n/a,n/a,n/a,n/a,,,,,,3,Eocene,37.2,0.4,Campbell et al. 1984,42.9,0.5,Ballard thesis,,,,Ballard_ 2001,Chile,,,,,,,,,,Pajonal Diorite,,,,,,,61,15.7,6.47,,5.821706,2.84,5.19,3.57,3.42,0.86,0.24,0.12,,,,,,,,,99.42,,,,,,557,,,,,86.1,,,,,11.82,,3.52,2.06,1.07,,,,6.13,,7.83,,0.69,,,39.1,,0.37,,,,,13.05,38.4,,,14,,9.95,,179,,,,,,7.42,,411,1.06,,,38.26,,,,11.51,,,19.93,2.47,,291,,,,,,,,,41.677763,,,,,,,,,,,,0
00-196,,Thesis,n/a,A COMPARATIVE STUDY BETWEEN THE GEOCHEMISTRY OF ORE-BEARING AND BARREN CALC-ALKALINE INTRUSIONS,PhD Thesis,Ballard,2001,Chuqui-El Abra,El Abra,Cu-Mo,CA,N/A,N/A,Codelco,n/a,n/a,n/a,n/a,n/a,n/a,,,,,,3,Eocene,37.2,0.4,Campbell et al. 1984,42.9,0.5,Ballard thesis,,,,Ballard_ 2001,Chile,,,,,,,,,,Pajonal Diorite,,,,,,,63.4,15.7,5.23,,4.705954,2.02,3.91,3.63,4.27,0.85,0.18,0.09,,,,,,,,,99.26,,,,,,617,,,,,69,,,,,6.4,,4.23,2.43,0.94,,,,4.84,,8.32,,0.84,,,31.6,,0.37,,,,,13.01,30.4,,,15,,7.83,,148,,,,,,5.68,,315,1.02,,,28.09,,,,8.51,,,23.53,2.53,,330,,,,,,,,,45.480839,,,,,,,,,,,,0
00-197,,Thesis,n/a,A COMPARATIVE STUDY BETWEEN THE GEOCHEMISTRY OF ORE-BEARING AND BARREN CALC-ALKALINE INTRUSIONS,PhD Thesis,Ballard,2001,Chuqui-El Abra,El Abra,Cu-Mo,CA,N/A,N/A,Codelco,n/a,n/a,n/a,n/a,n/a,n/a,,,,,,3,Eocene,37.2,0.4,Campbell et al. 1984,42.9,0.5,Ballard thesis,,,,Ballard_ 2001,Chile,,,,,,,,,,Pajonal Diorite,,,,,,,65,15.6,4.6,,4.13908,1.61,3.26,3.63,4.54,0.79,0.17,0.06,,,,,,,,,99.24,,,,,,585,,,,,61.7,,,,,8.54,,5.43,2.99,0.86,,,,4.35,,8.43,,1.06,,,28.8,,0.46,,,,,13.26,27.8,,,15,,7.25,,180,,,,,,5.43,,282,1.11,,,32.97,,,,7.69,,,29.56,3.18,,317,,,,,,,,,47.162577,,,,,,,,,,,,0
00-199,,Thesis,n/a,A COMPARATIVE STUDY BETWEEN THE GEOCHEMISTRY OF ORE-BEARING AND BARREN CALC-ALKALINE INTRUSIONS,PhD Thesis,Ballard,2001,Chuqui-El Abra,El Abra,Cu-Mo,CA,N/A,N/A,Codelco,n/a,n/a,n/a,n/a,n/a,n/a,,,,,,3,Eocene,37.2,0.4,Campbell et al. 1984,42.9,0.5,Ballard thesis,,,,Ballard_ 2001,Chile,,,,,,,,,,Pajonal Diorite,,,,,,,60.9,15.9,5.89,,5.299822,2.44,4.52,3.62,4.04,0.93,0.21,0.1,,,,,,,,,98.63,,,,,,659,,,,,64.6,,,,,6.67,,4.33,2.46,1.03,,,,4.78,,6.27,,0.84,,,29.7,,0.36,,,,,12.81,29.3,,,16,,7.6,,153,,,,,,5.74,,364,0.96,,,24.16,,,,6.35,,,23.7,2.56,,242,,,,,,,,,44.322845,,,,,,,,,,,,0
00-200,,Thesis,n/a,A COMPARATIVE STUDY BETWEEN THE GEOCHEMISTRY OF ORE-BEARING AND BARREN CALC-ALKALINE INTRUSIONS,PhD Thesis,Ballard,2001,Chuqui-El Abra,El Abra,Cu-Mo,CA,N/A,N/A,Codelco,n/a,n/a,n/a,n/a,n/a,n/a,,,,,,3,Eocene,37.2,0.4,Campbell et al. 1984,42.9,0.5,Ballard thesis,,,,Ballard_ 2001,Chile,,,,,,,,,,Pajonal Diorite,,,,,,,58.2,15.9,6.4,,5.75872,3.9,5.35,4.66,3.68,0.84,0.25,0.07,,,,,,,,,99.24,,,,,,610,,,,,60.4,,,,,4.24,,4.07,2.19,1,,,,4.02,,4.99,,0.79,,,28.8,,0.33,,,,,8.29,26.7,,,6,,6.94,,130,,,,,,4.97,,388,0.69,,,26.42,,,,7.12,,,21.5,2.34,,183,,,,,,,,,43.092666,,,,,,,,,,,,0
00-127,,Thesis,n/a,A COMPARATIVE STUDY BETWEEN THE GEOCHEMISTRY OF ORE-BEARING AND BARREN CALC-ALKALINE INTRUSIONS,PhD Thesis,Ballard,2001,Chuqui-El Abra,El Abra,Cu-Mo,CA,N/A,N/A,Codelco,n/a,n/a,n/a,n/a,n/a,n/a,,,,,,3,Eocene,37.2,0.4,Campbell et al. 1984,40.6,0.3,Ballard thesis,,,,Ballard_ 2001,Chile,,,,,,,,,,Central Diorite,,,,,,,62.7,17.4,5.24,,4.714952,2.61,3.87,3.64,2.48,0.72,0.23,0.05,,,,,,,,,99,,,,,,598,,,,,45.1,,,,,3.8,,2.95,1.7,0.89,,,,2.99,,4.1,,0.59,,,22,,0.24,,,,,8.05,19.8,,,9,,5.12,,89,,,,,,3.72,,481,0.61,,,12.99,,,,4.18,,,15.7,1.71,,150,,,,,,,,,40.396825,,,,,,,,,,,,0
00-128,,Thesis,n/a,A COMPARATIVE STUDY BETWEEN THE GEOCHEMISTRY OF ORE-BEARING AND BARREN CALC-ALKALINE INTRUSIONS,PhD Thesis,Ballard,2001,Chuqui-El Abra,El Abra,Cu-Mo,CA,N/A,N/A,Codelco,n/a,n/a,n/a,n/a,n/a,n/a,,,,,,3,Eocene,37.2,0.4,Campbell et al. 1984,40.6,0.3,Ballard thesis,,,,Ballard_ 2001,Chile,,,,,,,,,,Central Diorite,,,,,,,69.1,15.2,2.79,,2.510442,1.7,1.41,3.19,4.57,0.84,0.16,0.01,,,,,,,,,98.99,,,,,,618,,,,,60.8,,,,,4.47,,3.15,1.65,0.78,,,,4.03,,4.27,,0.6,,,27.8,,0.24,,,,,11.66,25.8,,,12,,6.84,,105,,,,,,4.85,,276,0.94,,,25.25,,,,5.58,,,15.73,1.76,,161,,,,,,,,,57.681693,,,,,,,,,,,,0
00-135,,Thesis,n/a,A COMPARATIVE STUDY BETWEEN THE GEOCHEMISTRY OF ORE-BEARING AND BARREN CALC-ALKALINE INTRUSIONS,PhD Thesis,Ballard,2001,Chuqui-El Abra,El Abra,Cu-Mo,CA,N/A,N/A,Codelco,n/a,n/a,n/a,n/a,n/a,n/a,,,,,,3,Eocene,37.2,0.4,Campbell et al. 1984,40.6,0.3,Ballard thesis,,,,Ballard_ 2001,Chile,,,,,,,,,,Central Diorite,,,,,,,65.4,15.6,4.63,,4.166074,2.07,2.42,3.41,4.2,0.85,0.24,0.02,,,,,,,,,98.88,,,,,,599,,,,,63.3,,,,,5.31,,2.57,1.43,0.92,,,,4.63,,7.3,,0.5,,,28.9,,0.21,,,,,10.73,28.2,,,10,,7.34,,132,,,,,,5.32,,266,0.84,,,26.67,,,,7.26,,,13.94,1.49,,282,,,,,,,,,51.818182,,,,,,,,,,,,0
00-136,,Thesis,n/a,A COMPARATIVE STUDY BETWEEN THE GEOCHEMISTRY OF ORE-BEARING AND BARREN CALC-ALKALINE INTRUSIONS,PhD Thesis,Ballard,2001,Chuqui-El Abra,El Abra,Cu-Mo,CA,N/A,N/A,Codelco,n/a,n/a,n/a,n/a,n/a,n/a,,,,,,3,Eocene,37.2,0.4,Campbell et al. 1984,40.6,0.3,Ballard thesis,,,,Ballard_ 2001,Chile,,,,,,,,,,Central Diorite,,,,,,,64.2,15.2,5.95,,5.35381,2.64,3.55,3.57,2.73,0.74,0.21,0.09,,,,,,,,,98.86,,,,,,650,,,,,50.4,,,,,2.49,,3.68,1.94,0.94,,,,3.71,,4.69,,0.67,,,23.5,,0.28,,,,,8.19,23.2,,,6,,5.87,,70,,,,,,4.5,,380,0.58,,,11.36,,,,3.03,,,18.8,2.02,,184,,,,,,,,,42.994396,,,,,,,,,,,,0
00-178,,Thesis,n/a,A COMPARATIVE STUDY BETWEEN THE GEOCHEMISTRY OF ORE-BEARING AND BARREN CALC-ALKALINE INTRUSIONS,PhD Thesis,Ballard,2001,Chuqui-El Abra,El Abra,Cu-Mo,CA,N/A,N/A,Codelco,n/a,n/a,n/a,n/a,n/a,n/a,,,,,,3,Eocene,37.2,0.4,Campbell et al. 1984,40.6,0.3,Ballard thesis,,,,Ballard_ 2001,Chile,,,,,,,,,,Central Diorite,,,,,,,59.8,18.8,5.84,,5.254832,3.62,4.21,3.37,2.14,0.92,0.26,0.05,,,,,,,,,99,,,,,,487,,,,,47.2,,,,,3.3,,4.25,2.26,1.15,,,,3.59,,3.51,,0.81,,,22.7,,0.33,,,,,8.85,22.7,,,8,,5.57,,78,,,,,,4.37,,461,0.53,,,8.97,,,,2.58,,,23.21,2.26,,140,,,,,,,,,43.178411,,,,,,,,,,,,0
00-186,,Thesis,n/a,A COMPARATIVE STUDY BETWEEN THE GEOCHEMISTRY OF ORE-BEARING AND BARREN CALC-ALKALINE INTRUSIONS,PhD Thesis,Ballard,2001,Chuqui-El Abra,El Abra,Cu-Mo,CA,N/A,N/A,Codelco,n/a,n/a,n/a,n/a,n/a,n/a,,,,,,3,Eocene,37.2,0.4,Campbell et al. 1984,40.6,0.3,Ballard thesis,,,,Ballard_ 2001,Chile,,,,,,,,,,Central Diorite,,,,,,,63.5,17.7,5.44,,4.894912,2.56,2.99,3.57,2.23,0.79,0.19,0.03,,,,,,,,,99,,,,,,462,,,,,72.9,,,,,4.86,,3.14,1.74,1,,,,3.48,,5.09,,0.61,,,38.6,,0.26,,,,,9.61,26.4,,,9,,7.52,,108,,,,,,4.52,,489,0.76,,,18.59,,,,5.61,,,16.49,1.74,,193,,,,,,,,,42.202643,,,,,,,,,,,,0
00-142,,Thesis,n/a,A COMPARATIVE STUDY BETWEEN THE GEOCHEMISTRY OF ORE-BEARING AND BARREN CALC-ALKALINE INTRUSIONS,PhD Thesis,Ballard,2001,Chuqui-El Abra,El Abra,Cu-Mo,CA,N/A,N/A,Codelco,n/a,n/a,n/a,n/a,n/a,n/a,,,,,,3,Eocene,37.2,0.4,Campbell et al. 1984,40.2,0.5,Ballard thesis,,,,Ballard_ 2001,Chile,,,,,,,,,,Dark Diorite,,,,,,,56.3,17.9,8.04,,7.234392,4.2,5.04,3.13,2.9,0.98,0.29,0.15,,,,,,,,,98.93,,,,,,574,,,,,53.3,,,,,8.2,,4.25,2.36,0.98,,,,3.85,,3.18,,0.84,,,25.4,,0.36,,,,,7.09,24.5,,,5,,6.21,,112,,,,,,4.64,,1181,0.46,,,8.91,,,,2.58,,,22.88,2.38,,123,,,,,,,,,46.496398,,,,,,,,,,,,0
00-145,,Thesis,n/a,A COMPARATIVE STUDY BETWEEN THE GEOCHEMISTRY OF ORE-BEARING AND BARREN CALC-ALKALINE INTRUSIONS,PhD Thesis,Ballard,2001,Chuqui-El Abra,El Abra,Cu-Mo,CA,N/A,N/A,Codelco,n/a,n/a,n/a,n/a,n/a,n/a,,,,,,3,Eocene,37.2,0.4,Campbell et al. 1984,40.2,0.5,Ballard thesis,,,,Ballard_ 2001,Chile,,,,,,,,,,Dark Diorite,,,,,,,57.5,19.2,7.99,,7.189402,3.58,4.57,3.16,1.9,0.88,0.23,0.05,,,,,,,,,98.99,,,,,,503,,,,,30.6,,,,,6.28,,3.59,1.93,0.88,,,,2.14,,2.81,,0.7,,,15.4,,0.27,,,,,5.08,14.6,,,4,,3.52,,72,,,,,,2.81,,566,0.32,,,4.62,,,,1.55,,,18.94,1.96,,111,,,,,,,,,41.483724,,,,,,,,,,,,0
00-160,,Thesis,n/a,A COMPARATIVE STUDY BETWEEN THE GEOCHEMISTRY OF ORE-BEARING AND BARREN CALC-ALKALINE INTRUSIONS,PhD Thesis,Ballard,2001,Chuqui-El Abra,El Abra,Cu-Mo,CA,N/A,N/A,Codelco,n/a,n/a,n/a,n/a,n/a,n/a,,,,,,3,Eocene,37.2,0.4,Campbell et al. 1984,40.2,0.5,Ballard thesis,,,,Ballard_ 2001,Chile,,,,,,,,,,Dark Diorite,,,,,,,54.4,18.1,8.86,,7.972228,4.65,6.67,3.64,1.41,0.86,0.23,0.14,,,,,,,,,99,,,,,,411,,,,,33.7,,,,,4,,3.14,1.6,0.95,,,,3.31,,1.96,,0.58,,,16.7,,0.24,,,,,4.33,17.4,,,4,,4.08,,69,,,,,,3.61,,650,0.27,,,3.3,,,,1.11,,,15.95,1.61,,71,,,,,,,,,37.018937,,,,,,,,,,,,0
00-181,,Thesis,n/a,A COMPARATIVE STUDY BETWEEN THE GEOCHEMISTRY OF ORE-BEARING AND BARREN CALC-ALKALINE INTRUSIONS,PhD Thesis,Ballard,2001,Chuqui-El Abra,El Abra,Cu-Mo,CA,N/A,N/A,Codelco,n/a,n/a,n/a,n/a,n/a,n/a,,,,,,3,Eocene,37.2,0.4,Campbell et al. 1984,40.2,0.5,Ballard thesis,,,,Ballard_ 2001,Chile,,,,,,,,,,Dark Diorite,,,,,,,66.4,15.4,4.3,,3.86914,1.77,2.13,3.46,4.03,0.79,0.16,0.02,,,,,,,,,98.45,,,,,,671,,,,,65.9,,,,,4.56,,3.32,1.8,0.87,,,,4.62,,7.27,,0.62,,,29.6,,0.26,,,,,13.17,29.9,,,12,,7.67,,128,,,,,,5.74,,270,1.02,,,31.95,,,,9.36,,,17.73,1.84,,281,,,,,,,,,50.921861,,,,,,,,,,,,0
00-184,,Thesis,n/a,A COMPARATIVE STUDY BETWEEN THE GEOCHEMISTRY OF ORE-BEARING AND BARREN CALC-ALKALINE INTRUSIONS,PhD Thesis,Ballard,2001,Chuqui-El Abra,El Abra,Cu-Mo,CA,N/A,N/A,Codelco,n/a,n/a,n/a,n/a,n/a,n/a,,,,,,3,Eocene,37.2,0.4,Campbell et al. 1984,40.2,0.5,Ballard thesis,,,,Ballard_ 2001,Chile,,,,,,,,,,Dark Diorite,,,,,,,56.3,19.3,6.76,,6.082648,5.2,3.88,4,2.38,0.94,0.26,0.06,,,,,,,,,99,,,,,,335,,,,,50,,,,,14.75,,1.85,1.03,1.04,,,,3.51,,2.19,,0.34,,,26.5,,0.16,,,,,5.32,21.6,,,8,,5.59,,188,,,,,,4.31,,505,0.29,,,5.26,,,,2.6,,,9.8,1.01,,82,,,,,,,,,49.029754,,,,,,,,,,,,0
00-139,,Thesis,n/a,A COMPARATIVE STUDY BETWEEN THE GEOCHEMISTRY OF ORE-BEARING AND BARREN CALC-ALKALINE INTRUSIONS,PhD Thesis,Ballard,2001,Chuqui-El Abra,El Abra,Cu-Mo,CA,N/A,N/A,Codelco,n/a,n/a,n/a,n/a,n/a,n/a,,,,,,3,Eocene,37.2,0.4,Campbell et al. 1984,38.5,0.4,Ballard thesis,,,,Ballard_ 2001,Chile,,,,,,,,,,Equis Monzodiorite,,,,,,,64,17.3,5.06,,4.552988,1.87,3,3.72,3.16,0.71,0.19,0.02,,,,,,,,,99,,,,,,670,,,,,45.7,,,,,6.8,,4.14,2.29,0.99,,,,3.56,,4.7,,0.81,,,23,,0.33,,,,,8.51,20,,,10,,5.08,,122,,,,,,3.87,,458,0.71,,,19.9,,,,7.99,,,22.5,2.33,,181,,,,,,,,,42.808511,,,,,,,,,,,,1
00-141,,Thesis,n/a,A COMPARATIVE STUDY BETWEEN THE GEOCHEMISTRY OF ORE-BEARING AND BARREN CALC-ALKALINE INTRUSIONS,PhD Thesis,Ballard,2001,Chuqui-El Abra,El Abra,Cu-Mo,CA,N/A,N/A,Codelco,n/a,n/a,n/a,n/a,n/a,n/a,,,,,,3,Eocene,37.2,0.4,Campbell et al. 1984,38.5,0.4,Ballard thesis,,,,Ballard_ 2001,Chile,,,,,,,,,,Equis Monzodiorite,,,,,,,66.1,15.3,4.12,,3.707176,2.3,2.17,3.51,4.22,0.85,0.18,0.04,,,,,,,,,98.85,,,,,,574,,,,,70.4,,,,,6.27,,2.95,1.7,0.91,,,,4.72,,8.19,,0.57,,,32.4,,0.26,,,,,13.11,30.5,,,9,,7.98,,140,,,,,,5.71,,257,1.06,,,31.24,,,,8.76,,,15.25,1.73,,309,,,,,,,,,53.442623,,,,,,,,,,,,1
00-146,,Thesis,n/a,A COMPARATIVE STUDY BETWEEN THE GEOCHEMISTRY OF ORE-BEARING AND BARREN CALC-ALKALINE INTRUSIONS,PhD Thesis,Ballard,2001,Chuqui-El Abra,El Abra,Cu-Mo,CA,N/A,N/A,Codelco,n/a,n/a,n/a,n/a,n/a,n/a,,,,,,3,Eocene,37.2,0.4,Campbell et al. 1984,38.5,0.4,Ballard thesis,,,,Ballard_ 2001,Chile,,,,,,,,,,Equis Monzodiorite,,,,,,,65.3,17.5,4.97,,4.472006,1.84,2.01,3.35,3.06,0.65,0.29,0.01,,,,,,,,,98.97,,,,,,811,,,,,56.1,,,,,21.35,,3.16,1.68,1.09,,,,3.72,,4.65,,0.61,,,27.7,,0.25,,,,,10.4,23.6,,,11,,6.18,,240,,,,,,4.67,,406,0.85,,,17.17,,,,5.4,,,16.58,1.73,,162,,,,,,,,,47.758285,,,,,,,,,,,,1
00-151,,Thesis,n/a,A COMPARATIVE STUDY BETWEEN THE GEOCHEMISTRY OF ORE-BEARING AND BARREN CALC-ALKALINE INTRUSIONS,PhD Thesis,Ballard,2001,Chuqui-El Abra,El Abra,Cu-Mo,CA,N/A,N/A,Codelco,n/a,n/a,n/a,n/a,n/a,n/a,,,,,,3,Eocene,37.2,0.4,Campbell et al. 1984,38.5,0.4,Ballard thesis,,,,Ballard_ 2001,Chile,,,,,,,,,,Equis Monzodiorite,,,,,,,70.9,14.7,1.69,,1.520662,0.84,1.54,3.61,4.61,0.35,0.04,0.01,,,,,,,,,98.23,,,,,,466,,,,,53.2,,,,,2.29,,4.35,2.39,0.65,,,,2.94,,3.6,,0.84,,,22.9,,0.36,,,,,10.96,21.7,,,3,,5.88,,95,,,,,,3.91,,276,1.27,,,37.56,,,,11.25,,,23.31,2.45,,103,,,,,,,,,51.415094,,,,,,,,,,,,1
00-155,,Thesis,n/a,A COMPARATIVE STUDY BETWEEN THE GEOCHEMISTRY OF ORE-BEARING AND BARREN CALC-ALKALINE INTRUSIONS,PhD Thesis,Ballard,2001,Chuqui-El Abra,El Abra,Cu-Mo,CA,N/A,N/A,Codelco,n/a,n/a,n/a,n/a,n/a,n/a,,,,,,3,Eocene,37.2,0.4,Campbell et al. 1984,38.5,0.4,Ballard thesis,,,,Ballard_ 2001,Chile,,,,,,,,,,Equis Monzodiorite,,,,,,,69.4,14.8,3.22,,2.897356,1.15,2.13,3.49,4.13,0.38,0.12,0.04,,,,,,,,,98.77,,,,,,625,,,,,64,,,,,8.82,,2.98,1.61,0.71,,,,2.66,,5.04,,0.57,,,28.6,,0.25,,,,,9.67,25.7,,,7,,7.09,,163,,,,,,4.17,,317,1.01,,,29.54,,,,10.11,,,15.91,1.61,,166,,,,,,,,,48.440367,,,,,,,,,,,,1
00-173,,Thesis,n/a,A COMPARATIVE STUDY BETWEEN THE GEOCHEMISTRY OF ORE-BEARING AND BARREN CALC-ALKALINE INTRUSIONS,PhD Thesis,Ballard,2001,Chuqui-El Abra,El Abra,Cu-Mo,CA,N/A,N/A,Codelco,n/a,n/a,n/a,n/a,n/a,n/a,,,,,,3,Eocene,37.2,0.4,Campbell et al. 1984,38.5,0.4,Ballard thesis,,,,Ballard_ 2001,Chile,,,,,,,,,,Equis Monzodiorite,,,,,,,69.1,15.7,3.11,,2.798378,1.74,1.1,3.05,4.26,0.79,0.14,0.01,,,,,,,,,99,,,,,,753,,,,,58.3,,,,,4.02,,2.68,1.65,1.05,,,,5.09,,6.29,,0.54,,,26.9,,0.28,,,,,11.45,25.1,,,13,,6.58,,130,,,,,,5.25,,245,0.86,,,32.82,,,,7.21,,,15.86,1.86,,246,,,,,,,,,59.1133,,,,,,,,,,,,1
00-122,,Thesis,n/a,A COMPARATIVE STUDY BETWEEN THE GEOCHEMISTRY OF ORE-BEARING AND BARREN CALC-ALKALINE INTRUSIONS,PhD Thesis,Ballard,2001,Chuqui-El Abra,El Abra,Cu-Mo,CA,N/A,N/A,Codelco,n/a,n/a,n/a,n/a,n/a,n/a,,,,,,2,Eocene,37.2,0.4,Campbell et al. 1984,38,0.3,Ballard thesis,,,,Ballard_ 2001,Chile,,,,,,,,,,South Granodiorite,,,,,,,68.4,15.7,3.35,,3.01433,1.33,2.96,3.7,3.41,0.41,0.14,0.04,,,,,,,,,99.44,,,,,,685,,,,,25,,,,,3.81,,2.13,1.28,0.48,,,,1.16,,2.56,,0.41,,,14.6,,0.24,,,,,4.33,9.1,,,7,,2.5,,83,,,,,,1.54,,474,0.39,,,6.9,,,,2.93,,,12.18,1.58,,86,,,,,,,,,41.578947,,,,,,,,,,,,1
00-126,,Thesis,n/a,A COMPARATIVE STUDY BETWEEN THE GEOCHEMISTRY OF ORE-BEARING AND BARREN CALC-ALKALINE INTRUSIONS,PhD Thesis,Ballard,2001,Chuqui-El Abra,El Abra,Cu-Mo,CA,N/A,N/A,Codelco,n/a,n/a,n/a,n/a,n/a,n/a,,,,,,2,Eocene,37.2,0.4,Campbell et al. 1985,38,0.3,Ballard thesis,,,,Ballard_ 2001,Chile,,,,,,,,,,South Granodiorite,,,,,,,57.4,22.7,2.99,,2.690402,4.94,3.18,0.63,4.66,0.58,0.19,0.61,,,,,,,,,97.88,,,,,,405,,,,,50.1,,,,,8.8,,5,2.8,0.89,,,,2.36,,3.37,,0.99,,,26.2,,0.38,,,,,5.97,19.5,,,54,,5.29,,286,,,,,,3.2,,88,0.48,,,7.49,,,,1.31,,,29.7,2.75,,125,,,,,,,,,71.588367,,,,,,,,,,,,1
00-130,,Thesis,n/a,A COMPARATIVE STUDY BETWEEN THE GEOCHEMISTRY OF ORE-BEARING AND BARREN CALC-ALKALINE INTRUSIONS,PhD Thesis,Ballard,2001,Chuqui-El Abra,El Abra,Cu-Mo,CA,N/A,N/A,Codelco,n/a,n/a,n/a,n/a,n/a,n/a,,,,,,2,Eocene,37.2,0.4,Campbell et al. 1986,38,0.3,Ballard thesis,,,,Ballard_ 2001,Chile,,,,,,,,,,South Granodiorite,,,,,,,64.9,16.5,4.04,,3.635192,1.88,3.64,4.36,2.74,0.58,0.21,0.04,,,,,,,,,98.88,,,,,,749,,,,,48.6,,,,,3.33,,0.91,0.5,0.86,,,,2.77,,2.04,,0.16,,,23.9,,0.1,,,,,8.59,20,,,7,,5.31,,79,,,,,,3.39,,605,0.68,,,7.68,,,,2.82,,,4.96,0.57,,70,,,,,,,,,36.608558,,,,,,,,,,,,1
00-156,,Thesis,n/a,A COMPARATIVE STUDY BETWEEN THE GEOCHEMISTRY OF ORE-BEARING AND BARREN CALC-ALKALINE INTRUSIONS,PhD Thesis,Ballard,2001,Chuqui-El Abra,El Abra,Cu-Mo,CA,N/A,N/A,Codelco,n/a,n/a,n/a,n/a,n/a,n/a,,,,,,2,Eocene,37.2,0.4,Campbell et al. 1987,38,0.3,Ballard thesis,,,,Ballard_ 2001,Chile,,,,,,,,,,South Granodiorite,,,,,,,65.7,16.8,3.52,,3.167296,1.94,3.29,4.28,2.6,0.52,0.19,0.04,,,,,,,,,98.83,,,,,,693,,,,,32.8,,,,,2.43,,1.9,1.02,0.68,,,,1.73,,2.74,,0.34,,,17.4,,0.18,,,,,5.73,13.4,,,11,,3.57,,69,,,,,,2.34,,553,0.47,,,8.73,,,,2.99,,,9.83,1.16,,99,,,,,,,,,37.489678,,,,,,,,,,,,1
00-159,,Thesis,n/a,A COMPARATIVE STUDY BETWEEN THE GEOCHEMISTRY OF ORE-BEARING AND BARREN CALC-ALKALINE INTRUSIONS,PhD Thesis,Ballard,2001,Chuqui-El Abra,El Abra,Cu-Mo,CA,N/A,N/A,Codelco,n/a,n/a,n/a,n/a,n/a,n/a,,,,,,2,Eocene,37.2,0.4,Campbell et al. 1988,38,0.3,Ballard thesis,,,,Ballard_ 2001,Chile,,,,,,,,,,South Granodiorite,,,,,,,66.7,16.8,2.57,,2.312486,1.56,3.3,4.5,2.45,0.51,0.19,0.02,,,,,,,,,98.6,,,,,,654,,,,,41.1,,,,,2.65,,2.51,1.27,0.83,,,,2.18,,3.12,,0.46,,,20.3,,0.19,,,,,7.06,17.2,,,4,,4.58,,67,,,,,,2.92,,610,0.5,,,7.61,,,,2.59,,,12.93,1.36,,114,,,,,,,,,33.954276,,,,,,,,,,,,1
00-162,,Thesis,n/a,A COMPARATIVE STUDY BETWEEN THE GEOCHEMISTRY OF ORE-BEARING AND BARREN CALC-ALKALINE INTRUSIONS,PhD Thesis,Ballard,2001,Chuqui-El Abra,El Abra,Cu-Mo,CA,N/A,N/A,Codelco,n/a,n/a,n/a,n/a,n/a,n/a,,,,,,2,Eocene,37.2,0.4,Campbell et al. 1989,38,0.3,Ballard thesis,,,,Ballard_ 2001,Chile,,,,,,,,,,South Granodiorite,,,,,,,65.7,16.8,2.94,,2.645412,1.34,3.21,4.38,2.98,0.45,0.19,0.04,,,,,,,,,98.04,,,,,,788,,,,,44,,,,,5.22,,1.4,0.73,0.87,,,,2.06,,2.14,,0.27,,,22.3,,0.13,,,,,8.59,17.1,,,8,,4.72,,87,,,,,,2.87,,698,0.69,,,7.73,,,,3.06,,,7.65,0.84,,72,,,,,,,,,36.27204,,,,,,,,,,,,1
00-123,,Thesis,n/a,A COMPARATIVE STUDY BETWEEN THE GEOCHEMISTRY OF ORE-BEARING AND BARREN CALC-ALKALINE INTRUSIONS,PhD Thesis,Ballard,2001,Chuqui-El Abra,El Abra,Cu-Mo,CA,Large,8.79,Codelco,n/a,n/a,n/a,n/a,n/a,n/a,,,,,,1,Eocene,37.2,0.4,Campbell et al. 1990,37.4,0.3,Ballard thesis,,,,Ballard_ 2001,Chile,,,,,,,,,,El Abra mine porphyry,,,,,,,67.5,16.6,2.49,,2.240502,1.92,2.1,4.03,3.5,0.49,0.14,0.04,,,,,,,,,98.81,,,,,,715,,,,,32.2,,,,,5.16,,1.72,0.95,0.75,,,,2.12,,3.61,,0.32,,,14.9,,0.15,,,,,7.03,15.3,,,6,,3.8,,120,,,,,,2.41,,407,0.56,,,10.92,,,,4.37,,,9.27,0.98,,136,,,,,,,,,46.926407,,,,,,,,,,,,1
00-138,,Thesis,n/a,A COMPARATIVE STUDY BETWEEN THE GEOCHEMISTRY OF ORE-BEARING AND BARREN CALC-ALKALINE INTRUSIONS,PhD Thesis,Ballard,2001,Chuqui-El Abra,El Abra,Cu-Mo,CA,Large,8.79,Codelco,n/a,n/a,n/a,n/a,n/a,n/a,,,,,,1,Eocene,37.2,0.4,Campbell et al. 1991,37.4,0.3,Ballard thesis,,,,Ballard_ 2001,Chile,,,,,,,,,,El Abra mine porphyry,,,,,,,66.7,16.9,2.83,,2.546434,1.25,3.07,4.55,2.66,0.4,0.17,0.04,,,,,,,,,98.64,,,,,,758,,,,,40.9,,,,,1.37,,1.61,0.87,0.72,,,,1.71,,2.62,,0.29,,,21.1,,0.15,,,,,5.92,16.1,,,9,,4.36,,46,,,,,,2.56,,632,0.47,,,5.29,,,,1.24,,,8.61,0.97,,95,,,,,,,,,33.911535,,,,,,,,,,,,1
00-140,,Thesis,n/a,A COMPARATIVE STUDY BETWEEN THE GEOCHEMISTRY OF ORE-BEARING AND BARREN CALC-ALKALINE INTRUSIONS,PhD Thesis,Ballard,2001,Chuqui-El Abra,El Abra,Cu-Mo,CA,Large,8.79,Codelco,n/a,n/a,n/a,n/a,n/a,n/a,,,,,,1,Eocene,37.2,0.4,Campbell et al. 1992,37.4,0.3,Ballard thesis,,,,Ballard_ 2001,Chile,,,,,,,,,,El Abra mine porphyry,,,,,,,70.4,17,2.16,,1.943568,0.7,2.14,4.95,3.11,0.32,0.08,0.01,,,,,,,,,100.83,,,,,,952,,,,,40.5,,,,,1.25,,1.53,0.94,0.87,,,,2.11,,1.98,,0.28,,,20.7,,0.13,,,,,5.97,15.3,,,7,,4.3,,50,,,,,,2.7,,680,0.56,,,6.59,,,,2.34,,,9.99,0.99,,71,,,,,,,,,34.954128,,,,,,,,,,,,1
00-144,,Thesis,n/a,A COMPARATIVE STUDY BETWEEN THE GEOCHEMISTRY OF ORE-BEARING AND BARREN CALC-ALKALINE INTRUSIONS,PhD Thesis,Ballard,2001,Chuqui-El Abra,El Abra,Cu-Mo,CA,Large,8.79,Codelco,n/a,n/a,n/a,n/a,n/a,n/a,,,,,,1,Eocene,37.2,0.4,Campbell et al. 1993,37.4,0.3,Ballard thesis,,,,Ballard_ 2001,Chile,,,,,,,,,,El Abra mine porphyry,,,,,,,68,16.4,2.38,,2.141524,0.8,2.33,4.63,3.11,0.34,0.11,0.02,,,,,,,,,98.07,,,,,,855,,,,,41.2,,,,,0.97,,1.26,0.63,0.72,,,,1.74,,3.11,,0.22,,,21.6,,0.09,,,,,6.26,15.8,,,9,,4.4,,39,,,,,,2.43,,618,0.54,,,6.46,,,,1.87,,,6.61,0.67,,113,,,,,,,,,35.970561,,,,,,,,,,,,1
00-168,,Thesis,n/a,A COMPARATIVE STUDY BETWEEN THE GEOCHEMISTRY OF ORE-BEARING AND BARREN CALC-ALKALINE INTRUSIONS,PhD Thesis,Ballard,2001,Chuqui-El Abra,El Abra,Cu-Mo,CA,Large,8.79,Codelco,n/a,n/a,n/a,n/a,n/a,n/a,,,,,,1,Eocene,37.2,0.4,Campbell et al. 1994,37.4,0.3,Ballard thesis,,,,Ballard_ 2001,Chile,,,,,,,,,,El Abra mine porphyry,,,,,,,60.9,16.7,6.03,,5.425794,2.76,4.77,3.42,2.91,0.81,0.24,0.07,,,,,,,,,98.67,,,,,,689,,,,,49.5,,,,,3.01,,1.77,0.9,0.97,,,,3.45,,4.18,,0.33,,,23.4,,0.15,,,,,8.57,22,,,6,,5.69,,96,,,,,,4.1,,534,0.69,,,12.5,,,,4.07,,,7.9,1.05,,152,,,,,,,,,40.909091,,,,,,,,,,,,1
00-172,,Thesis,n/a,A COMPARATIVE STUDY BETWEEN THE GEOCHEMISTRY OF ORE-BEARING AND BARREN CALC-ALKALINE INTRUSIONS,PhD Thesis,Ballard,2001,Chuqui-El Abra,El Abra,Cu-Mo,CA,Large,8.79,Codelco,n/a,n/a,n/a,n/a,n/a,n/a,,,,,,1,Eocene,37.2,0.4,Campbell et al. 1995,37.4,0.3,Ballard thesis,,,,Ballard_ 2001,Chile,,,,,,,,,,El Abra mine porphyry,,,,,,,66.2,16.7,4.68,,4.211064,1.03,0.8,4.91,2.53,0.37,0.14,0.41,,,,,,,,,97.8,,,,,,770,,,,,33.2,,,,,1.92,,1.36,0.73,0.54,,,,1.45,,2.77,,0.25,,,16.8,,0.12,,,,,6.02,13,,,54,,3.55,,51,,,,,,2.02,,398,0.51,,,5.24,,,,1.64,,,7.95,0.75,,106,,,,,,,,,38.403452,,,,,,,,,,,,1
00-120,,Thesis,n/a,A COMPARATIVE STUDY BETWEEN THE GEOCHEMISTRY OF ORE-BEARING AND BARREN CALC-ALKALINE INTRUSIONS,PhD Thesis,Ballard,2001,Chuqui-El Abra,El Abra,Cu-Mo,CA,N/A,N/A,Codelco,n/a,n/a,n/a,n/a,n/a,n/a,,,,,,2,Eocene,37.2,0.4,Campbell et al. 1996,42.9,0.5,Ballard thesis,,,,Ballard_ 2001,Chile,,,,,,,,,,El Abra Apolo Leucogranite,,,,,,,70.9,15.3,2.55,,2.29449,1.02,1.11,2.66,4.88,0.45,0.07,0.02,,,,,,,,,99,,,,,,482,,,,,24.3,,,,,4.17,,2.91,1.51,0.4,,,,1.45,,3.09,,0.56,,,12.3,,0.23,,,,,3.42,9.7,,,1,,2.57,,104,,,,,,1.78,,12,0.3,,,3.57,,,,1.07,,,15.35,1.61,,114,,,,,,,,,61.013444,,,,,,,,,,,,0
00-125,,Thesis,n/a,A COMPARATIVE STUDY BETWEEN THE GEOCHEMISTRY OF ORE-BEARING AND BARREN CALC-ALKALINE INTRUSIONS,PhD Thesis,Ballard,2001,Chuqui-El Abra,El Abra,Cu-Mo,CA,N/A,N/A,Codelco,n/a,n/a,n/a,n/a,n/a,n/a,,,,,,2,Eocene,37.2,0.4,Campbell et al. 1997,42.9,0.5,Ballard thesis,,,,Ballard_ 2001,Chile,,,,,,,,,,El Abra Apolo Leucogranite,,,,,,,70.3,15.2,1.53,,1.376694,1.03,1.39,4.48,3.51,0.37,0.13,0.01,,,,,,,,,97.9,,,,,,402,,,,,46.1,,,,,2.59,,1.14,0.6,0.63,,,,2.63,,4.75,,0.21,,,20.5,,0.1,,,,,11.37,19.1,,,19,,5.12,,103,,,,,,3.44,,293,1.41,,,28.91,,,,11.77,,,6.2,0.66,,139,,,,,,,,,43.611912,,,,,,,,,,,,0
00-154,,Thesis,n/a,A COMPARATIVE STUDY BETWEEN THE GEOCHEMISTRY OF ORE-BEARING AND BARREN CALC-ALKALINE INTRUSIONS,PhD Thesis,Ballard,2001,Chuqui-El Abra,El Abra,Cu-Mo,CA,N/A,N/A,Codelco,n/a,n/a,n/a,n/a,n/a,n/a,,,,,,2,Eocene,37.2,0.4,Campbell et al. 1998,42.9,0.5,Ballard thesis,,,,Ballard_ 2001,Chile,,,,,,,,,,El Abra Apolo Leucogranite,,,,,,,71.9,14.5,1.18,,1.061764,1.11,1.47,3.32,4.86,0.32,0.08,0.03,,,,,,,,,98.8,,,,,,455,,,,,57.7,,,,,7.12,,1.28,0.76,0.59,,,,2.66,,4.59,,0.26,,,28.2,,0.14,,,,,11.08,21.3,,,8,,6.12,,156,,,,,,3.71,,257,1.31,,,33.52,,,,10.32,,,7.42,0.9,,128,,,,,,,,,55.483271,,,,,,,,,,,,0
00-171,,Thesis,n/a,A COMPARATIVE STUDY BETWEEN THE GEOCHEMISTRY OF ORE-BEARING AND BARREN CALC-ALKALINE INTRUSIONS,PhD Thesis,Ballard,2001,Chuqui-El Abra,El Abra,Cu-Mo,CA,N/A,N/A,Codelco,n/a,n/a,n/a,n/a,n/a,n/a,,,,,,2,Eocene,37.2,0.4,Campbell et al. 1999,42.9,0.5,Ballard thesis,,,,Ballard_ 2001,Chile,,,,,,,,,,El Abra Apolo Leucogranite,,,,,,,69.3,15.1,2.93,,2.636414,1.15,2.23,3.9,3.68,0.39,0.11,0.01,,,,,,,,,98.74,,,,,,506,,,,,52.4,,,,,9.31,,2.34,1.38,0.72,,,,2.88,,12.92,,0.47,,,23,,0.26,,,,,10.59,21.8,,,10,,6.02,,156,,,,,,3.81,,347,1.32,,,25.72,,,,11.06,,,13.74,1.72,,472,,,,,,,,,44.069343,,,,,,,,,,,,0
00-187,,Thesis,n/a,A COMPARATIVE STUDY BETWEEN THE GEOCHEMISTRY OF ORE-BEARING AND BARREN CALC-ALKALINE INTRUSIONS,PhD Thesis,Ballard,2001,Chuqui-El Abra,El Abra,Cu-Mo,CA,N/A,N/A,Codelco,n/a,n/a,n/a,n/a,n/a,n/a,,,,,,2,Eocene,37.2,0.4,Campbell et al. 2000,42.9,0.5,Ballard thesis,,,,Ballard_ 2001,Chile,,,,,,,,,,El Abra Apolo Leucogranite,,,,,,,72.2,14.7,1.39,,1.250722,1.03,0.74,3.47,4.98,0.35,0.06,0.01,,,,,,,,,99,,,,,,517,,,,,42.5,,,,,2.13,,2.35,1.38,0.61,,,,2.6,,3.37,,0.47,,,20.2,,0.26,,,,,8.55,17,,,6,,4.59,,101,,,,,,3.07,,221,0.91,,,39.06,,,,8.9,,,14.22,1.79,,104,,,,,,,,,58.806262,,,,,,,,,,,,0
00-124,,Thesis,n/a,A COMPARATIVE STUDY BETWEEN THE GEOCHEMISTRY OF ORE-BEARING AND BARREN CALC-ALKALINE INTRUSIONS,PhD Thesis,Ballard,2001,Chuqui-El Abra,El Abra,Cu-Mo,CA,N/A,N/A,Codelco,n/a,n/a,n/a,n/a,n/a,n/a,,,,,,2,Eocene,37.2,0.4,Campbell et al. 2001,38.5,0.4,Ballard thesis,,,,Ballard_ 2001,Chile,,,,,,,,,,El Abra aplite,,,,,,,70.6,14.8,2.58,,2.321484,0.9,1.28,3.31,4.42,0.4,0.04,0.01,,,,,,,,,98.31,,,,,,838,,,,,65.6,,,,,5.03,,2.74,1.69,0.85,,,,3.77,,7.48,,0.55,,,29.2,,0.31,,,,,12.6,27,,,10,,7.35,,152,,,,,,4.76,,308,1.26,,,31.55,,,,20.89,,,16.44,2.11,,251,,,,,,,,,53.683148,,,,,,,,,,,,1
00-150,,Thesis,n/a,A COMPARATIVE STUDY BETWEEN THE GEOCHEMISTRY OF ORE-BEARING AND BARREN CALC-ALKALINE INTRUSIONS,PhD Thesis,Ballard,2001,Chuqui-El Abra,El Abra,Cu-Mo,CA,N/A,N/A,Codelco,n/a,n/a,n/a,n/a,n/a,n/a,,,,,,2,Eocene,37.2,0.4,Campbell et al. 2002,38.5,0.4,Ballard thesis,,,,Ballard_ 2001,Chile,,,,,,,,,,El Abra aplite,,,,,,,71.8,14.2,1.99,,1.790602,0.83,0.96,2.98,5.63,0.47,0.03,0.01,,,,,,,,,98.92,,,,,,532,,,,,66.2,,,,,3.24,,2.2,1.15,0.74,,,,4.6,,6.8,,0.42,,,30.1,,0.18,,,,,9.9,26.9,,,10,,7.28,,129,,,,,,5.44,,186,0.79,,,59.29,,,,25.44,,,11.21,1.24,,228,,,,,,,,,62.115385,,,,,,,,,,,,1
00-158,,Thesis,n/a,A COMPARATIVE STUDY BETWEEN THE GEOCHEMISTRY OF ORE-BEARING AND BARREN CALC-ALKALINE INTRUSIONS,PhD Thesis,Ballard,2001,Chuqui-El Abra,El Abra,Cu-Mo,CA,N/A,N/A,Codelco,n/a,n/a,n/a,n/a,n/a,n/a,,,,,,2,Eocene,37.2,0.4,Campbell et al. 2003,38.5,0.4,Ballard thesis,,,,Ballard_ 2001,Chile,,,,,,,,,,El Abra aplite,,,,,,,69.7,14.7,3.29,,2.960342,1.25,1.94,3.58,4.16,0.41,0.07,0.02,,,,,,,,,99.11,,,,,,670,,,,,63.7,,,,,9.24,,3.07,1.62,0.89,,,,3.84,,2.53,,0.59,,,28.3,,0.27,,,,,12.45,28.8,,,14,,7.58,,236,,,,,,5.29,,366,1.25,,,39.5,,,,11.57,,,16.22,1.84,,80,,,,,,,,,49.496798,,,,,,,,,,,,1
00-169,,Thesis,n/a,A COMPARATIVE STUDY BETWEEN THE GEOCHEMISTRY OF ORE-BEARING AND BARREN CALC-ALKALINE INTRUSIONS,PhD Thesis,Ballard,2001,Chuqui-El Abra,El Abra,Cu-Mo,CA,N/A,N/A,Codelco,n/a,n/a,n/a,n/a,n/a,n/a,,,,,,2,Eocene,37.2,0.4,Campbell et al. 2004,38.5,0.4,Ballard thesis,,,,Ballard_ 2001,Chile,,,,,,,,,,El Abra aplite,,,,,,,74.5,13.6,1.05,,0.94479,0.62,0.4,2.93,5.6,0.32,0.04,0.01,,,,,,,,,99,,,,,,578,,,,,56.7,,,,,1.92,,4.07,2.03,0.49,,,,3.76,,5.2,,0.76,,,25.1,,0.31,,,,,11.52,23.2,,,12,,6.38,,114,,,,,,4.41,,165,1.34,,,65.39,,,,20.11,,,19.5,2.08,,155,,,,,,,,,65.13089,,,,,,,,,,,,1
00-183,,Thesis,n/a,A COMPARATIVE STUDY BETWEEN THE GEOCHEMISTRY OF ORE-BEARING AND BARREN CALC-ALKALINE INTRUSIONS,PhD Thesis,Ballard,2001,Chuqui-El Abra,El Abra,Cu-Mo,CA,N/A,N/A,Codelco,n/a,n/a,n/a,n/a,n/a,n/a,,,,,,2,Eocene,37.2,0.4,Campbell et al. 2005,38.5,0.4,Ballard thesis,,,,Ballard_ 2001,Chile,,,,,,,,,,El Abra aplite,,,,,,,72.2,13.7,1.34,,1.205732,0.9,0.52,3.22,5.77,0.52,0.07,0.01,,,,,,,,,98.24,,,,,,525,,,,,76.7,,,,,1.64,,3.23,1.8,0.73,,,,4.91,,7.03,,0.62,,,35.2,,0.32,,,,,12.4,31.9,,,14,,8.57,,92,,,,,,6.13,,148,1.18,,,65.11,,,,7.49,,,17.92,2.08,,248,,,,,,,,,64.073007,,,,,,,,,,,,1
00-188,,Thesis,n/a,A COMPARATIVE STUDY BETWEEN THE GEOCHEMISTRY OF ORE-BEARING AND BARREN CALC-ALKALINE INTRUSIONS,PhD Thesis,Ballard,2001,Chuqui-El Abra,El Abra,Cu-Mo,CA,N/A,N/A,Codelco,n/a,n/a,n/a,n/a,n/a,n/a,,,,,,2,Eocene,37.2,0.4,Campbell et al. 2005,38.5,0.4,Ballard thesis,,,,Ballard_ 2001,Chile,,,,,,,,,,El Abra aplite,,,,,,,72.9,14.2,1.93,,1.736614,0.69,0.65,3.31,4.86,0.35,0.09,0.01,,,,,,,,,99,,,,,,701,,,,,53.4,,,,,2,,3.6,2.06,0.6,,,,3.59,,7.93,,0.71,,,23.5,,0.36,,,,,13.63,22.2,,,15,,5.91,,161,,,,,,4.08,,265,1.53,,,72.09,,,,19.77,,,20.79,2.36,,249,,,,,,,,,58.359621,,,,,,,,,,,,1
98-462,,Thesis,n/a,A COMPARATIVE STUDY BETWEEN THE GEOCHEMISTRY OF ORE-BEARING AND BARREN CALC-ALKALINE INTRUSIONS,PhD Thesis,Ballard,2001,Chuqui-El Abra,Chuquicamata,Cu-Mo,CA,Giant,125.95984,Codelco,n/a,n/a,n/a,n/a,n/a,n/a,,,,,,1,Eocene,35.2,0.4,Campbell et al. 2006,34.6,0.2,Ballard thesis,,,,Ballard_ 2001,Chile,,,,,,,,,,East Porphyry,,,,,,,68.88,16.35,2.94,,2.645412,0.55,0.19,4.48,4.97,0.23,0.04,0.04,,,,,,,0.33,,99,,,,,,713,,,,,28.3,,,,,2.95,,1,0.56,0.51,,,,1.27,,2.83,,0.19,,,15.4,,0.1,,,,,5.8,10.9,,,6,,3,,140,,,,,,1.73,,214,0.45,0.16,,4.78,,,,2.8,,,5.78,0.65,,101,,,,,,,,,54.170756,,,,,,,,,,,,1
98-463,,Thesis,n/a,A COMPARATIVE STUDY BETWEEN THE GEOCHEMISTRY OF ORE-BEARING AND BARREN CALC-ALKALINE INTRUSIONS,PhD Thesis,Ballard,2001,Chuqui-El Abra,Chuquicamata,Cu-Mo,CA,Giant,125.95984,Codelco,n/a,n/a,n/a,n/a,n/a,n/a,,,,,,1,Eocene,35.2,0.4,Campbell et al. 2007,34.6,0.2,Ballard thesis,,,,Ballard_ 2001,Chile,,,,,,,,,,East Porphyry,,,,,,,64.71,15.07,2,,1.7996,1.2,5.29,4.34,4.4,0.24,0.06,0.05,,,,,,,1.65,,99,,,,,,703,,,,,33.5,,,,,1.56,,1.12,0.59,0.51,,,,1.4,,2.64,,0.2,,,18.5,,0.11,,,,,5.98,12.5,,,5,,3.53,,87,,,,,,2.05,,753,0.46,0.18,,6.76,,,,8.7,,,5.83,0.68,,93,,,,,,,,,36.769534,,,,,,,,,,,,1
98-464,,Thesis,n/a,A COMPARATIVE STUDY BETWEEN THE GEOCHEMISTRY OF ORE-BEARING AND BARREN CALC-ALKALINE INTRUSIONS,PhD Thesis,Ballard,2001,Chuqui-El Abra,Chuquicamata,Cu-Mo,CA,Giant,125.95984,Codelco,n/a,n/a,n/a,n/a,n/a,n/a,,,,,,1,Eocene,35.2,0.4,Campbell et al. 2008,34.6,0.2,Ballard thesis,,,,Ballard_ 2001,Chile,,,,,,,,,,East Porphyry,,,,,,,67.54,16.13,0.48,,0.431904,0.43,1.36,4.45,6.97,0.27,0.12,0.01,,,,,,,1.24,,99,,,,,,724,,,,,65.2,,,,,4.39,,0.97,0.37,0.78,,,,1.87,,3.27,,0.14,,,35.4,,0.06,,,,,7.15,22.9,,,4,,6.6,,113,,,,,,3.24,,238,0.56,0.21,,15.45,,,,1.9,,,4.2,0.38,,112,,,,,,,,,56.018168,,,,,,,,,,,,1
98-467,,Thesis,n/a,A COMPARATIVE STUDY BETWEEN THE GEOCHEMISTRY OF ORE-BEARING AND BARREN CALC-ALKALINE INTRUSIONS,PhD Thesis,Ballard,2001,Chuqui-El Abra,Chuquicamata,Cu-Mo,CA,Giant,125.95984,Codelco,n/a,n/a,n/a,n/a,n/a,n/a,,,,,,1,Eocene,35.2,0.4,Campbell et al. 2010,34.6,0.2,Ballard thesis,,,,Ballard_ 2001,Chile,,,,,,,,,,East Porphyry,,,,,,,69.03,15.51,2.2,,1.97956,0.43,1.37,5,3.87,0.25,0.1,0.05,,,,,,,0.37,,98.18,,,,,,856,,,,,62,,,,,0.99,,1.2,0.54,0.84,,,,2.33,,2.69,,0.2,,,30.3,,0.09,,,,,6.21,26.6,,,9,,7.08,,83,,,,,,4.11,,328,0.47,0.24,,7.67,,,,1.6,,,6.07,0.62,,98,,,,,,,,,40.299906,,,,,,,,,,,,1
98-508,,Thesis,n/a,A COMPARATIVE STUDY BETWEEN THE GEOCHEMISTRY OF ORE-BEARING AND BARREN CALC-ALKALINE INTRUSIONS,PhD Thesis,Ballard,2001,Chuqui-El Abra,Chuquicamata,Cu-Mo,CA,Giant,125.95984,Codelco,n/a,n/a,n/a,n/a,n/a,n/a,,,,,,1,Eocene,35.2,0.4,Campbell et al. 2011,34.6,0.2,Ballard thesis,,,,Ballard_ 2001,Chile,,,,,,,,,,East Porphyry,,,,,,,67.83,15.53,1.97,,1.772606,0.56,1.35,5.76,3.89,0.26,0.1,0.02,,,,,,,0.88,,98.13,,,,,,668,,,,,33.6,,,,,1.13,,0.78,0.39,0.5,,,,1.22,,2.68,,0.14,,,18.8,,0.08,,,,,6.57,12.8,,,29,,3.53,,84,,,,,,2.04,,393,0.53,0.14,,13.58,,,,2.51,,,4.96,0.47,,95,,,,,,,,,38.49481,,,,,,,,,,,,1
98-510,,Thesis,n/a,A COMPARATIVE STUDY BETWEEN THE GEOCHEMISTRY OF ORE-BEARING AND BARREN CALC-ALKALINE INTRUSIONS,PhD Thesis,Ballard,2001,Chuqui-El Abra,Chuquicamata,Cu-Mo,CA,Giant,125.95984,Codelco,n/a,n/a,n/a,n/a,n/a,n/a,,,,,,1,Eocene,35.2,0.4,Campbell et al. 2013,34.6,0.2,Ballard thesis,,,,Ballard_ 2001,Chile,,,,,,,,,,East Porphyry,,,,,,,67.36,18.16,2.16,,1.943568,0.6,1.55,0.25,6.42,0.34,0.17,0.05,,,,,,,1.94,,99,,,,,,712,,,,,31.2,,,,,4.06,,1.1,0.53,0.54,,,,1.53,,3.14,,0.2,,,16,,0.1,,,,,7.02,12.7,,,115,,3.48,,154,,,,,,2.23,,318,0.54,0.2,,4.26,,,,1.25,,,5.9,0.63,,108,,,,,,,,,79.591837,,,,,,,,,,,,1
98-511,,Thesis,n/a,A COMPARATIVE STUDY BETWEEN THE GEOCHEMISTRY OF ORE-BEARING AND BARREN CALC-ALKALINE INTRUSIONS,PhD Thesis,Ballard,2001,Chuqui-El Abra,Chuquicamata,Cu-Mo,CA,Giant,125.95984,Codelco,n/a,n/a,n/a,n/a,n/a,n/a,,,,,,1,Eocene,35.2,0.4,Campbell et al. 2014,34.6,0.2,Ballard thesis,,,,Ballard_ 2001,Chile,,,,,,,,,,East Porphyry,,,,,,,67.2,15.98,2.82,,2.537436,0.63,1.84,3.91,4.06,0.29,0.11,0.01,,,,,,,1.44,,98.29,,,,,,827,,,,,30.8,,,,,1.66,,0.96,0.52,0.5,,,,1.27,,2.96,,0.19,,,,,0.1,,,,,7.24,12,,,21,,3.25,,95,,,,,,1.95,,440,0.52,0.16,,5.01,,,,1.32,,,5.57,0.6,,105,,,,,,,,,44.923372,,,,,,,,,,,,1
98-512,,Thesis,n/a,A COMPARATIVE STUDY BETWEEN THE GEOCHEMISTRY OF ORE-BEARING AND BARREN CALC-ALKALINE INTRUSIONS,PhD Thesis,Ballard,2001,Chuqui-El Abra,Chuquicamata,Cu-Mo,CA,Giant,125.95984,Codelco,n/a,n/a,n/a,n/a,n/a,n/a,,,,,,1,Eocene,35.2,0.4,Campbell et al. 2015,34.6,0.2,Ballard thesis,,,,Ballard_ 2001,Chile,,,,,,,,,,East Porphyry,,,,,,,70.47,16.3,0.82,,0.737836,0.17,0.21,5.13,5,0.23,0.02,0.01,,,,,,,0.71,,99.06,,,,,,788,,,,,34.9,,,,,0.92,,0.67,0.35,0.52,,,,1.15,,2.99,,0.12,,,19.4,,0.07,,,,,6.5,12.2,,,16,,3.54,,112,,,,,,1.91,,164,0.48,0.13,,6.36,,,,1.24,,,4.99,0.47,,95,,,,,,,,,49.191246,,,,,,,,,,,,1
98-602,,Thesis,n/a,A COMPARATIVE STUDY BETWEEN THE GEOCHEMISTRY OF ORE-BEARING AND BARREN CALC-ALKALINE INTRUSIONS,PhD Thesis,Ballard,2001,Chuqui-El Abra,Chuquicamata,Cu-Mo,CA,Giant,125.95984,Codelco,n/a,n/a,n/a,n/a,n/a,n/a,,,,,,1,Eocene,35.2,0.4,Campbell et al. 2016,34.6,0.2,Ballard thesis,,,,Ballard_ 2001,Chile,,,,,,,,,,East Porphyry,,,,,,,68.64,15.89,0.88,,0.791824,0.53,2.06,2.02,7.18,0.24,0.09,0.04,,,,,,,1.44,,99,,,,,,579,,,,,28.3,,,,,2.56,,0.78,0.46,0.46,,,,1.2,,2.59,,0.15,,,15.4,,0.08,,,,,5.05,11,,,4,,3.06,,161,,,,,,1.79,,282,0.4,0.15,,3.78,,,,1.27,,,4.67,0.55,,93,,,,,,,,,65.394402,,,,,,,,,,,,1
98-475,,Thesis,n/a,A COMPARATIVE STUDY BETWEEN THE GEOCHEMISTRY OF ORE-BEARING AND BARREN CALC-ALKALINE INTRUSIONS,PhD Thesis,Ballard,2001,Chuqui-El Abra,Chuquicamata,Cu-Mo,CA,Giant,125.95984,Codelco,n/a,n/a,n/a,n/a,n/a,n/a,,,,,,1,Eocene,35.2,0.4,Campbell et al. 2017,33.5,0.2,Ballard thesis,,,,Ballard_ 2001,Chile,,,,,,,,,,West Porphyry,,,,,,,72.15,15.83,2.09,,1.880582,0.51,0.31,1.76,5.69,0.23,0.09,0.15,,,,,,,0.2,,99,,,,,,926,,,,,42,,,,,1.22,,1.03,0.52,0.55,,,,1.45,,2.88,,0.19,,,24.4,,0.09,,,,,6.8,13.7,,,10,,4.08,,88,,,,,,2.07,,231,0.52,0.19,,5.58,,,,2.06,,,5.41,0.56,,103,,,,,,,,,74.96977,,,,,,,,,,,,1
98-476,,Thesis,n/a,A COMPARATIVE STUDY BETWEEN THE GEOCHEMISTRY OF ORE-BEARING AND BARREN CALC-ALKALINE INTRUSIONS,PhD Thesis,Ballard,2001,Chuqui-El Abra,Chuquicamata,Cu-Mo,CA,Giant,125.95984,Codelco,n/a,n/a,n/a,n/a,n/a,n/a,,,,,,1,Eocene,35.2,0.4,Campbell et al. 2018,33.5,0.2,Ballard thesis,,,,Ballard_ 2001,Chile,,,,,,,,,,West Porphyry,,,,,,,71.62,15.04,1.7,,1.52966,0.66,0.98,2.64,5.31,0.26,0.1,0.07,,,,,,,0.55,,98.91,,,,,,881,,,,,33.3,,,,,1.35,,1.02,0.54,0.56,,,,1.41,,2.79,,0.19,,,17.8,,0.1,,,,,9.29,12.6,,,6,,3.54,,116,,,,,,2.08,,348,0.6,0.18,,8.77,,,,2.52,,,5.54,0.64,,99,,,,,,,,,62.252346,,,,,,,,,,,,1
98-477,,Thesis,n/a,A COMPARATIVE STUDY BETWEEN THE GEOCHEMISTRY OF ORE-BEARING AND BARREN CALC-ALKALINE INTRUSIONS,PhD Thesis,Ballard,2001,Chuqui-El Abra,Chuquicamata,Cu-Mo,CA,Giant,125.95984,Codelco,n/a,n/a,n/a,n/a,n/a,n/a,,,,,,1,Eocene,35.2,0.4,Campbell et al. 2019,33.5,0.2,Ballard thesis,,,,Ballard_ 2001,Chile,,,,,,,,,,West Porphyry,,,,,,,74.45,13.27,1.22,,1.097756,0.32,0.22,2.9,6.09,0.2,0.08,,,,,,,,0.74,,99.48,,,,,,1088,,,,,24.4,,,,,0.76,,0.79,0.45,0.41,,,,1.08,,2.53,,0.16,,,12.8,,0.08,,,,,5.59,9.5,,,4,,2.62,,114,,,,,,1.58,,271,0.39,0.13,,3.54,,,,1.19,,,4.83,0.5,,90,,,,,,,,,67.26128,,,,,,,,,,,,1
98-501,,Thesis,n/a,A COMPARATIVE STUDY BETWEEN THE GEOCHEMISTRY OF ORE-BEARING AND BARREN CALC-ALKALINE INTRUSIONS,PhD Thesis,Ballard,2001,Chuqui-El Abra,Chuquicamata,Cu-Mo,CA,Giant,125.95984,Codelco,n/a,n/a,n/a,n/a,n/a,n/a,,,,,,1,Eocene,35.2,0.4,Campbell et al. 2020,33.5,0.2,Ballard thesis,,,,Ballard_ 2001,Chile,,,,,,,,,,West Porphyry,,,,,,,66.86,16.19,2.28,,2.051544,0.61,3.37,0.06,4.99,0.27,0.14,0.02,,,,,,,4.21,,99,,,,,,868,,,,,35.1,,,,,1.04,,1.08,0.56,0.63,,,,1.58,,2.89,,0.19,,,17.9,,0.1,,,,,5.89,14.1,,,70,,3.85,,135,,,,,,2.35,,967,0.47,0.19,,4.8,,,,7.67,,,5.87,0.68,,105,,,,,,,,,62.015504,,,,,,,,,,,,1
98-502,,Thesis,n/a,A COMPARATIVE STUDY BETWEEN THE GEOCHEMISTRY OF ORE-BEARING AND BARREN CALC-ALKALINE INTRUSIONS,PhD Thesis,Ballard,2001,Chuqui-El Abra,Chuquicamata,Cu-Mo,CA,Giant,125.95984,Codelco,n/a,n/a,n/a,n/a,n/a,n/a,,,,,,1,Eocene,35.2,0.4,Campbell et al. 2021,33.5,0.2,Ballard thesis,,,,Ballard_ 2001,Chile,,,,,,,,,,West Porphyry,,,,,,,67.43,15.85,3.75,,3.37425,0.6,1.45,0.06,4.74,0.36,0.08,0.02,,,,,,,4.67,,99,,,,,,991,,,,,39.8,,,,,1.26,,1.01,0.59,0.51,,,,1.22,,2.94,,0.2,,,20.2,,0.11,,,,,7.1,,,,20,,4.4,,134,,,,,,2.15,,395,0.55,0.15,,6.77,,,,3.49,,,6.1,0.74,,104,,,,,,,,,77.956204,,,,,,,,,,,,1
98-503,,Thesis,n/a,A COMPARATIVE STUDY BETWEEN THE GEOCHEMISTRY OF ORE-BEARING AND BARREN CALC-ALKALINE INTRUSIONS,PhD Thesis,Ballard,2001,Chuqui-El Abra,Chuquicamata,Cu-Mo,CA,Giant,125.95984,Codelco,n/a,n/a,n/a,n/a,n/a,n/a,,,,,,1,Eocene,35.2,0.4,Campbell et al. 2022,33.5,0.2,Ballard thesis,,,,Ballard_ 2001,Chile,,,,,,,,,,West Porphyry,,,,,,,70,16.87,1.94,,1.745612,0.63,1.25,0.05,5.24,0.34,0.08,0.02,,,,,,,2.58,,99,,,,,,698,,,,,38,,,,,0.95,,0.54,0.26,0.49,,,,1.21,,2.95,,0.1,,,20.1,,0.05,,,,,7.63,14.5,,,60,,4.1,,138,,,,,,2.28,,423,0.56,0.12,,4.88,,,,2.1,,,2.7,0.34,,102,,,,,,,,,81.868898,,,,,,,,,,,,1
98-601,,Thesis,n/a,A COMPARATIVE STUDY BETWEEN THE GEOCHEMISTRY OF ORE-BEARING AND BARREN CALC-ALKALINE INTRUSIONS,PhD Thesis,Ballard,2001,Chuqui-El Abra,Chuquicamata,Cu-Mo,CA,Giant,125.95984,Codelco,n/a,n/a,n/a,n/a,n/a,n/a,,,,,,1,Eocene,35.2,0.4,Campbell et al. 2024,33.5,0.2,Ballard thesis,,,,Ballard_ 2001,Chile,,,,,,,,,,West Porphyry,,,,,,,74.05,14.13,0.59,,0.530882,0.42,0.36,3.4,5.59,0.24,0.08,0.01,,,,,,,0.16,,99.01,,,,,,1103,,,,,21,,,,,0.99,,0.71,0.36,0.4,,,,0.85,,2.59,,0.12,,,11.8,,0.07,,,,,7.71,7.8,,,7,,2.25,,109,,,,,,1.16,,315,0.45,0.11,,3.28,,,,1.42,,,3.95,0.42,,82,,,,,,,,,61.514841,,,,,,,,,,,,1
98-608,,Thesis,n/a,A COMPARATIVE STUDY BETWEEN THE GEOCHEMISTRY OF ORE-BEARING AND BARREN CALC-ALKALINE INTRUSIONS,PhD Thesis,Ballard,2001,Chuqui-El Abra,Chuquicamata,Cu-Mo,CA,Giant,125.95984,Codelco,n/a,n/a,n/a,n/a,n/a,n/a,,,,,,1,Eocene,35.2,0.4,Campbell et al. 2026,33.5,0.2,Ballard thesis,,,,Ballard_ 2001,Chile,,,,,,,,,,West Porphyry,,,,,,,75.12,12.61,0.63,,0.566874,0.34,0.5,2.25,6.26,0.2,0.09,0.01,,,,,,,0.44,,98.45,,,,,,688,,,,,30.6,,,,,1.02,,0.85,0.48,0.48,,,,1.3,,2.1,,0.16,,,18,,0.07,,,,,5.11,11.5,,,6,,3.12,,99,,,,,,1.83,,237,0.37,0.15,,6.17,,,,1.83,,,4.93,0.48,,71,,,,,,,,,70.588235,,,,,,,,,,,,1
98-469,,Thesis,n/a,A COMPARATIVE STUDY BETWEEN THE GEOCHEMISTRY OF ORE-BEARING AND BARREN CALC-ALKALINE INTRUSIONS,PhD Thesis,Ballard,2001,Chuqui-El Abra,Chuquicamata,Cu-Mo,CA,Giant,125.95984,Codelco,n/a,n/a,n/a,n/a,n/a,n/a,,,,,,1,Eocene,35.2,0.4,Campbell et al. 2027,33.3,0.3,Ballard thesis,,,,Ballard_ 2001,Chile,,,,,,,,,,Bench Porphyry,,,,,,,68.49,16.13,1.79,,1.610642,0.36,2.2,4.85,3.87,0.22,0.08,0.08,,,,,,,0.92,,99,,,,,,861,,,,,16.4,,,,,1.17,,0.7,0.36,0.38,,,,0.81,,2.82,,0.13,,,9,,0.07,,,,,3.76,6.4,,,6,,1.78,,84,,,,,,1.05,,438,0.29,0.11,,2.97,,,,2.17,,,3.93,0.43,,99,,,,,,,,,37.5,,,,,,,,,,,,1
98-470,,Thesis,n/a,A COMPARATIVE STUDY BETWEEN THE GEOCHEMISTRY OF ORE-BEARING AND BARREN CALC-ALKALINE INTRUSIONS,PhD Thesis,Ballard,2001,Chuqui-El Abra,Chuquicamata,Cu-Mo,CA,Giant,125.95984,Codelco,n/a,n/a,n/a,n/a,n/a,n/a,,,,,,1,Eocene,35.2,0.4,Campbell et al. 2028,33.3,0.3,Ballard thesis,,,,Ballard_ 2001,Chile,,,,,,,,,,Bench Porphyry,,,,,,,67.25,16.21,1.89,,1.700622,0.45,1.55,3.13,6.37,0.23,0.08,0.29,,,,,,,1.56,,99,,,,,,881,,,,,22.9,,,,,1.56,,0.76,0.42,0.38,,,,0.95,,2.78,,0.14,,,12.2,,0.07,,,,,4.05,9.1,,,145,,2.48,,147,,,,,,1.39,,686,0.34,0.12,,3.15,,,,1.32,,,4.12,0.48,,95,,,,,,,,,59.304348,,,,,,,,,,,,1
98-471,,Thesis,n/a,A COMPARATIVE STUDY BETWEEN THE GEOCHEMISTRY OF ORE-BEARING AND BARREN CALC-ALKALINE INTRUSIONS,PhD Thesis,Ballard,2001,Chuqui-El Abra,Chuquicamata,Cu-Mo,CA,Giant,125.95984,Codelco,n/a,n/a,n/a,n/a,n/a,n/a,,,,,,1,Eocene,35.2,0.4,Campbell et al. 2029,33.3,0.3,Ballard thesis,,,,Ballard_ 2001,Chile,,,,,,,,,,Bench Porphyry,,,,,,,68.93,15.4,0.38,,0.341924,0.35,2.16,3.1,7.07,0.17,0.07,0.01,,,,,,,0.78,,98.43,,,,,,889,,,,,23.8,,,,,0.9,,0.8,0.42,0.42,,,,1.09,,2.74,,0.15,,,12.5,,0.08,,,,,5.76,9.6,,,7,,2.63,,104,,,,,,1.56,,594,0.37,0.14,,3.08,,,,1.73,,,4.67,0.48,,104,,,,,,,,,58.51735,,,,,,,,,,,,1
98-472,,Thesis,n/a,A COMPARATIVE STUDY BETWEEN THE GEOCHEMISTRY OF ORE-BEARING AND BARREN CALC-ALKALINE INTRUSIONS,PhD Thesis,Ballard,2001,Chuqui-El Abra,Chuquicamata,Cu-Mo,CA,Giant,125.95984,Codelco,n/a,n/a,n/a,n/a,n/a,n/a,,,,,,1,Eocene,35.2,0.4,Campbell et al. 2030,33.3,0.3,Ballard thesis,,,,Ballard_ 2001,Chile,,,,,,,,,,Bench Porphyry,,,,,,,72.09,15.87,1.09,,0.980782,0.46,0.26,1.26,7.32,0.23,0.09,0.03,,,,,,,0.3,,99,,,,,,844,,,,,29.9,,,,,1.59,,1.15,0.6,0.55,,,,1.59,,2.53,,0.21,,,14.4,,0.11,,,,,6.76,12.3,,,9,,3.3,,113,,,,,,2.04,,266,0.55,0.19,,8.2,,,,2.79,,,6.68,0.68,,86,,,,,,,,,83.655914,,,,,,,,,,,,1
98-474,,Thesis,n/a,A COMPARATIVE STUDY BETWEEN THE GEOCHEMISTRY OF ORE-BEARING AND BARREN CALC-ALKALINE INTRUSIONS,PhD Thesis,Ballard,2001,Chuqui-El Abra,Chuquicamata,Cu-Mo,CA,Giant,125.95984,Codelco,n/a,n/a,n/a,n/a,n/a,n/a,,,,,,1,Eocene,35.2,0.4,Campbell et al. 2032,33.3,0.3,Ballard thesis,,,,Ballard_ 2001,Chile,,,,,,,,,,Bench Porphyry,,,,,,,69.12,16.93,0.62,,0.557876,0.49,0.19,2.91,7.84,0.27,0.11,0.01,,,,,,,0.51,,99,,,,,,904,,,,,25.8,,,,,1.53,,1.21,0.61,0.56,,,,1.58,,2.88,,0.23,,,12.6,,0.08,,,,,3.99,11,,,33,,2.86,,109,,,,,,2.01,,298,0.28,0.2,,2.57,,,,5.72,,,7.04,0.56,,103,,,,,,,,,72.87839,,,,,,,,,,,,1
98-504,,Thesis,n/a,A COMPARATIVE STUDY BETWEEN THE GEOCHEMISTRY OF ORE-BEARING AND BARREN CALC-ALKALINE INTRUSIONS,PhD Thesis,Ballard,2001,Chuqui-El Abra,Chuquicamata,Cu-Mo,CA,Giant,125.95984,Codelco,n/a,n/a,n/a,n/a,n/a,n/a,,,,,,1,Eocene,35.2,0.4,Campbell et al. 2033,33.3,0.3,Ballard thesis,,,,Ballard_ 2001,Chile,,,,,,,,,,Bench Porphyry,,,,,,,70.47,15.62,0.93,,0.836814,0.49,0.24,4.6,4.92,0.22,0.06,0.01,,,,,,,0.56,,98.13,,,,,,656,,,,,36.9,,,,,1.14,,1.05,0.57,0.52,,,,1.36,,2.88,,0.19,,,20.7,,0.11,,,,,6.63,13.4,,,13,,3.76,,122,,,,,,2.04,,159,0.57,0.17,,6.81,,,,3.02,,,6.06,0.68,,94,,,,,,,,,52.780488,,,,,,,,,,,,1
98-505,,Thesis,n/a,A COMPARATIVE STUDY BETWEEN THE GEOCHEMISTRY OF ORE-BEARING AND BARREN CALC-ALKALINE INTRUSIONS,PhD Thesis,Ballard,2001,Chuqui-El Abra,Chuquicamata,Cu-Mo,CA,Giant,125.95984,Codelco,n/a,n/a,n/a,n/a,n/a,n/a,,,,,,1,Eocene,35.2,0.4,Campbell et al. 2034,33.3,0.3,Ballard thesis,,,,Ballard_ 2001,Chile,,,,,,,,,,Bench Porphyry,,,,,,,68.46,15.54,1.11,,0.998778,0.59,1.92,5.12,4.34,0.22,0.07,0.01,,,,,,,0.64,,98.01,,,,,,838,,,,,25.2,,,,,0.89,,0.73,0.36,0.41,,,,1.05,,2.48,,0.13,,,13.4,,0.07,,,,,4.7,9.8,,,29,,2.74,,82,,,,,,1.59,,393,0.4,0.14,,2.89,,,,1.98,,,3.96,0.43,,84,,,,,,,,,41.186299,,,,,,,,,,,,1
98-506,,Thesis,n/a,A COMPARATIVE STUDY BETWEEN THE GEOCHEMISTRY OF ORE-BEARING AND BARREN CALC-ALKALINE INTRUSIONS,PhD Thesis,Ballard,2001,Chuqui-El Abra,Chuquicamata,Cu-Mo,CA,Giant,125.95984,Codelco,n/a,n/a,n/a,n/a,n/a,n/a,,,,,,1,Eocene,35.2,0.4,Campbell et al. 2035,33.3,0.3,Ballard thesis,,,,Ballard_ 2001,Chile,,,,,,,,,,Bench Porphyry,,,,,,,70.85,15.97,1.46,,1.313708,0.44,2.24,4.99,3.15,0.2,0.07,0.02,,,,,,,0.07,,99.44,,,,,,931,,,,,20.4,,,,,0.85,,0.62,0.31,0.47,,,,0.88,,2.21,,0.11,,,11.3,,0.05,,,,,4.67,8,,,16,,2.16,,63,,,,,,1.34,,657,0.25,0.11,,2.73,,,,1.19,,,5.79,0.34,,99,,,,,,,,,33.179298,,,,,,,,,,,,1
98-507,,Thesis,n/a,A COMPARATIVE STUDY BETWEEN THE GEOCHEMISTRY OF ORE-BEARING AND BARREN CALC-ALKALINE INTRUSIONS,PhD Thesis,Ballard,2001,Chuqui-El Abra,Chuquicamata,Cu-Mo,CA,Giant,125.95984,Codelco,n/a,n/a,n/a,n/a,n/a,n/a,,,,,,1,Eocene,35.2,0.4,Campbell et al. 2036,33.3,0.3,Ballard thesis,,,,Ballard_ 2001,Chile,,,,,,,,,,Bench Porphyry,,,,,,,69.17,15.72,1.26,,1.133748,0.37,0.92,4.99,4.58,0.18,0.09,0.06,,,,,,,0.85,,98.19,,,,,,846,,,,,23.3,,,,,1.08,,0.66,0.33,0.4,,,,0.99,,2.48,,0.12,,,,,0.06,,,,,2.91,8.8,,,28,,2.47,,105,,,,,,1.44,,237,0.2,0.11,,2.83,,,,1.99,,,3.78,0.39,,87,,,,,,,,,45.58011,,,,,,,,,,,,1
98-605,,Thesis,n/a,A COMPARATIVE STUDY BETWEEN THE GEOCHEMISTRY OF ORE-BEARING AND BARREN CALC-ALKALINE INTRUSIONS,PhD Thesis,Ballard,2001,Chuqui-El Abra,Chuquicamata,Cu-Mo,CA,Giant,125.95984,Codelco,n/a,n/a,n/a,n/a,n/a,n/a,,,,,,1,Eocene,35.2,0.4,Campbell et al. 2038,33.3,0.3,Ballard thesis,,,,Ballard_ 2001,Chile,,,,,,,,,,Bench Porphyry,,,,,,,73.21,14.78,1,,0.8998,0.52,0.2,1.75,6.9,0.21,0.08,0.11,,,,,,,0.24,,99,,,,,,831,,,,,28,,,,,1.08,,0.8,0.41,0.45,,,,1.16,,2.28,,0.14,,,15.5,,0.06,,,,,4.81,10.8,,,7,,2.98,,105,,,,,,1.57,,232,0.31,0.14,,3.05,,,,2.85,,,4.95,0.46,,90,,,,,,,,,79.188901,,,,,,,,,,,,1
98-611,,Thesis,n/a,A COMPARATIVE STUDY BETWEEN THE GEOCHEMISTRY OF ORE-BEARING AND BARREN CALC-ALKALINE INTRUSIONS,PhD Thesis,Ballard,2001,Chuqui-El Abra,El Abra,Cu-Mo,CA,,,Codelco,n/a,n/a,n/a,n/a,n/a,n/a,,,,,,4,Eocene,35.2,0.4,Campbell et al. 2039,63.2,0.5,Ballard thesis,,,,Ballard_ 2001,Chile,,,,,,,,,,Montecristo Intrusion,,,,,,,65.52,15.38,4.57,,4.112086,1.97,3.85,3.37,4.12,0.72,0.15,0.08,,,,,,,0.03,,99.77,,,,,,575,,,,,54.6,,,,,2.64,,3.48,1.9,0.72,,,,3.75,,5.23,,0.68,,,25.8,,0.3,,,,,10.08,23.8,,,12,,6.3,,138,,,,,,4.35,,352,0.72,0.55,,17.25,,,,5.62,,,21.09,1.99,,205,,,,,,,,,45.755071,,,,,,,,,,,,0
98-612,,Thesis,n/a,A COMPARATIVE STUDY BETWEEN THE GEOCHEMISTRY OF ORE-BEARING AND BARREN CALC-ALKALINE INTRUSIONS,PhD Thesis,Ballard,2001,Chuqui-El Abra,El Abra,Cu-Mo,CA,,,Codelco,n/a,n/a,n/a,n/a,n/a,n/a,,,,,,4,Eocene,35.2,0.4,Campbell et al. 2040,63.2,0.5,Ballard thesis,,,,Ballard_ 2001,Chile,,,,,,,,,,Montecristo Intrusion,,,,,,,66.71,14.8,4.16,,3.743168,1.63,3.26,3.2,4.44,0.64,0.12,0.12,,,,,,,0.07,,99.14,,,,,,594,,,,,59.3,,,,,2.59,,3.37,1.96,0.66,,,,3.86,,5.34,,0.68,,,27.5,,0.32,,,,,8.66,25.7,,,14,,6.74,,122,,,,,,4.56,,397,0.71,0.54,,18.84,,,,4.07,,,19.03,2.12,,206,,,,,,,,,48.443735,,,,,,,,,,,,0
98-627,,Thesis,n/a,A COMPARATIVE STUDY BETWEEN THE GEOCHEMISTRY OF ORE-BEARING AND BARREN CALC-ALKALINE INTRUSIONS,PhD Thesis,Ballard,2001,Chuqui-El Abra,El Abra,Cu-Mo,CA,,,Codelco,n/a,n/a,n/a,n/a,n/a,n/a,,,,,,4,Eocene,35.2,0.4,Campbell et al. 2041,63.2,0.5,Ballard thesis,,,,Ballard_ 2001,Chile,,,,,,,,,,Montecristo Intrusion,,,,,,,65.22,15.24,4.52,,4.067096,1.86,3.37,3.4,4.54,0.69,0.15,0.05,,,,,,,0.07,,99.1,,,,,,607,,,,,76,,,,,7.76,,6.04,3.32,1.19,,,,6.07,,7.37,,1.18,,,36.3,,0.48,,,,,14.26,34.5,,,10,,8.82,,353,,,,,,7,,373,1.19,0.95,,63.55,,,,18.41,,,31.65,3.41,,261,,,,,,,,,48.595292,,,,,,,,,,,,0
98-628,,Thesis,n/a,A COMPARATIVE STUDY BETWEEN THE GEOCHEMISTRY OF ORE-BEARING AND BARREN CALC-ALKALINE INTRUSIONS,PhD Thesis,Ballard,2001,Chuqui-El Abra,El Abra,Cu-Mo,CA,,,Codelco,n/a,n/a,n/a,n/a,n/a,n/a,,,,,,4,Eocene,35.2,0.4,Campbell et al. 2042,63.2,0.5,Ballard thesis,,,,Ballard_ 2001,Chile,,,,,,,,,,Montecristo Intrusion,,,,,,,64.28,15.05,4.99,,4.490002,2.22,4.08,3.58,3.77,0.78,0.16,0.05,,,,,,,0.05,,99.46,,,,,,621,,,,,82,,,,,10.63,,5.52,3.21,1.09,,,,6.01,,14.04,,1.08,,,38,,0.49,,,,,14.06,36,,,10,,9.45,,207,,,,,,6.72,,381,1.22,0.88,,18.36,,,,5.14,,,28.73,3.27,,426,,,,,,,,,43.882784,,,,,,,,,,,,0
98-629,,Thesis,n/a,A COMPARATIVE STUDY BETWEEN THE GEOCHEMISTRY OF ORE-BEARING AND BARREN CALC-ALKALINE INTRUSIONS,PhD Thesis,Ballard,2001,Chuqui-El Abra,El Abra,Cu-Mo,CA,,,Codelco,n/a,n/a,n/a,n/a,n/a,n/a,,,,,,4,Eocene,35.2,0.4,Campbell et al. 2043,63.2,0.5,Ballard thesis,,,,Ballard_ 2001,Chile,,,,,,,,,,Montecristo Intrusion,,,,,,,65.68,15.16,4.47,,4.022106,1.91,3.72,3.42,4.06,0.72,0.13,0.08,,,,,,,0.02,,99.36,,,,,,584,,,,,76,,,,,11.5,,5.23,2.88,1.07,,,,5.47,,13.97,,1.03,,,35.5,,0.49,,,,,14.15,32,,,17,,8.45,,255,,,,,,6.46,,413,0.96,0.81,,22.57,,,,7.37,,,29.34,3.3,,338,,,,,,,,,45.537757,,,,,,,,,,,,0
98-633,,Thesis,n/a,A COMPARATIVE STUDY BETWEEN THE GEOCHEMISTRY OF ORE-BEARING AND BARREN CALC-ALKALINE INTRUSIONS,PhD Thesis,Ballard,2001,Chuqui-El Abra,El Abra,Cu-Mo,CA,,,Codelco,n/a,n/a,n/a,n/a,n/a,n/a,,,,,,4,Eocene,35.2,0.4,Campbell et al. 2044,63.2,0.5,Ballard thesis,,,,Ballard_ 2001,Chile,,,,,,,,,,Montecristo Intrusion,,,,,,,57.43,16.32,7.55,,6.79349,3.46,5.48,3.34,3.33,1.14,0.28,0.17,,,,,,,0.01,,98.49,,,,,,465,,,,,55.7,,,,,6.06,,5.59,3.23,1.28,,,,5.81,,6.22,,1.13,,,26,,0.5,,,,,13.37,27.6,,,13,,6.76,,134,,,,,,5.82,,352,0.88,0.9,,12.24,,,,3.34,,,32.16,3.33,,276,,,,,,,,,43.497758,,,,,,,,,,,,0
98-637,,Thesis,n/a,A COMPARATIVE STUDY BETWEEN THE GEOCHEMISTRY OF ORE-BEARING AND BARREN CALC-ALKALINE INTRUSIONS,PhD Thesis,Ballard,2001,Chuqui-El Abra,El Abra,Cu-Mo,CA,,,Codelco,n/a,n/a,n/a,n/a,n/a,n/a,,,,,,4,Eocene,35.2,0.4,Campbell et al. 2045,63.2,0.5,Ballard thesis,,,,Ballard_ 2001,Chile,,,,,,,,,,Montecristo Intrusion,,,,,,,59.83,16.05,7.07,,6.361586,2.6,4.99,3.34,3.56,1.12,0.3,0.14,,,,,,,0.02,,99,,,,,,500,,,,,67.4,,,,,7.31,,6.16,3.51,1.18,,,,6.35,,7.31,,1.26,,,31.1,,0.51,,,,,12.24,32.2,,,12,,8.09,,126,,,,,,6.91,,270,0.93,0.99,,15.25,,,,4.92,,,32.33,3.63,,276,,,,,,,,,42.512077,,,,,,,,,,,,0
98-478,,Thesis,n/a,A COMPARATIVE STUDY BETWEEN THE GEOCHEMISTRY OF ORE-BEARING AND BARREN CALC-ALKALINE INTRUSIONS,PhD Thesis,Ballard,2001,Chuqui-El Abra,El Abra,Cu-Mo,CA,,,Codelco,n/a,n/a,n/a,n/a,n/a,n/a,,,,,,3,Eocene,35.2,0.4,Campbell et al. 2056,60,0,Tsang et al ,,,,Ballard_ 2001,Chile,,,,,,,,,,Cerro Empexa formation volcanics,,,,,,,59.09,16.72,7.13,,6.415574,2.91,4.18,4.03,3.38,1.1,0.29,0.13,,,,,,,0.02,,99,,,,,,543,,,,,53.2,,,,,5.44,,5.43,3.1,1.38,,,,5.6,,5.61,,1.07,,,25.3,,0.45,,,,,10.8,26.7,,,14,,6.43,,85,,,,,,5.93,,354,0.79,0.82,,8.29,,,,2.55,,,29.29,3.16,,225,,,,,,,,,43.37931,,,,,,,,,,,,0
98-479,,Thesis,n/a,A COMPARATIVE STUDY BETWEEN THE GEOCHEMISTRY OF ORE-BEARING AND BARREN CALC-ALKALINE INTRUSIONS,PhD Thesis,Ballard,2001,Chuqui-El Abra,El Abra,Cu-Mo,CA,,,Codelco,n/a,n/a,n/a,n/a,n/a,n/a,,,,,,3,Eocene,35.2,0.4,Campbell et al. 2057,60,0,Tsang et al ,,,,Ballard_ 2001,Chile,,,,,,,,,,Cerro Empexa formation volcanics,,,,,,,58.17,16.33,7.8,,7.01844,2.87,4.57,3.59,3.02,1.17,0.29,0.21,,,,,,,0.01,,98.02,,,,,,535,,,,,53.2,,,,,4.02,,5.4,3.06,1.33,,,,5.6,,5.47,,1.1,,,24.8,,0.43,,,,,10.78,26.9,,,18,,6.45,,81,,,,,,5.92,,332,0.77,0.84,,8.1,,,,2.55,,,30.71,3.22,,228,,,,,,,,,41.921708,,,,,,,,,,,,0
98-480,,Thesis,n/a,A COMPARATIVE STUDY BETWEEN THE GEOCHEMISTRY OF ORE-BEARING AND BARREN CALC-ALKALINE INTRUSIONS,PhD Thesis,Ballard,2001,Chuqui-El Abra,El Abra,Cu-Mo,CA,,,Codelco,n/a,n/a,n/a,n/a,n/a,n/a,,,,,,3,Eocene,35.2,0.4,Campbell et al. 2058,60,0,Tsang et al ,,,,Ballard_ 2001,Chile,,,,,,,,,,Cerro Empexa formation volcanics,,,,,,,70.11,14.78,4.53,,4.076094,0.91,3.12,0.4,4.41,0.49,0.12,0.06,,,,,,,0.08,,99,,,,,,189,,,,,77.5,,,,,6.98,,6.61,3.68,1.38,,,,7.03,,10.02,,1.28,,,36.9,,0.61,,,,,15.74,38.3,,,4,,9.45,,239,,,,,,8.05,,30,1.07,1.09,,15.32,,,,4.91,,,33.61,4.09,,536,,,,,,,,,60.180995,,,,,,,,,,,,0
98-481,,Thesis,n/a,A COMPARATIVE STUDY BETWEEN THE GEOCHEMISTRY OF ORE-BEARING AND BARREN CALC-ALKALINE INTRUSIONS,PhD Thesis,Ballard,2001,Chuqui-El Abra,El Abra,Cu-Mo,CA,,,Codelco,n/a,n/a,n/a,n/a,n/a,n/a,494557,7532400,,,,3,Eocene,35.2,0.4,Campbell et al. 2059,60,0,Tsang et al ,,,,Ballard_ 2001,Chile,,,,,,,,,,Cerro Empexa formation volcanics,,,,,,,68.42,14.92,4.22,,3.797156,0.64,2.49,2.34,5.33,0.43,0.08,0.11,,,,,,,0.01,,99,,,,,,975,,,,,98,,,,,8.71,,8.39,5.2,1.5,,,,8.28,,10.88,,1.78,,,45.3,,0.83,,,,,16.52,46.3,,,11,,11.6,,165,,,,,,9.4,,112,1.21,1.25,,17.91,,,,5.82,,,47.48,5.44,,396,,,,,,,,,55.277778,,,,,,,,,,,,0
98-648,,Thesis,n/a,A COMPARATIVE STUDY BETWEEN THE GEOCHEMISTRY OF ORE-BEARING AND BARREN CALC-ALKALINE INTRUSIONS,PhD Thesis,Ballard,2001,Chuqui-El Abra,El Abra,Cu-Mo,CA,,,Codelco,n/a,n/a,n/a,n/a,n/a,n/a,,,,,,3,Eocene,35.2,0.4,Campbell et al. 2060,60,0,Tsang et al ,,,,Ballard_ 2001,Chile,,,,,,,,,,Cerro Empexa formation volcanics,,,,,,,58.47,15.72,6.54,,5.884692,3.98,5.8,3.73,2.47,0.93,0.32,0.11,,,,,,,0.02,,98.08,,,,,,773,,,,,79.2,,,,,1.16,,3.32,1.63,1.56,,,,4.54,,4.09,,0.59,,,41.4,,0.26,,,,,16.51,34.1,,,32,,9,,62,,,,,,5.96,,718,1.06,0.57,,13.95,,,,3.43,,,17.19,1.72,,169,,,,,,,,,40.362954,,,,,,,,,,,,0
98-646,,Thesis,n/a,A COMPARATIVE STUDY BETWEEN THE GEOCHEMISTRY OF ORE-BEARING AND BARREN CALC-ALKALINE INTRUSIONS,PhD Thesis,Ballard,2001,Chuqui-El Abra,El Abra,Cu-Mo,CA,,,Codelco,n/a,n/a,n/a,n/a,n/a,n/a,,,,,,3,Eocene,35.2,0.4,Campbell et al. 2061,60,0,Tsang et al ,,,,Ballard_ 2001,Chile,,,,,,,,,,Cerro Empexa formation volcanics,,,,,,,53.98,17.7,9.8,,8.81804,5.15,2.58,5.55,2.39,1.37,0.35,0.04,,,,,,,O.Q7,,99,,,,,,445,,,,,62.6,,,,,2.67,,4.07,2.19,1.71,,,,5.2,,3.81,,0.74,,,29.5,,0.31,,,,,12.41,33.4,,,3,,7.98,,82,,,,,,6.55,,403,0.74,0.68,,7.33,,,,1.63,,,19.34,2.07,,139,,,,,,,,,48.117422,,,,,,,,,,,,0
98-643,,Thesis,n/a,A COMPARATIVE STUDY BETWEEN THE GEOCHEMISTRY OF ORE-BEARING AND BARREN CALC-ALKALINE INTRUSIONS,PhD Thesis,Ballard,2001,Chuqui-El Abra,El Abra,Cu-Mo,CA,,,Codelco,n/a,n/a,n/a,n/a,n/a,n/a,,,,,,3,Eocene,35.2,0.4,Campbell et al. 2062,60,0,Tsang et al ,,,,Ballard_ 2001,Chile,,,,,,,,,,Cerro Empexa formation volcanics,,,,,,,60.65,16.65,5.56,,5.002888,3.86,2.34,6.18,2.46,0.84,0.33,0.07,,,,,,,0.06,,99,,,,,,906,,,,,100.9,,,,,2,,3.45,1.76,1.56,,,,4.8,,4.94,,0.61,,,51.9,,0.25,,,,,25.09,41.3,,,15,,10.97,,60,,,,,,7.05,,289,1.53,0.6,,19.77,,,,3.74,,,17.37,1.8,,219,,,,,,,,,42.587601,,,,,,,,,,,,0
98-650,,Thesis,n/a,A COMPARATIVE STUDY BETWEEN THE GEOCHEMISTRY OF ORE-BEARING AND BARREN CALC-ALKALINE INTRUSIONS,PhD Thesis,Ballard,2001,Chuqui-El Abra,El Abra,Cu-Mo,CA,,,Codelco,n/a,n/a,n/a,n/a,n/a,n/a,,,,,,3,Eocene,35.2,0.4,Campbell et al. 2063,60,0,Tsang et al ,,,,Ballard_ 2001,Chile,,,,,,,,,,Cerro Empexa formation volcanics,,,,,,,65.3,15.73,4.31,,3.878138,1.94,1.69,3.78,5.34,0.58,0.23,0.05,,,,,,,0.06,,99,,,,,,1241,,,,,77.9,,,,,1.35,,2.41,1.27,1.13,,,,3.33,,3.89,,0.43,,,44.2,,0.19,,,,,21.61,29.5,,,5,,8.24,,107,,,,,,4.55,,145,1.57,0.41,,17.95,,,,3.92,,,12.21,1.39,,144,,,,,,,,,57.098039,,,,,,,,,,,,0
00-81,,Thesis,n/a,A COMPARATIVE STUDY BETWEEN THE GEOCHEMISTRY OF ORE-BEARING AND BARREN CALC-ALKALINE INTRUSIONS,PhD Thesis,Ballard,2001,Chuqui-El Abra,Radomiro Tomic,Cu-Mo,CA,Giant,125.95984,Codelco,n/a,n/a,n/a,n/a,n/a,n/a,,,,,,1,Eocene,35.2,0.4,Campbell et al. 2074,34,0.4,Ballard thesis,,,,Ballard_ 2001,Chile,,,,,,,,,,Radomiro Tomic minor faces porphyry,,,,,,,69.21,17.06,1.36,,1.223728,0.44,1.75,5.98,2.72,0.25,0.11,,,,,,,,0.12,,99,,,,,,1122,,,,,43,,,,,1.23,,1.36,0.71,0.88,,,,2.04,,3.26,,0.24,,,21.9,,0.12,,,,,8.53,17.4,,,9,,4.6,,75,,,,,,2.91,,808,0.69,,,4.63,,,,3.48,,,6.84,0.74,,124,,,,,,,,,29.017447,,,,,,,,,,,,1
00-82,,Thesis,n/a,A COMPARATIVE STUDY BETWEEN THE GEOCHEMISTRY OF ORE-BEARING AND BARREN CALC-ALKALINE INTRUSIONS,PhD Thesis,Ballard,2001,Chuqui-El Abra,Radomiro Tomic,Cu-Mo,CA,Giant,125.95984,Codelco,n/a,n/a,n/a,n/a,n/a,n/a,,,,,,1,Eocene,35.2,0.4,Campbell et al. 2075,34,0.4,Ballard thesis,,,,Ballard_ 2001,Chile,,,,,,,,,,Radomiro Tomic minor faces porphyry,,,,,,,70.21,16.38,1.02,,0.917796,0.32,1.98,5.03,3.24,0.21,0.09,,,,,,,,0.07,,98.55,,,,,,733,,,,,26.1,,,,,0.83,,0.67,0.37,0.46,,,,0.99,,2.76,,0.12,,,14.2,,0.06,,,,,5.23,9.6,,,5,,2.63,,42,,,,,,1.47,,573,0.39,,,3.35,,,,1.1,,,3.59,0.42,,97,,,,,,,,,33.680227,,,,,,,,,,,,1
00-83,,Thesis,n/a,A COMPARATIVE STUDY BETWEEN THE GEOCHEMISTRY OF ORE-BEARING AND BARREN CALC-ALKALINE INTRUSIONS,PhD Thesis,Ballard,2001,Chuqui-El Abra,Radomiro Tomic,Cu-Mo,CA,Giant,125.95984,Codelco,n/a,n/a,n/a,n/a,n/a,n/a,,,,,,1,Eocene,35.2,0.4,Campbell et al. 2076,34,0.4,Ballard thesis,,,,Ballard_ 2001,Chile,,,,,,,,,,Radomiro Tomic minor faces porphyry,,,,,,,71.19,16.02,0.84,,0.755832,0.29,2.03,5.03,3.23,0.21,0.08,0.01,,,,,,,0.07,,99,,,,,,724,,,,,31,,,,,0.69,,0.88,0.48,0.51,,,,1.23,,2.66,,0.17,,,16.3,,0.08,,,,,5.65,11.8,,,18,,3.28,,33,,,,,,1.85,,560,0.44,,,3.94,,,,1.03,,,4.81,0.52,,91,,,,,,,,,33.270321,,,,,,,,,,,,1
00-87,,Thesis,n/a,A COMPARATIVE STUDY BETWEEN THE GEOCHEMISTRY OF ORE-BEARING AND BARREN CALC-ALKALINE INTRUSIONS,PhD Thesis,Ballard,2001,Chuqui-El Abra,Radomiro Tomic,Cu-Mo,CA,Giant,125.95984,Codelco,n/a,n/a,n/a,n/a,n/a,n/a,,,,,,1,Eocene,35.2,0.4,Campbell et al. 2077,34,0.4,Ballard thesis,,,,Ballard_ 2001,Chile,,,,,,,,,,Radomiro Tomic minor faces porphyry,,,,,,,72.45,15.06,0.88,,0.791824,0.39,1.23,4.36,3.85,0.2,0.03,,,,,,,,0.01,,98.45,,,,,,722,,,,,21,,,,,1.09,,0.63,0.3,0.45,,,,0.91,,2.17,,0.11,,,11,,0.06,,,,,4.23,8.5,,,3,,2.25,,37,,,,,,1.39,,459,0.32,,,2.62,,,,0.88,,,3.23,0.39,,84,,,,,,,,,43.133266,,,,,,,,,,,,1
00-80,,Thesis,n/a,A COMPARATIVE STUDY BETWEEN THE GEOCHEMISTRY OF ORE-BEARING AND BARREN CALC-ALKALINE INTRUSIONS,PhD Thesis,Ballard,2001,Chuqui-El Abra,Radomiro Tomic,Cu-Mo,CA,Giant,125.95984,Codelco,n/a,n/a,n/a,n/a,n/a,n/a,,,,,,1,Eocene,35.2,0.4,Campbell et al. 2078,34.6,0.4,Ballard thesis,,,,Ballard_ 2001,Chile,,,,,,,,,,Radomiro Tomic major faces porphyry,,,,,,,70.51,16.57,4.28,,3.851144,0.21,0.33,0.31,5.98,0.24,0.09,0.19,,,,,,,0.28,,99,,,,,,954,,,,,33.2,,,,,1.91,,1.03,0.52,0.5,,,,1.33,,3.07,,0.18,,,17.6,,0.1,,,,,6.32,12.1,,,6,,3.42,,93,,,,,,1.83,,116,0.47,,,6.81,,,,1.32,,,5.3,0.69,,113,,,,,,,,,90.629575,,,,,,,,,,,,1
00-84,,Thesis,n/a,A COMPARATIVE STUDY BETWEEN THE GEOCHEMISTRY OF ORE-BEARING AND BARREN CALC-ALKALINE INTRUSIONS,PhD Thesis,Ballard,2001,Chuqui-El Abra,Radomiro Tomic,Cu-Mo,CA,Giant,125.95984,Codelco,n/a,n/a,n/a,n/a,n/a,n/a,,,,,,1,Eocene,35.2,0.4,Campbell et al. 2079,34.6,0.4,Ballard thesis,,,,Ballard_ 2001,Chile,,,,,,,,,,Radomiro Tomic major faces porphyry,,,,,,,69.08,15.73,2.13,,1.916574,0.78,3.03,4.32,3.41,0.29,0.13,0.07,,,,,,,0.04,,99,,,,,,863,,,,,34.9,,,,,1.14,,1.06,0.57,0.61,,,,1.45,,2.73,,0.2,,,19.2,,0.09,,,,,6.15,13.2,,,27,,3.55,,74,,,,,,2.07,,645,0.49,,,4.14,,,,3.75,,,5.84,0.62,,102,,,,,,,,,36.308492,,,,,,,,,,,,1
00-85,,Thesis,n/a,A COMPARATIVE STUDY BETWEEN THE GEOCHEMISTRY OF ORE-BEARING AND BARREN CALC-ALKALINE INTRUSIONS,PhD Thesis,Ballard,2001,Chuqui-El Abra,Radomiro Tomic,Cu-Mo,CA,Giant,125.95984,Codelco,n/a,n/a,n/a,n/a,n/a,n/a,,,,,,1,Eocene,35.2,0.4,Campbell et al. 2080,34.6,0.4,Ballard thesis,,,,Ballard_ 2001,Chile,,,,,,,,,,Radomiro Tomic major faces porphyry,,,,,,,71.52,15.91,0.69,,0.620862,0.36,1.51,4.12,4.37,0.26,0.05,,,,,,,,0.21,,99,,,,,,1374,,,,,37.1,,,,,0.77,,0.94,0.49,0.52,,,,1.42,,2.47,,0.17,,,19.9,,0.09,,,,,8.31,,,,3.71,,4.76,,60,,,,,,2.16,,13.3,0.69,,,6.52,,,,1.67,,,5.13,0.58,,85,,,,,,,,,45.656371,,,,,,,,,,,,1
00-86,,Thesis,n/a,A COMPARATIVE STUDY BETWEEN THE GEOCHEMISTRY OF ORE-BEARING AND BARREN CALC-ALKALINE INTRUSIONS,PhD Thesis,Ballard,2001,Chuqui-El Abra,Radomiro Tomic,Cu-Mo,CA,Giant,125.95984,Codelco,n/a,n/a,n/a,n/a,n/a,n/a,,,,,,1,Eocene,35.2,0.4,Campbell et al. 2081,34.6,0.4,Ballard thesis,,,,Ballard_ 2001,Chile,,,,,,,,,,Radomiro Tomic major faces porphyry,,,,,,,72.34,15.87,0.54,,0.485892,0.46,1.52,4.38,3.49,0.23,0.05,,,,,,,,0.12,,99,,,,,,563,,,,,29,,,,,1.07,,0.71,0.38,0.46,,,,1.09,,3.24,,0.12,,,15.6,,0.08,,,,,6.15,10.4,,,3,,2.97,,58,,,,,,1.63,,454,0.51,,,5.72,,,,9.42,,,3.81,0.5,,111,,,,,,,,,40.101523,,,,,,,,,,,,1
ES-12781,,Thesis,n/a,GENESIS OF THE EL SALVADOR PORPHYRY COPPER DEPOSIT_ CHILE AND DISTRIBUTION OF EPITHERMAL ALTERATION AT LASSEN PEAK_ CALIFORNIA,PhD Thesis,Lee,2008,El Salvador,El Salvador,Cu-Mo,CA,Giant,17.148,Codelco,,,,,,,,,,,Post,2,Eocene,43.3,0.4,Lee_ 2008,43.3,0.4,Lee_ 2008,,,,Lee_ 2008,Chile,,,,,,,,,,R porphyry,R ppy,,,,INTRUSIVE,,58.22,16.8,,,7.26,0.77,3.57,4.52,2.04,1.051,0.331,0.161,,3.94,,,,,0.524398,,94.72,,,4,,,486,,1,,,43.69,,,11,,11.76,49,1.96,0.74,1.42,,,23,3.43,,3.8,,0.32,,,20.3,,0.08,,,,,7.54,24.15,24,,7.68,,5.76,,36.1,,,5.4,,,4.91,,653,0.46,0.42,,1.66,,,0.09,0.65,113,,8.27,0.49,815,145,,,,,,,,,25.779817,1.05785,0.367009,11.133787,29.716697,78.960097,4.503448,0.544552,1332.653061,161.143055,20.925926,,1
ES-12782,,Thesis,n/a,GENESIS OF THE EL SALVADOR PORPHYRY COPPER DEPOSIT_ CHILE AND DISTRIBUTION OF EPITHERMAL ALTERATION AT LASSEN PEAK_ CALIFORNIA,PhD Thesis,Lee,2008,El Salvador,El Salvador,Cu-Mo,CA,Giant,17.148,Codelco,,,,,,,444306,7097266,2624,,Post,2,Eocene,43.3,0.4,Lee_ 2008,43.3,0.4,Lee_ 2008,,,,Lee_ 2008,Chile,,,,,,,,,,R porphyry,R ppy,,,,INTRUSIVE,,63.43,16.37,,,3.98,1.39,0.42,2.55,7.22,0.55,0.198,0.141,,2.63,,,,,0.873997,,96.26,,,6,,,1671,,,,,30.53,,,5,,2.97,80,2.16,1.03,1.06,,,18,2.71,,2.93,,0.39,,,14.58,,0.14,,,,,6.42,15.51,6,,15.43,,3.86,,149,,,4.1,,,3.32,,227,0.58,0.39,,2.83,,,0.15,1.15,72,,10.22,0.88,234,111,,,,,,,,,74.352332,1.080378,0.208709,4.191919,11.88435,22.21135,2.045045,0.200102,257.954545,25.240171,17.560976,163.502935,1
ES-12783,,Thesis,n/a,GENESIS OF THE EL SALVADOR PORPHYRY COPPER DEPOSIT_ CHILE AND DISTRIBUTION OF EPITHERMAL ALTERATION AT LASSEN PEAK_ CALIFORNIA,PhD Thesis,Lee,2008,El Salvador,El Salvador,Cu-Mo,CA,Giant,17.148,Codelco,,,,,,,444568,7097125,2661,,Syn,1,Eocene,43.3,0.4,Lee_ 2008,42.8,0.5,Lee_ 2008,,,,Lee_ 2008,Chile,,,,,,,,,,A porphyry,A ppy,,,,INTRUSIVE,,57.26,18.77,,,6.36,2.42,1.6,5.37,1.82,0.985,0.326,0.029,,3.51,,,,,0.449484,,94.94,,,2,,,345,,,,,32.98,,,7,,9.08,3703,7.04,3.24,2.03,,,23,7.27,,3.57,,1.32,,,15.37,,0.33,,,,,6.48,18.42,9,,7.79,,4.33,,81.4,,,8.4,,,5.08,,498,0.42,1.22,,1.73,,,0.43,1.71,139,,31.99,2.35,233,139,,,,,,,,,37.823372,1.021223,0.073876,2.401891,4.691444,15.567365,3.582734,0.111995,211.914894,6.624411,16.547619,,1
ES-12785a,,Thesis,n/a,GENESIS OF THE EL SALVADOR PORPHYRY COPPER DEPOSIT_ CHILE AND DISTRIBUTION OF EPITHERMAL ALTERATION AT LASSEN PEAK_ CALIFORNIA,PhD Thesis,Lee,2008,El Salvador,El Salvador,Cu-Mo,CA,Giant,17.148,Codelco,,,,,,,444410,7096410,2440,,Syn,1,Eocene,43.3,0.4,Lee_ 2008,42.9,0.4,Lee_ 2008,,,,Lee_ 2008,Chile,,,,,,,,,,K porphyry,K ppy,,,,INTRUSIVE,,66.62,14.36,,,2.32,1.27,2.66,4.24,3.68,0.559,0.17,0.012,,2.58,,,,,2.522106,,95.89,,,1,,,588,,2,,,26.73,,,6,,2.85,722,1.3,0.54,0.84,,,18,1.99,,2.69,,0.22,,,12.67,,0.07,,,,,6.09,13.76,6,,5.15,,3.43,,73.3,,,3.6,,,2.76,,447,0.47,0.26,,2.64,,,0.07,0.54,72,,5.81,0.42,24,104,,,,,,,,,41.772152,1.095776,0.443528,7.301587,21.638537,76.936317,4.298077,0.739772,1064.285714,183.181706,20,101.204819,1
ES-12786,,Thesis,n/a,GENESIS OF THE EL SALVADOR PORPHYRY COPPER DEPOSIT_ CHILE AND DISTRIBUTION OF EPITHERMAL ALTERATION AT LASSEN PEAK_ CALIFORNIA,PhD Thesis,Lee,2008,El Salvador,El Salvador,Cu-Mo,CA,Giant,17.148,Codelco,,,,,,,,,,,Late intra,1,Eocene,43.3,0.4,Lee_ 2008,41.8,0.5,Lee_ 2008,,,,Lee_ 2008,Chile,,,,,,,,,,L porphyry,L ppy,,,,INTRUSIVE,,63.54,17.33,,,3.41,1.42,4.18,5.4,1.77,0.745,0.235,0.011,,0.89,,,,,1.073768,,98.04,,,,,,500,,2,,,38.68,,,7,,4.82,319,1.72,0.63,1.24,,,22,2.96,,3.7,,0.29,,,17.54,,0.07,,,,,7.12,20.72,6,,3.39,,5.06,,60.2,,,4.2,,,4.08,,724,0.51,0.36,,2.68,,,0.08,0.69,88,,7.26,0.49,15,146,,,,,,,,,24.980423,1.090861,0.378462,9.251701,25.676397,99.724518,4.958904,0.683045,1477.55102,203.519424,20.952381,68.870523,1
ES-12787,,Thesis,n/a,GENESIS OF THE EL SALVADOR PORPHYRY COPPER DEPOSIT_ CHILE AND DISTRIBUTION OF EPITHERMAL ALTERATION AT LASSEN PEAK_ CALIFORNIA,PhD Thesis,Lee,2008,El Salvador,El Salvador,Cu-Mo,CA,Giant,17.148,Codelco,,,,,,,444390,7096420,2440,,Late intra,1,Eocene,43.3,0.4,Lee_ 2008,41.8,0.5,Lee_ 2008,,,,Lee_ 2008,Chile,,,,,,,,,,L porphyry,L ppy,,,,INTRUSIVE,,65.83,16.37,,,2.95,1.29,3.81,4.89,2.39,0.658,0.202,0.03,,0.82,,,,,0.499427,,98.43,,,4,,,545,,1,,,40.9,,,8,,2.24,239,1.62,0.64,1.13,,,21,2.73,,3.23,,0.27,,,19.97,,0.08,,,,,7.01,19.98,7,,4.05,,5.06,,49.4,,,3.9,,,3.83,,616,0.54,0.34,,3.49,,,0.08,1.43,73,,7.01,0.5,29,121,,,,,,,,,29.725363,1.068369,0.363246,8.511111,28.648945,87.874465,5.090909,0.726235,1232,175.74893,18.717949,77.746077,1
ES-12789a,,Thesis,n/a,GENESIS OF THE EL SALVADOR PORPHYRY COPPER DEPOSIT_ CHILE AND DISTRIBUTION OF EPITHERMAL ALTERATION AT LASSEN PEAK_ CALIFORNIA,PhD Thesis,Lee,2008,El Salvador,El Salvador,Cu-Mo,CA,Giant,17.148,Codelco,,,,,,,443412,7094339,2850,,Pre,2,Eocene,43.3,0.4,Lee_ 2008,43.9,0.4,Lee_ 2008,,,,Lee_ 2008,Chile,,,,,,,,,,L porphyry (Granite Gulch),L ppy GG,,,,INTRUSIVE,,61.99,17.08,,,5.54,1.73,3.46,4.98,1.91,0.745,0.276,0.033,,1.13,,,,,0.249713,,97.75,,,,,,505,,1,,,37.95,,,7,,4.96,1242,2.29,1.02,1.09,,,21,3.24,,3.48,,0.42,,,19.15,,0.14,,,,,6.37,19.4,13,,9.8,,4.78,,64,,,6.4,,,4.02,,624,0.48,0.45,,3.19,,,0.14,1.01,103,,10.9,0.85,201,133,,,,,,,,,30.13245,0.923346,0.184669,5.254902,16.160338,57.247706,4.691729,0.430434,734.117647,67.350243,16.09375,46.330275,1
ES-12789a dupe,,Thesis,n/a,GENESIS OF THE EL SALVADOR PORPHYRY COPPER DEPOSIT_ CHILE AND DISTRIBUTION OF EPITHERMAL ALTERATION AT LASSEN PEAK_ CALIFORNIA,PhD Thesis,Lee,2008,El Salvador,El Salvador,Cu-Mo,CA,Giant,17.148,Codelco,,,,,,,443412,7094339,2850,,Pre,2,Eocene,43.3,0.4,Lee_ 2008,43.9,0.4,Lee_ 2008,,,,Lee_ 2008,Chile,,,,,,,,,,L porphyry (Granite Gulch),L ppy GG,,,,INTRUSIVE,,61.65,16.93,,,5.59,1.71,3.42,4.95,1.9,0.739,0.275,0.033,,1.13,,,,,0.199771,,97.19,,,3,,,510,,2,,,38.27,,,8,,4.97,1223,2.29,1.03,1.09,,,22,3.26,,3.53,,0.43,,,19.27,,0.14,,,,,6.4,19.47,12,,9.74,,4.84,,63.8,,,6.7,,,4.03,,626,0.49,0.45,,3.32,,,0.14,1.01,102,,10.99,0.88,198,132,,,,,,,,,30.133556,0.919367,0.177605,5.088384,15.707231,56.960874,4.742424,0.431522,711.363636,64.728265,15.223881,46.405823,1
ES-12789b,,Thesis,n/a,GENESIS OF THE EL SALVADOR PORPHYRY COPPER DEPOSIT_ CHILE AND DISTRIBUTION OF EPITHERMAL ALTERATION AT LASSEN PEAK_ CALIFORNIA,PhD Thesis,Lee,2008,El Salvador,El Salvador,Cu-Mo,CA,Giant,17.148,Codelco,,,,,,,,,,,Late intra,1,Eocene,43.3,0.4,Lee_ 2008,41.8,0.5,Lee_ 2008,,,,Lee_ 2008,Chile,,,,,,,,,,Breccia,Breccia,,,,INTRUSIVE,,75.64,16.32,,,1.22,0.13,0.27,0.68,2.86,0.228,0.024,0.011,,2.31,,,,,0.024971,,97.38,,,6,,,435,,1,,,22.58,,,13,,4.17,193,1.47,1.01,0.33,,,18,1.49,,5.75,,0.33,,,14.4,,0.18,,,,,22.81,8.6,2,,12.79,,2.48,,70.2,,,3.8,,,1.9,,298,1.71,0.23,,15.2,,,0.17,2.59,24,,9.01,1.1,29,182,,,,,,,,,75.888325,0.599608,0.092667,1.919192,9.390104,33.074362,1.637363,0.181727,270.909091,30.067602,6.315789,,1
ES-12790,,Thesis,n/a,GENESIS OF THE EL SALVADOR PORPHYRY COPPER DEPOSIT_ CHILE AND DISTRIBUTION OF EPITHERMAL ALTERATION AT LASSEN PEAK_ CALIFORNIA,PhD Thesis,Lee,2008,El Salvador,El Salvador,Cu-Mo,CA,Giant,17.148,Codelco,,,,,,,,,,,Late intra,1,Eocene,43.3,0.4,Lee_ 2008,41.8,0.5,Lee_ 2008,,,,Lee_ 2008,Chile,,,,,,,,,,L porphyry,L ppy,,,,INTRUSIVE,,61.63,18.26,,,3.63,2.62,2.47,5.73,2.65,0.869,0.089,0.023,,1.15,,,,,0.249713,,97.97,,,,,,269,,1,,,38.58,,,13,,10.02,1461,1.58,0.81,1.01,,,23,2.22,,3.24,,0.3,,,19.65,,0.14,,,,,6.35,17.19,10,,4.95,,4.66,,134.7,,,10.3,,,2.97,,562,0.48,0.3,,3.21,,,0.12,0.73,119,,7.59,0.84,171,119,,,,,,,,,39.123979,1.202514,0.243366,3.928571,16.779687,74.044796,4.722689,0.622225,669.047619,88.148566,11.553398,35.44137,1
ES-12791,,Thesis,n/a,GENESIS OF THE EL SALVADOR PORPHYRY COPPER DEPOSIT_ CHILE AND DISTRIBUTION OF EPITHERMAL ALTERATION AT LASSEN PEAK_ CALIFORNIA,PhD Thesis,Lee,2008,El Salvador,Old Camp,Cu-Mo,CA,Small,,Codelco,,,,,,,444950,7098730,2711,,Pre,2,Eocene,43.3,0.4,Lee_ 2008,43.6,0.3,Lee_ 2008,,,,Lee_ 2008,Chile,,,,,,,,,,Late quartz porphyry,Late Qtz ppy,,,,INTRUSIVE,,66.84,19.22,,,0.98,0.11,0.29,3.91,1.14,0.597,0.122,0.001,,6.38,,,,,0.424513,,93.21,,,14,,,146,,5,,,32.54,,,3,,1.27,66,2.66,0.76,2,,,21,5.58,,2.85,,0.36,,,14.26,,0.1,,,,,7.76,19.28,,,4.16,,4.46,,36.9,,,4.6,,,6.07,,452,0.69,0.66,,3.04,,,0.1,2.02,65,,7.36,0.59,21,119,,,,,,,,,22.93578,1.050612,0.302719,11.431262,17.336766,61.413043,3.798319,0.516076,766.101695,104.089904,14.130435,19.836957,1
ES-12792,,Thesis,n/a,GENESIS OF THE EL SALVADOR PORPHYRY COPPER DEPOSIT_ CHILE AND DISTRIBUTION OF EPITHERMAL ALTERATION AT LASSEN PEAK_ CALIFORNIA,PhD Thesis,Lee,2008,El Salvador,El Salvador,Cu-Mo,CA,Giant,17.148,Codelco,,,,,,,443800,7096245,2476,,Post,2,Eocene,43.3,0.4,Lee_ 2008,41.6,0.5,Lee_ 2008,,,,Lee_ 2008,Chile,,,,,,,,,,Latite dike,Latite dike,,,,INTRUSIVE,,60.08,16.09,,,3.85,1.62,5.11,4.33,2.01,0.881,0.268,0.063,,4.96,,,,,0.224742,,94.31,,,7,,,535,,1,,,40.41,,,10,,2.62,40,1.75,0.65,1.22,,,22,3.04,,3.46,,0.29,,,19.25,,0.07,,,,,7.04,21.37,13,,4.86,,5.22,,32.5,,,6.1,,,4.22,,656,0.43,0.36,,1.82,,,0.09,0.77,100,,7.35,0.51,75,127,,,,,,,,,27.773527,1.041335,0.347112,9.1939,27.074543,89.251701,5.165354,0.702769,1286.27451,175.003335,16.393443,72.789116,1
ES-12793,,Thesis,n/a,GENESIS OF THE EL SALVADOR PORPHYRY COPPER DEPOSIT_ CHILE AND DISTRIBUTION OF EPITHERMAL ALTERATION AT LASSEN PEAK_ CALIFORNIA,PhD Thesis,Lee,2008,El Salvador,El Salvador,Cu-Mo,CA,Giant,17.148,Codelco,,,,,,,,,,,Post,2,Eocene,43.3,0.4,Lee_ 2008,41.6,0.5,Lee_ 2008,,,,Lee_ 2008,Chile,,,,,,,,,,Latite dike,Latite dike,,,,INTRUSIVE,,62.9,15.87,,,3.61,1.63,2.63,3.24,2.57,0.774,0.233,0.025,,5.13,,,,,1.623137,,93.49,,,9,,,460,,,,,34.7,,,8,,5.94,1107,1.61,0.69,1.03,,,18,2.58,,3.12,,0.28,,,16.49,,0.09,,,,,6.27,17.74,12,,36.23,,4.42,,51.5,,,6.3,,,3.55,,463,0.42,0.33,,1.88,,,0.1,0.82,100,,7.06,0.58,168,120,,,,,,,,,41.708044,1.040487,0.30497,6.800766,20.393569,65.580737,3.858333,0.546506,798.275862,113.070235,15.873016,65.155807,1
ES-12794,,Thesis,n/a,GENESIS OF THE EL SALVADOR PORPHYRY COPPER DEPOSIT_ CHILE AND DISTRIBUTION OF EPITHERMAL ALTERATION AT LASSEN PEAK_ CALIFORNIA,PhD Thesis,Lee,2008,El Salvador,El Salvador,Cu-Mo,CA,Giant,17.148,Codelco,,,,,,,,,,,Syn,1,Eocene,43.3,0.4,Lee_ 2008,43.8,0.7,Lee_ 2008,,,,Lee_ 2008,Chile,,,,,,,,,,X porphyry,X ppy,,,,INTRUSIVE,,56.09,15.28,,,5.01,1.67,4.54,3.69,2.17,0.872,0.25,0.016,,6.98,,,,,5.718438,,89.6,,,5,,,326,,,,,34.63,,,9,,1.9,3060,2.32,1,1.15,,,15,3.27,,2.69,,0.42,,,15.23,,0.13,,,,,5.74,19.87,12,,5.15,,4.73,,39.5,,,7.6,,,4.21,,778,0.38,0.44,,1.39,,,0.14,0.63,116,,10.67,0.85,35,106,,,,,,,,,31.814416,0.94756,0.189512,5.503268,12.852321,72.914714,7.339623,0.687875,915.294118,85.782017,15.263158,,1
ES-12795,,Thesis,n/a,GENESIS OF THE EL SALVADOR PORPHYRY COPPER DEPOSIT_ CHILE AND DISTRIBUTION OF EPITHERMAL ALTERATION AT LASSEN PEAK_ CALIFORNIA,PhD Thesis,Lee,2008,El Salvador,El Salvador,Cu-Mo,CA,Giant,17.148,Codelco,,,,,,,,,,,Syn,1,Eocene,43.3,0.4,Lee_ 2008,43.8,0.7,Lee_ 2008,,,,Lee_ 2008,Chile,,,,,,,,,,X porphyry,X ppy,,,,INTRUSIVE,,57.33,18.28,,,2.66,1.88,5.46,5.62,1.92,0.843,0.302,0.009,,2.83,,,,,5.219011,,94.32,,,,,,304,,2,,,31.8,,,4,,4.32,2163,2.12,0.98,1.22,,,21,2.99,,3.56,,0.39,,,15.06,,0.12,,,,,5.37,17.83,6,,4.49,,4.15,,66.7,,,6.9,,,3.72,,749,0.37,0.42,,1.72,,,0.14,0.35,112,,10.16,0.79,20,152,,,,,,,,,25.537634,1.118347,0.240657,5.232068,13.674091,73.720472,4.927632,0.485003,948.101266,93.317054,16.231884,,1
ES-12796,,Thesis,n/a,GENESIS OF THE EL SALVADOR PORPHYRY COPPER DEPOSIT_ CHILE AND DISTRIBUTION OF EPITHERMAL ALTERATION AT LASSEN PEAK_ CALIFORNIA,PhD Thesis,Lee,2008,El Salvador,El Salvador,Cu-Mo,CA,Giant,17.148,Codelco,,,,,,,,,,,Late intra,1,Eocene,43.3,0.4,Lee_ 2008,43.8,0.7,Lee_ 2008,,,,Lee_ 2008,Chile,,,,,,,,,,L porphyry,L ppy,,,,INTRUSIVE,,62.67,16.61,,,3.21,1.49,3.82,4.81,2.2,0.727,0.232,0.029,,2.55,,,,,2.572049,,95.8,,,1,,,609,,1,,,34.78,,,4,,2.84,518,1.6,0.62,1.16,,,21,2.71,,3.25,,0.27,,,16.26,,0.07,,,,,6.65,18.5,6,,5.47,,4.52,,48.5,,,4.7,,,3.75,,619,0.47,0.34,,2.34,,,0.08,0.59,86,,6.97,0.49,50,121,,,,,,,,,29.951299,1.112452,0.385953,8.503401,23.802635,88.809182,5.115702,0.73396,1263.265306,181.243229,18.297872,87.374462,1
ES-12800,,Thesis,n/a,GENESIS OF THE EL SALVADOR PORPHYRY COPPER DEPOSIT_ CHILE AND DISTRIBUTION OF EPITHERMAL ALTERATION AT LASSEN PEAK_ CALIFORNIA,PhD Thesis,Lee,2008,El Salvador,El Salvador,Cu-Mo,CA,Giant,17.148,Codelco,,,,,,,444806,7097301,2700,,Late intra,1,Eocene,43.3,0.4,Lee_ 2008,43.8,0.6,Lee_ 2008,,,,Lee_ 2008,Chile,,,,,,,,,,L porphyry,L ppy,,,,INTRUSIVE,,63.22,17.2,,,3.72,1.67,1.8,5.87,2.41,0.65,0.181,0.027,,2.05,,,,,0.299656,,96.75,,,3,,,480,,,,,44.87,,,4,,4.42,3714,2.8,1.54,1.35,,,21,3.11,,3.36,,0.55,,,23.19,,0.23,,,,,6.93,20.61,7,,11.76,,5.42,,90,,,7.2,,,4.01,,471,0.54,0.47,,2.81,,,0.24,1.46,95,,13.75,1.5,187,125,,,,,,,,,34.723404,1.168705,0.132453,2.97037,11.089451,34.254545,3.768,0.274036,314,22.836364,13.194444,34.909091,1
ES-12804,,Thesis,n/a,GENESIS OF THE EL SALVADOR PORPHYRY COPPER DEPOSIT_ CHILE AND DISTRIBUTION OF EPITHERMAL ALTERATION AT LASSEN PEAK_ CALIFORNIA,PhD Thesis,Lee,2008,El Salvador,El Salvador,Cu-Mo,CA,Giant,17.148,Codelco,,,,,,,,,,,Late intra,1,Eocene,43.3,0.4,Lee_ 2008,43.8,0.6,Lee_ 2008,,,,Lee_ 2008,Chile,,,,,,,,,,L porphyry,L ppy,,,,INTRUSIVE,,60.66,16.67,,,5.65,1.44,2.56,3.97,3.44,0.752,0.242,0.019,,2.8,,,,,1.523252,,95.41,,,3,,,708,,1,,,73.09,,,7,,9.8,2464,1.7,0.62,1.47,,,22,3.32,,3.49,,0.28,,,40.02,,0.07,,,,,6.39,29.35,11,,5.3,,8.12,,127.3,,,4.4,,,4.97,,561,0.49,0.37,,2.26,,,0.08,2.13,105,,6.89,0.48,161,131,,,,,,,,,42.7695,1.106353,0.391833,11.50463,59.804852,81.422351,4.282443,0.621545,1168.75,169.629898,23.863636,102.75762,1
ES-12807,,Thesis,n/a,GENESIS OF THE EL SALVADOR PORPHYRY COPPER DEPOSIT_ CHILE AND DISTRIBUTION OF EPITHERMAL ALTERATION AT LASSEN PEAK_ CALIFORNIA,PhD Thesis,Lee,2008,El Salvador,El Salvador,Cu-Mo,CA,Giant,17.148,Codelco,,,,,,,443780,7095770,2384,,Syn,1,Eocene,43.3,0.4,Lee_ 2008,42.3,0.5,Lee_ 2008,,,,Lee_ 2008,Chile,,,,,,,,,,K porphyry,K ppy,,,,INTRUSIVE,,64.19,14.85,,,3.1,1.47,4,4.35,1.25,0.582,0.173,0.011,,3.99,,,,,3.620845,,93.99,,,2,,,517,,1,,,37.17,,,5,,1.44,407,1.68,0.66,0.99,,,20,2.75,,2.6,,0.27,,,18.16,,0.08,,,,,5.92,18.33,6,,3.2,,4.61,,24.6,,,4.4,,,3.61,,552,0.41,0.34,,1.87,,,0.09,0.38,96,,7.58,0.52,22,113,,,,,,,,,24.570912,0.960592,0.31404,7.713675,25.050308,72.823219,4.884956,0.644453,1061.538462,140.044652,21.818182,68.205805,1
ES-12808,,Thesis,n/a,GENESIS OF THE EL SALVADOR PORPHYRY COPPER DEPOSIT_ CHILE AND DISTRIBUTION OF EPITHERMAL ALTERATION AT LASSEN PEAK_ CALIFORNIA,PhD Thesis,Lee,2008,El Salvador,Old Camp,Cu-Mo,CA,Small,,Codelco,,,,,,,445110,7098940,2650,,Pre,2,Eocene,43.3,0.4,Lee_ 2008,43.6,0.6,Lee_ 2008,,,,Lee_ 2008,Chile,,,,,,,,,,Quartz porphyry,Qtz ppy,,,,INTRUSIVE,,81.14,5.38,,,2.6,0.23,0.06,0.58,3.26,0.126,0.026,0.011,,4.27,,,,,1.573195,,93.41,,,19,,,589,,4,,,10.54,,,5,,0.44,10517,0.77,0.38,0.31,,,6,1,,0.96,,0.14,,,5.03,,0.06,,,,,3.35,5.25,3,,4.76,,1.34,,36.2,,,1.4,,,1.17,,44,0.36,0.14,,1.86,,,0.06,0.41,19,,4,0.34,39,29,,,,,,,,,84.503632,0.876178,0.438089,3.823529,10.611814,11,1.517241,0.37931,129.411765,32.352941,13.571429,,1
ES-12809,,Thesis,n/a,GENESIS OF THE EL SALVADOR PORPHYRY COPPER DEPOSIT_ CHILE AND DISTRIBUTION OF EPITHERMAL ALTERATION AT LASSEN PEAK_ CALIFORNIA,PhD Thesis,Lee,2008,El Salvador,El Salvador,Cu-Mo,CA,Giant,17.148,Codelco,,,,,,,,,,,Post,2,Eocene,43.3,0.4,Lee_ 2008,41.6,0.5,Lee_ 2008,,,,Lee_ 2008,Chile,,,,,,,,,,Latite dike,Latite dike,,,,INTRUSIVE,,60.61,16.18,,,6.15,1.17,3.38,4.23,2.12,0.843,0.258,0.061,,3.81,,,,,0.674226,,95,,,5,,,557,,2,,,40.05,,,12,,2.19,87,1.71,0.62,1.18,,,23,2.86,,3.64,,0.28,,,19.19,,0.07,,,,,7.03,20.81,16,,8.35,,5.14,,34.3,,,5.5,,,4,,573,0.45,0.35,,1.8,,,0.08,0.78,92,,6.73,0.48,218,128,,,,,,,,,30.183486,1.066578,0.377746,9.259259,28.677039,85.141159,4.476562,0.665165,1193.75,177.377415,16.727273,82.763744,1
ES-12810,,Thesis,n/a,GENESIS OF THE EL SALVADOR PORPHYRY COPPER DEPOSIT_ CHILE AND DISTRIBUTION OF EPITHERMAL ALTERATION AT LASSEN PEAK_ CALIFORNIA,PhD Thesis,Lee,2008,El Salvador,El Salvador,Cu-Mo,CA,Giant,17.148,Codelco,,,,,,,,,,,Syn,1,Eocene,43.3,0.4,Lee_ 2008,43.8,0.7,Lee_ 2008,,,,Lee_ 2008,Chile,,,,,,,,,,X porphyry,X ppy,,,,INTRUSIVE,,61.01,21.12,,,3.14,0.28,0.06,0.33,3.22,0.804,0.154,,,8.95,,,,,0.674226,,90.11,,,1,,,363,,,,,9.85,,,5,,2.01,1468,0.49,0.22,0.33,,,19,0.82,,2.95,,0.09,,,4.66,,0.03,,,,,5.89,5.27,7,,4.44,,1.29,,51.8,,,7,,,1.1,,126,0.4,0.11,,0.92,,,0.03,0.46,147,,1.65,0.2,21,131,,,,,,,,,89.974293,1.062269,0.902928,6.111111,16.71308,76.363636,0.961832,0.582929,630,381.818182,21,220,1
ES-12811,,Thesis,n/a,GENESIS OF THE EL SALVADOR PORPHYRY COPPER DEPOSIT_ CHILE AND DISTRIBUTION OF EPITHERMAL ALTERATION AT LASSEN PEAK_ CALIFORNIA,PhD Thesis,Lee,2008,El Salvador,El Salvador,Cu-Mo,CA,Giant,17.148,Codelco,,,,,,,444610,7096745,2574,,Syn,1,Eocene,43.3,0.4,Lee_ 2008,43.8,0.7,Lee_ 2008,,,,Lee_ 2008,Chile,,,,,,,,,,X porphyry,X ppy,,,,INTRUSIVE,,61.92,22.12,,,1.78,0.18,0.06,0.13,1.59,0.802,0.192,,,10.31,,,,,0.649255,,88.77,,,18,,,253,,,,,31.31,,,6,,1.4,2403,1.2,0.48,1.01,,,20,2.46,,2.96,,0.19,,,14.51,,0.07,,,,,7.26,17.55,13,,3.99,,4.17,,30.3,,,5.3,,,3.88,,371,0.5,0.27,,1.89,,,0.07,0.5,94,,4.06,0.43,51,139,,,,,,,,,90.306122,0.999451,0.395132,10.02584,24.20469,91.37931,2.669065,0.657405,862.790698,212.510024,17.735849,62.315271,1
ES-12812,,Thesis,n/a,GENESIS OF THE EL SALVADOR PORPHYRY COPPER DEPOSIT_ CHILE AND DISTRIBUTION OF EPITHERMAL ALTERATION AT LASSEN PEAK_ CALIFORNIA,PhD Thesis,Lee,2008,El Salvador,El Salvador,Cu-Mo,CA,Giant,17.148,Codelco,,,,,,,,,,,Post,2,Eocene,43.3,0.4,Lee_ 2008,41.6,0.5,Lee_ 2008,,,,Lee_ 2008,Chile,,,,,,,,,,Latite dike,Latite dike,,,,INTRUSIVE,,58.86,15.72,,,6.98,0.91,3.19,4.22,2.05,0.851,0.254,0.071,,5.83,,,,,0.174799,,93.12,,,7,,,516,,1,,,39.15,,,9,,9.98,48,1.67,0.66,1.21,,,22,2.96,,3.4,,0.29,,,18.69,,0.07,,,,,6.84,20.68,14,,5.96,,5.08,,38.2,,,5.7,,,4.05,,567,0.44,0.36,,1.78,,,0.08,0.78,99,,7.02,0.47,137,125,,,,,,,,,28.543877,1.068404,0.386444,9.574468,28.524104,80.769231,4.536,0.646154,1206.382979,171.849427,17.368421,,1
ES-12813,,Thesis,n/a,GENESIS OF THE EL SALVADOR PORPHYRY COPPER DEPOSIT_ CHILE AND DISTRIBUTION OF EPITHERMAL ALTERATION AT LASSEN PEAK_ CALIFORNIA,PhD Thesis,Lee,2008,El Salvador,El Salvador,Cu-Mo,CA,Giant,17.148,Codelco,,,,,,,,,,,Syn,1,Eocene,43.3,0.4,Lee_ 2008,43.8,0.7,Lee_ 2008,,,,Lee_ 2008,Chile,,,,,,,,,,X porphyry,X ppy,,,,INTRUSIVE,,62.32,19.13,,,4.99,0.1,0.05,0.31,2.15,0.817,0.317,,,8.88,,,,,0.724169,,90.18,,,,,,220,,,,,24.73,,,9,,0.88,11,0.88,0.36,0.66,,,5,1.5,,2.46,,0.15,,,11.78,,0.06,,,,,5.86,12.22,1,,2.08,,3.12,,35.7,,,3.9,,,2.25,,194,0.39,0.18,,0.98,,,0.05,0.57,77,,3.4,0.36,10,134,,,,,,,,,86.206897,1.098325,0.518653,6.944444,23.471636,57.058824,1.447761,0.425812,538.888889,158.496732,19.74359,64.705882,1
ES-12814,,Thesis,n/a,GENESIS OF THE EL SALVADOR PORPHYRY COPPER DEPOSIT_ CHILE AND DISTRIBUTION OF EPITHERMAL ALTERATION AT LASSEN PEAK_ CALIFORNIA,PhD Thesis,Lee,2008,El Salvador,El Salvador,Cu-Mo,CA,Giant,17.148,Codelco,,,,,,,,,,,Late intra,1,Eocene,43.3,0.4,Lee_ 2008,43.8,0.7,Lee_ 2008,,,,Lee_ 2008,Chile,,,,,,,,,,L porphyry,L ppy,,,,INTRUSIVE,,64.06,17.91,,,3.12,1.53,2.95,5.28,1.89,0.791,0.248,0.013,,1.56,,,,,0.124857,,97.79,,,1,,,531,,,,,45.69,,,8,,4.42,342,2.03,0.77,1.36,,,22,3.42,,3.18,,0.33,,,22.08,,0.09,,,,,7.17,22.89,9,,4.65,,5.76,,51.6,,,5.3,,,4.51,,641,0.5,0.42,,2.78,,,0.1,0.78,92,,8.69,0.56,43,145,,,,,,,,,29.356223,1.058671,0.321382,8.948413,28.282098,73.762946,4.42069,0.50871,1144.642857,131.719546,17.358491,61.104718,1
IM40,,GEOROC,10.2113/gsecongeo.96.2.271,Geologic Evolution of the Escondida Area_ Northern Chile: A Model for Spatial and Temporal Localization of Porphyry Cu Mineralization,Econ. Geol.,Richards et al.,2001,Escondida,Escondida,Cu-Mo,CA,N/A,N/A,Escondida,,,,,,,,,,,Pre,4,Palaeozoic,37.9,1.1,Richards et al 2001,267.6,4.3,,,,,Richards et al 2001,Chile,,,,,,,,,RHYOLITE,Rhyolitic vitrophyre,Pz rp,,,,VOLCANIC,,70.93,14.17,3.53,,3.176294,0.63,1.2,3.38,4.19,0.48,0.11,0.07,,1.02,,,,,0.027,,99.71,,,8,,,1100,,,,0.04,71,,,0.88,,2.2,4.3,5.2,3.1,1.5,,,17,5.5,,5.5,,1.1,,,35,14,0.47,1.5,,,,8.2,30,1.2,,14,,8.1,,140,,0.92,10,,,6.2,2.4,350,,0.81,,11,,0.74,0.49,3,34,,30,3.3,36,200,,,,,,,,,51.276596,0.785304,0.040455,2.087542,7.607723,11.666667,1.75,0.058333,106.060606,3.535354,3.4,,0
IM43,,GEOROC,10.2113/gsecongeo.96.2.271,Geologic Evolution of the Escondida Area_ Northern Chile: A Model for Spatial and Temporal Localization of Porphyry Cu Mineralization,Econ. Geol.,Richards et al.,2001,Escondida,Escondida,Cu-Mo,CA,N/A,N/A,Escondida,,,,,,,,,,,Pre,4,Palaeozoic,37.9,1.1,Richards et al 2001,267.6,4.3,,,,,Richards et al 2001,Chile,,,,,,,,,ANDESITE,Andesite porphyry,Pz ap,,,,VOLCANIC,,61.84,15.8,5.83,,5.245834,2.88,4.1,2.87,3.36,0.64,0.13,0.1,,1.86,,,,,0.011,,99.4,,,5,,,540,,,,0.1,43,,,15,,4.4,59,3.6,2.1,0.85,,,17,3.5,,4.4,,0.75,,,21,32,0.31,1.2,,,,6.9,18,14,,13,,4.9,,130,,0.5,19,,,3.8,1.1,310,,0.58,,14,,0.52,0.33,3.8,140,,21,2.3,59,180,,,,,,,,,47.236942,0.712552,0.052667,1.835749,6.549257,14.761905,1.722222,0.082011,134.782609,6.418219,7.368421,25.714286,0
IM58,,GEOROC,10.2113/gsecongeo.96.2.271,Geologic Evolution of the Escondida Area_ Northern Chile: A Model for Spatial and Temporal Localization of Porphyry Cu Mineralization,Econ. Geol.,Richards et al.,2001,Escondida,Escondida,Cu-Mo,CA,N/A,N/A,Escondida,,,,,,,,,,,Pre,4,Palaeozoic,37.9,1.1,Richards et al 2001,267.6,4.3,,,,,Richards et al 2001,Chile,,,,,,,,,ANDESITE,Andesitic vitrophyre,Pz and,,,,VOLCANIC,,60.74,22.58,8.11,,7.297378,0.64,0.97,1.11,2.83,0.83,0.12,0.03,,1.43,,,,,0.012,,99.39,,,12,,,600,,,,0.03,49,,,140,,19,13,3.9,2.1,1.5,,,19,5.2,,4.9,,0.77,,,29,47,0.32,2.9,,,,5,24,26,,8,,6.1,,160,,0.62,70,,,5.7,1.9,310,,0.68,,19,,1,0.33,2.3,290,,20,2.2,30,190,,,,,,,,,62.522523,0.842317,0.065088,2.878788,9.455313,15.5,1.631579,0.081579,140.909091,7.045455,4.142857,30,0
IM85,,GEOROC,10.2113/gsecongeo.96.2.271,Geologic Evolution of the Escondida Area_ Northern Chile: A Model for Spatial and Temporal Localization of Porphyry Cu Mineralization,Econ. Geol.,Richards et al.,2001,Escondida,Escondida,Cu-Mo,CA,N/A,N/A,Escondida,,,,,,,,,,,Pre,4,Palaeozoic,37.9,1.1,Richards et al 2001,267.6,4.3,,,,,Richards et al 2001,Chile,,,,,,,,,DACITE,Dacite porphyry,Pz ap,,,,VOLCANIC,,63.56,16.07,5.66,,5.092868,2.41,4.25,3.18,2.53,0.69,0.17,0.1,,1.38,,,,,0.011,,100,,,8,,,670,,,,0.11,45,,,10,,3.8,50,3.8,2.3,1,,,18,4,,4.9,,0.8,,,22,30,0.35,0.86,,,,5.3,20,9.9,,9.8,,5.3,,71,,0.14,16,,,4.3,1.3,380,,0.6,,5.6,,0.32,0.35,1.6,110,,22,2.1,57,180,,,,,,,,,39.935327,0.737156,0.059675,2.275132,7.514567,17.272727,2.111111,0.09596,180.952381,8.225108,6.875,30.454545,0
IM86,,GEOROC,10.2113/gsecongeo.96.2.271,Geologic Evolution of the Escondida Area_ Northern Chile: A Model for Spatial and Temporal Localization of Porphyry Cu Mineralization,Econ. Geol.,Richards et al.,2001,Escondida,Escondida,Cu-Mo,CA,N/A,N/A,Escondida,,,,,,,,,,,Pre,4,Palaeozoic,37.9,1.1,Richards et al 2001,267.6,4.3,,,,,Richards et al 2001,Chile,,,,,,,,,DACITE,Dacite porphyry,Pz ap,,,,VOLCANIC,,64.4,15.64,5.33,,4.795934,2.27,3.66,3.55,2.63,0.67,0.16,0.1,,1.4,,,,,0.011,,99.81,,,5,,,670,,,,0.13,46,,,10,,3.5,47,3.8,2.3,1,,,17,4,,5,,0.78,,,22,23,0.36,0.68,,,,4.5,21,9.8,,12,,5.4,,78,,0.22,14,,,4.4,1.5,360,,0.58,,6.4,,0.34,0.34,1.7,98,,23,2.2,53,180,,,,,,,,,40.462428,0.728731,0.056311,2.222222,7.172996,15.652174,2,0.086957,163.636364,7.114625,7,29.130435,0
ZAL2,,GEOROC,10.2113/gsecongeo.96.2.271,Geologic Evolution of the Escondida Area_ Northern Chile: A Model for Spatial and Temporal Localization of Porphyry Cu Mineralization,Econ. Geol.,Richards et al.,2001,Escondida,Zaldivar,Cu-Mo,CA,N/A,N/A,Escondida,,,,,,,,,,,Pre,4,Palaeozoic,37.9,1.1,Richards et al 2001,267.6,4.3,,,,,Richards et al 2001,Chile,,,,,,,,,RHYOLITE,Rhyolitic vitrophyre (Zaldivar),Pz rp,,,,VOLCANIC,,78.6,11.31,1.42,,1.277716,0.2,0.06,1.39,2.82,0.18,0.03,0.02,,2.38,,,,,1.7,,98.41,,,5,,,690,,,,,53,,,0.45,,1.9,990,3.6,2.4,0.54,,,14,3.4,,4,,0.79,,,26,2.6,0.42,2.5,,,,8.8,20,0.76,,25,,5.7,,120,,0.31,6,,,3.9,6.2,37,,0.55,,11,,0.92,0.41,1.9,5.5,,23,2.8,8,130,,,,,,,,,67.561521,0.453363,0.027526,1.547619,6.660639,1.608696,0.284615,0.012375,13.214286,0.574534,0.916667,,0
ZAL3,,GEOROC,10.2113/gsecongeo.96.2.271,Geologic Evolution of the Escondida Area_ Northern Chile: A Model for Spatial and Temporal Localization of Porphyry Cu Mineralization,Econ. Geol.,Richards et al.,2001,Escondida,Zaldivar,Cu-Mo,CA,N/A,N/A,Escondida,,,,,,,,,,,Pre,4,Palaeozoic,37.9,1.1,Richards et al 2001,267.6,4.3,,,,,Richards et al 2001,Chile,,,,,,,,,RHYOLITE,Rhyolitic vitrophyre (Antigua),Pz rp,,,,VOLCANIC,,74.43,14.62,1.72,,1.547656,0.34,0.07,1.91,2.09,0.59,0.06,0.02,,3.75,,,,,0.66,,99.59,,,7,,,810,,,,0.03,67,,,3.2,,3.4,260,4.6,2.7,1.4,,,17,4.7,,5.7,,0.98,,,33,5,0.44,5.7,,,,3.8,28,1.1,,46,,7.4,,100,,0.59,12,,,5.6,3.9,140,,0.72,,9.8,,1.3,0.43,2,33,,27,2.9,29,230,,,,,,,,,55.102041,0.834274,0.048906,2.145594,8.162375,5.185185,0.608696,0.022544,48.275862,1.787995,2.75,,0
IM72,,GEOROC,10.2113/gsecongeo.96.2.271,Geologic Evolution of the Escondida Area_ Northern Chile: A Model for Spatial and Temporal Localization of Porphyry Cu Mineralization,Econ. Geol.,Richards et al.,2001,Escondida,Escondida,Cu-Mo,CA,N/A,N/A,Escondida,,,,,,,,,,,Pre,4,Triassic,37.9,1.1,Richards et al 2001,267.6,4.3,,,,,Richards et al 2001,Chile,,,,,,,,,ANDESITE_ BASALTIC,Basaltic andesite,Tr and,,,,VOLCANIC,,53.06,17.79,7.99,,7.189402,6.1,7.55,2.75,0.83,0.69,0.12,0.16,,2.33,,,,,0.011,,99.37,,,6,,,250,,,,0.22,19,,,88,,5.8,79,2.5,1.5,0.82,,,17,2.6,,2.1,,0.55,,,8.7,38,0.21,0.45,,,,2.3,10,62,,6.4,,2.4,,21,,0.4,30,,,2.6,0.62,470,,0.4,,2.4,,0.21,0.23,0.68,220,,16,1.6,60,78,,,,,,,,,40.220546,0.964193,0.102446,1.805556,3.900316,29.375,6.025641,0.376603,293.75,18.359375,7.333333,,0
IM88,,GEOROC,10.2113/gsecongeo.96.2.271,Geologic Evolution of the Escondida Area_ Northern Chile: A Model for Spatial and Temporal Localization of Porphyry Cu Mineralization,Econ. Geol.,Richards et al.,2001,Escondida,Escondida,Cu-Mo,CA,N/A,N/A,Escondida,,,,,,,,,,,Pre,4,Triassic,37.9,1.1,Richards et al 2001,267.6,4.3,,,,,Richards et al 2001,Chile,,,,,,,,,ANDESITE_ BASALTIC,Basaltic andesite,Tr and,,,,VOLCANIC,,54.6,16.75,7.56,,6.802488,5.97,5.97,3.51,1.07,0.99,0.26,0.14,,2.34,,,,,0.24,,99.14,,,5,,,330,,,,0.16,32,,,190,,2,52,3.5,2,1.1,,,18,3.5,,3.3,,0.71,,,15,12,0.28,1.2,,,,6.3,16,100,,8,,3.9,,23,,0.53,24,,,3.7,0.86,600,,0.54,,1.6,,0.27,0.3,0.45,170,,19,1.9,72,140,,,,,,,,,42.615012,0.934505,0.083614,2.163743,5.662891,31.578947,4.285714,0.225564,315.789474,16.620499,7.083333,,0
IM89,,GEOROC,10.2113/gsecongeo.96.2.271,Geologic Evolution of the Escondida Area_ Northern Chile: A Model for Spatial and Temporal Localization of Porphyry Cu Mineralization,Econ. Geol.,Richards et al.,2001,Escondida,Escondida,Cu-Mo,CA,N/A,N/A,Escondida,,,,,,,,,,,Pre,4,Triassic,37.9,1.1,Richards et al 2001,267.6,4.3,,,,,Richards et al 2001,Chile,,,,,,,,,RHYOLITE,Rhyolitic tuff,Tr rhy,,,,VOLCANIC,,73.04,13.59,1.01,,0.908798,0.49,1.13,1.37,3.06,0.15,0.03,0.03,,2.62,,,,,0.93,,96.52,,,5,,,660,,,,0.16,14,,,5.6,,2.9,8.5,3.4,2.2,0.13,,,17,2.2,,2.2,,0.74,,,6,7.4,0.33,0.51,,,,7.6,5.6,2.2,,14,,1.6,,110,,0.24,6.7,,,1.9,1.8,120,,0.49,,9.8,,0.76,0.35,4.9,8.8,,22,2.3,18,52,,,,,,,,,58.677686,0.194392,0.014368,0.917874,1.871216,5.454545,2.307692,0.104895,52.173913,2.371542,1.313433,,0
IM95,,GEOROC,10.2113/gsecongeo.96.2.271,Geologic Evolution of the Escondida Area_ Northern Chile: A Model for Spatial and Temporal Localization of Porphyry Cu Mineralization,Econ. Geol.,Richards et al.,2001,Escondida,Escondida,Cu-Mo,CA,N/A,N/A,Escondida,,,,,,,,,,,Pre,4,Triassic,37.9,1.1,Richards et al 2001,267.6,4.3,,,,,Richards et al 2001,Chile,,,,,,,,,RHYOLITE,Rhyolitic tuff,Tr rhy,,,,VOLCANIC,,74.23,13.65,0.93,,0.836814,0.42,2.23,1.47,2.41,0.15,0.04,0.06,,3.72,,,,,1,,99.33,,,,,,160,,,,2.1,16,,,5.8,,1.9,10,3,1.9,0.17,,,17,2.1,,1.9,,0.66,,,7,28,0.28,2,,,,6.1,6.6,4.5,,170,,2,,100,,0.33,6.1,,,2,1.6,54,,0.45,,8.4,,0.98,0.3,3.7,14,,19,2,180,49,,,,,,,,,43.338438,0.253599,0.021556,1.111111,2.510549,2.842105,1.102041,0.058002,27,1.421053,2.295082,,0
IM96,,GEOROC,10.2113/gsecongeo.96.2.271,Geologic Evolution of the Escondida Area_ Northern Chile: A Model for Spatial and Temporal Localization of Porphyry Cu Mineralization,Econ. Geol.,Richards et al.,2001,Escondida,Escondida,Cu-Mo,CA,N/A,N/A,Escondida,,,,,,,,,,,Pre,4,Triassic,37.9,1.1,Richards et al 2001,267.6,4.3,,,,,Richards et al 2001,Chile,,,,,,,,,ANDESITE_ BASALTIC,Basaltic andesite,Tr and,,,,VOLCANIC,,52.82,17.6,8.1,,7.28838,6.34,6.86,2.88,0.66,0.97,0.31,0.15,,2.62,,,,,0.98,,99.31,,,9,,,240,,,,0.43,36,,,150,,3.9,45,3.6,2,1.2,,,19,3.8,,3.3,,0.73,,,16,35,0.27,0.68,,,,6.7,18,115,,8.2,,4.4,,19,,0.83,25,,,4.1,1.1,680,,0.58,,1.9,,0.17,0.3,0.49,190,,20,1.8,62,150,,,,,,,,,41.81601,0.92944,0.08778,2.530864,6.375996,34,4.533333,0.226667,377.777778,18.888889,7.6,,0
IM98,,GEOROC,10.2113/gsecongeo.96.2.271,Geologic Evolution of the Escondida Area_ Northern Chile: A Model for Spatial and Temporal Localization of Porphyry Cu Mineralization,Econ. Geol.,Richards et al.,2001,Escondida,Escondida,Cu-Mo,CA,N/A,N/A,Escondida,,,,,,,,,,,Pre,4,Triassic,37.9,1.1,Richards et al 2001,267.6,4.3,,,,,Richards et al 2001,Chile,,,,,,,,,RHYOLITE,Rhyolitic vitrophyre,Tr rhy,,,,VOLCANIC,,74.34,12.69,0.51,,0.458898,0.21,0.65,4.6,3.02,0.09,0.02,0.06,,3.7,,,,,0.011,,99.9,,,2,,,180,,,,0.03,16,,,0.6,,23,1.2,2.5,1.7,0.13,,,15,1.8,,1.7,,0.55,,,6.8,4.9,0.25,1.1,,,,4.9,5.9,0.71,,19,,1.7,,200,,0.48,3.7,,,1.6,1.8,174,,0.37,,9,,2.3,0.26,4.3,1.2,,17,1.8,17,38,,,,,,,,,38.089623,0.234191,0.022118,0.987654,2.709798,10.235294,4.578947,0.26935,96.666667,5.686275,0.324324,,0
IM122,,GEOROC,10.2113/gsecongeo.96.2.271,Geologic Evolution of the Escondida Area_ Northern Chile: A Model for Spatial and Temporal Localization of Porphyry Cu Mineralization,Econ. Geol.,Richards et al.,2001,Escondida,Escondida,Cu-Mo,CA,N/A,N/A,Escondida,,,,,,,,,,,Pre,4,Triassic,37.9,1.1,Richards et al 2001,267.6,4.3,,,,,Richards et al 2001,Chile,,,,,,,,,RHYOLITE,Rhyolitic vitrophyre,Tr rhy,,,,VOLCANIC,,73.42,12.26,0.52,,0.467896,0.14,0.45,4.77,3.02,0.08,0.02,0.07,,3.75,,,,,0.015,,98.51,,,3,,,190,,,,,15,,,0.06,,13,1.3,2.4,1.6,0.12,,,14,1.8,,1.7,,0.53,,,6.6,4.6,0.25,1.2,,,,3.4,5.5,0.28,,22,,1.8,,200,,0.32,4.2,,,1.7,1.6,64,,0.34,,9,,2.5,0.26,4.1,1.1,,16,1.7,17,37,,,,,,,,,37.708831,0.209722,0.020972,1.111111,2.78481,4,1.72973,0.108108,37.647059,2.352941,0.261905,,0
IM156,,GEOROC,10.2113/gsecongeo.96.2.271,Geologic Evolution of the Escondida Area_ Northern Chile: A Model for Spatial and Temporal Localization of Porphyry Cu Mineralization,Econ. Geol.,Richards et al.,2001,Escondida,Escondida,Cu-Mo,CA,N/A,N/A,Escondida,,,,,,,,,,,Pre,4,Cretaceous,37.9,1.1,Richards et al 2001,76.9,1.2,,,,,Richards et al 2001,Chile,,,,,,,,,GABBRO,Hornblende gabbro,K g,,,,INTRUSIVE,,44.76,18.9,6.95,,6.25361,7.44,13.13,1.5,1.79,1.13,0.15,0.11,,3.5,,,,,0.014,,99.34,,,3,,,150,,,,0.07,18,,,310,,4.5,17,2.3,1.2,0.96,,,17,2.6,,2.3,,0.45,,,8,34,0.15,0.45,,,,11,10,110,,0.88,,2.3,,56,,0.22,42,,,2.6,2.1,540,,0.39,,1.3,,0.44,0.16,0.27,170,,12,0.96,33,71,,,,,,,,,38.68399,1.128812,0.199894,3.009259,5.977496,45,7.605634,0.633803,562.5,46.875,4.047619,,0
IM158,,GEOROC,10.2113/gsecongeo.96.2.271,Geologic Evolution of the Escondida Area_ Northern Chile: A Model for Spatial and Temporal Localization of Porphyry Cu Mineralization,Econ. Geol.,Richards et al.,2001,Escondida,Escondida,Cu-Mo,CA,N/A,N/A,Escondida,,,,,,,,,,,Pre,4,Cretaceous,37.9,1.1,Richards et al 2001,76.9,1.2,,,,,Richards et al 2001,Chile,,,,,,,,,GABBRO,Hornblende gabbro,K g,,,,INTRUSIVE,,45.63,17.55,11.32,,10.185736,6.18,8.18,3.38,1.62,1.74,0.6,0.08,,2.84,,,,,0.011,,99.12,,,3,,,260,,,,,43,,,120,,0.93,4.8,4.5,2.3,1.5,,,21,5.3,,4.8,,0.85,,,19,32,0.34,0.31,,,,30,24,62,,1,,5.6,,54,,0.11,21,,,5.3,1.3,890,,0.72,,2.8,,0.21,0.33,0.5,170,,24,2.2,30,186,,,,,,,,,40.289256,0.865245,0.06686,2.676768,6.19486,37.083333,4.784946,0.199373,404.545455,16.856061,8.095238,,0
IM159,,GEOROC,10.2113/gsecongeo.96.2.271,Geologic Evolution of the Escondida Area_ Northern Chile: A Model for Spatial and Temporal Localization of Porphyry Cu Mineralization,Econ. Geol.,Richards et al.,2001,Escondida,Escondida,Cu-Mo,CA,N/A,N/A,Escondida,,,,,,,,,,,Pre,4,Cretaceous,37.9,1.1,Richards et al 2001,74,2,,,,,Richards et al 2001,Chile,,,,,,,,,GABBRO,Hornblende gabbro,K g,,,,INTRUSIVE,,45.28,19.85,11.56,,10.401688,5.35,10.71,2.82,0.96,1.87,0.23,0.13,,0.77,,,,,0.085,,99.51,,,3,,,180,,,,0.05,20,,,12,,0.87,19,2.1,1.1,1.3,,,22,2.5,,1.5,,0.41,,,10,12,0.13,0.46,,,,7.4,11,17,,1.8,,2.5,,25,,0.05,21,,,2.6,0.74,900,,0.35,,0.97,,0.01,0.15,0.28,250,,12,0.92,31,57,,,,,,,,,31.804435,1.558871,0.288052,3.140097,7.796735,75,15.789474,1.315789,978.26087,81.521739,11.904762,,0
IM128,,GEOROC,10.2113/gsecongeo.96.2.271,Geologic Evolution of the Escondida Area_ Northern Chile: A Model for Spatial and Temporal Localization of Porphyry Cu Mineralization,Econ. Geol.,Richards et al.,2001,Escondida,Escondida,Cu-Mo,CA,Giant,85.80502,Escondida,,,,,,,,,,,?Pre-Early,2,Palaeocene-Eocene,37.9,1.1,Richards et al 2001,37.87,0.28,,,,,Richards et al 2001,Chile,,,,,,,,,ANDESITE_ BASALTIC,Basaltic andesite,Tand,,,,VOLCANIC,,54.46,17.69,7.34,,6.604532,3.49,7.91,2.88,1.54,0.82,0.27,0.11,,2.36,,,,,0.011,,98.86,,,4,,,530,,,,0.07,40,,,11,,2.6,57,3.1,1.6,1.2,,,18,3.5,,3.2,,0.59,,,20,22,0.23,1.4,,,,6.8,19,14,,8.2,,4.8,,46,,1.2,17,,,4.1,1,590,,0.52,,4,,0.2,0.24,1,160,,17,1.6,79,130,,,,,,,,,31.795196,0.968454,0.102898,2.847222,8.966245,34.705882,4.538462,0.266968,368.75,21.691176,9.411765,,1
IM8,,GEOROC,10.2113/gsecongeo.96.2.271,Geologic Evolution of the Escondida Area_ Northern Chile: A Model for Spatial and Temporal Localization of Porphyry Cu Mineralization,Econ. Geol.,Richards et al.,2001,Escondida,Escondida,Cu-Mo,CA,Giant,85.80502,Escondida,,,,,,,,,,,?Pre-Early,2,Palaeocene-Eocene,37.9,1.1,Richards et al 2001,37.87,0.28,,,,,Richards et al 2001,Chile,,,,,,,,,DIORITE,Diorite,T di,,,,INTRUSIVE,,58.25,16.95,5.41,,4.867918,2.58,5.97,3.64,1.93,0.74,0.28,0.1,,0.29,,,,,0.011,,96.15,,,2,,,660,,,,0.08,47,,,16,,2.2,63,2.6,1.4,1.2,,,20,3.5,,4.3,,0.5,,,23,13,0.2,1,,,,6.5,22,14,,9.8,,5.5,,52,,0.1,12,,,4.1,0.95,650,,0.41,,4.6,,0.18,0.21,0.87,110,,15,1.3,73,170,,,,,,,,,31.94051,0.968454,0.126644,3.504274,12.690685,43.333333,3.823529,0.254902,500,33.333333,9.166667,,1
IM10,,GEOROC,10.2113/gsecongeo.96.2.271,Geologic Evolution of the Escondida Area_ Northern Chile: A Model for Spatial and Temporal Localization of Porphyry Cu Mineralization,Econ. Geol.,Richards et al.,2001,Escondida,Escondida,Cu-Mo,CA,Giant,85.80502,Escondida,,,,,,,,,,,?Pre-Early,2,Palaeocene-Eocene,37.9,1.1,Richards et al 2001,37.87,0.28,,,,,Richards et al 2001,Chile,,,,,,,,,DIORITE,Diorite,T di,,,,INTRUSIVE,,59.69,17.27,5.54,,4.984892,2.95,5.77,3.37,2.03,0.77,0.27,0.09,,1.49,,,,,0.011,,99.24,,,2,,,610,,,,0.06,46,,,18,,0.63,53,2.4,1.3,1.1,,,20,3.2,,4,,0.46,,,22,27,0.19,1.6,,,,7.8,21,16,,9.9,,5.3,,54,,0.1,11,,,4,0.98,690,,0.4,,5.1,,0.22,0.19,1.3,100,,14,1.2,58,150,,,,,,,,,35.269122,0.939964,0.133162,3.703704,13.150492,49.285714,4.6,0.328571,575,41.071429,9.090909,,1
IM14,,GEOROC,10.2113/gsecongeo.96.2.271,Geologic Evolution of the Escondida Area_ Northern Chile: A Model for Spatial and Temporal Localization of Porphyry Cu Mineralization,Econ. Geol.,Richards et al.,2001,Escondida,Escondida,Cu-Mo,CA,Giant,85.80502,Escondida,,,,,,,,,,,?Pre-Early,2,Palaeocene-Eocene,37.9,1.1,Richards et al 2001,37.87,0.28,,,,,Richards et al 2001,Chile,,,,,,,,,DIORITE,Diorite,T di,,,,INTRUSIVE,,59.87,18.47,6.35,,5.71373,2.88,6.49,3.65,1.3,0.88,0.3,0.12,,0.2,,,,,0.011,,100.51,,,2,,,550,,,,0.04,42,,,4.2,,1.3,35,2.9,1.5,1.3,,,24,3.5,,3.8,,0.58,,,20,16,0.22,1.2,,,,6,20,4.5,,8.3,,5,,35,,0.09,12,,,4.1,1,680,,0.49,,3.8,,0.17,0.22,0.63,120,,17,1.5,76,140,,,,,,,,,29.189944,1.049158,0.118905,3.037037,9.563994,40,4.857143,0.285714,453.333333,26.666667,10,,1
IM45,,GEOROC,10.2113/gsecongeo.96.2.271,Geologic Evolution of the Escondida Area_ Northern Chile: A Model for Spatial and Temporal Localization of Porphyry Cu Mineralization,Econ. Geol.,Richards et al.,2001,Escondida,Escondida,Cu-Mo,CA,Giant,85.80502,Escondida,,,,,,,,,,,?Pre-Early,2,Palaeocene-Eocene,37.9,1.1,Richards et al 2001,37.87,0.28,,,,,Richards et al 2001,Chile,,,,,,,,,DIORITE,Diorite,T di,,,,INTRUSIVE,,58.52,17.56,5.65,,5.08387,3.1,6.1,3.69,1.62,0.86,0.31,0.11,,1.58,,,,,0.13,,99.09,,,5,,,570,,,,0.02,45,,,18,,1.2,48,2.3,1.2,1.2,,,20,3.3,,4,,0.45,,,22,20,0.17,0.61,,,,7.9,21,15,,6.7,,5.3,,46,,0.06,12,,,4.1,0.88,860,,0.41,,4,,0.25,0.17,0.78,110,,14,1.1,82,160,,,,,,,,,32.52929,0.997369,0.154139,4.141414,14.345992,61.428571,5.375,0.383929,781.818182,55.844156,9.166667,,1
IM46,,GEOROC,10.2113/gsecongeo.96.2.271,Geologic Evolution of the Escondida Area_ Northern Chile: A Model for Spatial and Temporal Localization of Porphyry Cu Mineralization,Econ. Geol.,Richards et al.,2001,Escondida,Escondida,Cu-Mo,CA,Giant,85.80502,Escondida,,,,,,,,,,,?Pre-Early,2,Eocene,37.9,1.1,Richards et al 2001,38.28,0.32,,,,,Richards et al 2001,Chile,,,,,,,,,DIORITE,Diorite porphyry,T di,,,,INTRUSIVE,,61.44,16.68,4.76,,4.283048,2.49,4.46,3.86,2.22,0.66,0.24,0.09,,1.81,,,,,0.33,,98.71,,,7,,,700,,,,0.08,45,,,11,,1.1,48,2.3,1.2,0.97,,,18,2.9,,3.9,,0.44,,,23,15,0.17,0.92,,,,5.9,20,11,,5.3,,5.2,,71,,0.26,10,,,3.6,0.88,640,,0.4,,5.9,,0.32,0.19,1.3,100,,14,1.1,37,170,,,,,,,,,36.147352,0.917794,0.141841,3.636364,14.998082,45.714286,3.764706,0.268908,581.818182,41.558442,10,50,1
IM47,,GEOROC,10.2113/gsecongeo.96.2.271,Geologic Evolution of the Escondida Area_ Northern Chile: A Model for Spatial and Temporal Localization of Porphyry Cu Mineralization,Econ. Geol.,Richards et al.,2001,Escondida,Escondida,Cu-Mo,CA,Giant,85.80502,Escondida,,,,,,,,,,,?Pre-Early,2,Eocene,37.9,1.1,Richards et al 2001,37.87,0.28,,,,,Richards et al 2001,Chile,,,,,,,,,DIORITE,Diorite porphyry,T di,,,,INTRUSIVE,,57.79,18.49,6.42,,5.776716,3.41,6.6,3.43,1.45,0.87,0.35,0.11,,1.05,,,,,0.011,,99.89,,,3,,,530,,,,0.16,42,,,16,,0.49,47,2.7,1.4,1.2,,,22,3.3,,3.3,,0.51,,,20,13,0.17,1.3,,,,8,21,13,,6.2,,5,,34,,0.06,14,,,4.1,0.9,720,,0.45,,2.7,,0.15,0.19,0.63,130,,15,1.3,76,140,,,,,,,,,32.639355,0.997369,0.130425,3.504274,11.035378,48,5.142857,0.342857,553.846154,36.923077,9.285714,,1
IM50,,GEOROC,10.2113/gsecongeo.96.2.271,Geologic Evolution of the Escondida Area_ Northern Chile: A Model for Spatial and Temporal Localization of Porphyry Cu Mineralization,Econ. Geol.,Richards et al.,2001,Escondida,Escondida,Cu-Mo,CA,Giant,85.80502,Escondida,,,,,,,,,,,?Pre-Early,2,Palaeocene-Eocene,37.9,1.1,Richards et al 2001,37.87,0.28,,,,,Richards et al 2001,Chile,,,,,,,,,DIORITE,Diorite porphyry,T di,,,,INTRUSIVE,,58.12,17.81,6.4,,5.75872,3.76,6.81,3.27,1.41,0.94,0.3,0.11,,1.17,,,,,0.012,,100.11,,,2,,,550,,,,0.15,42,,,42,,0.28,21,2.5,1.2,1.2,,,20,3.2,,3.2,,0.46,,,21,9.3,0.16,1.2,,,,7,20,22,,6.8,,5,,34,,0.22,17,,,3.8,1.1,690,,0.44,,3.9,,0.14,0.18,1,170,,14,1.1,80,140,,,,,,,,,33.901639,1.052054,0.16259,3.838384,13.693901,49.285714,4.928571,0.352041,627.272727,44.805195,10,,1
IM52,,GEOROC,10.2113/gsecongeo.96.2.271,Geologic Evolution of the Escondida Area_ Northern Chile: A Model for Spatial and Temporal Localization of Porphyry Cu Mineralization,Econ. Geol.,Richards et al.,2001,Escondida,Escondida,Cu-Mo,CA,Giant,85.80502,Escondida,,,,,,,,,,,?Pre-Early,2,Palaeocene-Eocene,37.9,1.1,Richards et al 2001,37.87,0.28,,,,,Richards et al 2001,Chile,,,,,,,,,DIORITE,Diorite porphyry,T di,,,,INTRUSIVE,,57.29,17.53,6.32,,5.686736,3.77,6.58,3.34,1.48,0.9,0.3,0.1,,1.22,,,,,0.015,,98.84,,,7,,,550,,,,0.12,42,,,40,,0.46,21,2.5,1.2,1.1,,,20,3.3,,3.1,,0.46,,,21,14,0.16,1.6,,,,7,20,22,,6.9,,4.9,,42,,0.17,16,,,3.9,0.98,770,,0.45,,3.8,,0.15,0.19,0.96,150,,14,1.1,75,130,,,,,,,,,34.607779,0.937405,0.144872,3.939394,13.693901,55,5.923077,0.423077,700,50,9.375,,1
IM53,,GEOROC,10.2113/gsecongeo.96.2.271,Geologic Evolution of the Escondida Area_ Northern Chile: A Model for Spatial and Temporal Localization of Porphyry Cu Mineralization,Econ. Geol.,Richards et al.,2001,Escondida,Escondida,Cu-Mo,CA,Giant,85.80502,Escondida,,,,,,,,,,,?Pre-Early,2,Palaeocene-Eocene,37.9,1.1,Richards et al 2001,37.87,0.28,,,,,Richards et al 2001,Chile,,,,,,,,,DIORITE,Diorite porphyry,T di,,,,INTRUSIVE,,56.19,17.98,6.56,,5.902688,3.48,6.4,3.5,1.47,0.84,0.33,0.13,,1.59,,,,,0.011,,98.47,,,15,,,530,,,,0.08,42,,,5.5,,0.5,63,2.5,1.5,1.2,,,22,3.3,,3.6,,0.54,,,21,16,0.2,1.2,,,,7.5,20,13,,8.6,,5.1,,36,,0.44,14,,,4.1,0.96,810,,0.47,,3.3,,0.27,0.22,0.66,140,,16,1.5,99,150,,,,,,,,,33.333333,0.997369,0.113035,3.037037,10.042194,50.625,5.4,0.3375,540,33.75,10,,1
IM55,,GEOROC,10.2113/gsecongeo.96.2.271,Geologic Evolution of the Escondida Area_ Northern Chile: A Model for Spatial and Temporal Localization of Porphyry Cu Mineralization,Econ. Geol.,Richards et al.,2001,Escondida,Escondida,Cu-Mo,CA,Giant,85.80502,Escondida,,,,,,,,,,,?Pre-Early,2,Palaeocene-Eocene,37.9,1.1,Richards et al 2001,37.87,0.28,,,,,Richards et al 2001,Chile,,,,,,,,,DIORITE,Diorite porphyry,T di,,,,INTRUSIVE,,57.75,17.67,6.34,,5.704732,3.55,6.38,3.21,1.85,0.87,0.31,0.08,,1.71,,,,,0.011,,99.74,,,22,,,650,,,,0.09,44,,,28,,0.58,6.1,2.6,1.4,1.2,,,20,3.4,,3.9,,0.51,,,22,14,0.2,1.4,,,,8.4,20,18,,5.1,,5.3,,36,,0.42,16,,,4,0.85,670,,0.47,,4.3,,0.13,0.19,0.99,150,,15,1.3,32,150,,,,,,,,,36.024016,0.994799,0.130089,3.418803,12.138916,44.666667,4.466667,0.297778,515.384615,34.358974,9.375,,1
IM59,,GEOROC,10.2113/gsecongeo.96.2.271,Geologic Evolution of the Escondida Area_ Northern Chile: A Model for Spatial and Temporal Localization of Porphyry Cu Mineralization,Econ. Geol.,Richards et al.,2001,Escondida,Escondida,Cu-Mo,CA,Giant,85.80502,Escondida,,,,,,,,,,,?Pre-Early,2,Palaeocene-Eocene,37.9,1.1,Richards et al 2001,37.87,0.28,,,,,Richards et al 2001,Chile,,,,,,,,,DIORITE,Diorite,T di,,,,INTRUSIVE,,57.23,18.12,6.47,,5.821706,3.87,7.02,3.32,1.14,0.89,0.29,0.12,,1.25,,,,,0.053,,99.72,,,4,,,570,,,,0.04,40,,,27,,0.73,46,2.5,1.3,1.2,,,21,3.2,,3.4,,0.49,,,19,11,0.17,0.63,,,,6.5,19,18,,12.4,,4.7,,27,,0.16,16,,,3.9,0.81,810,,0.42,,2.6,,0.18,0.18,0.55,140,,15,1.2,93,130,,,,,,,,,32.638436,1.038479,0.147118,3.611111,11.357243,54,6.230769,0.415385,675,45,8.75,,1
IM60,,GEOROC,10.2113/gsecongeo.96.2.271,Geologic Evolution of the Escondida Area_ Northern Chile: A Model for Spatial and Temporal Localization of Porphyry Cu Mineralization,Econ. Geol.,Richards et al.,2001,Escondida,Escondida,Cu-Mo,CA,Giant,85.80502,Escondida,,,,,,,,,,,?Pre-Early,2,Palaeocene-Eocene,37.9,1.1,Richards et al 2001,37.87,0.28,,,,,Richards et al 2001,Chile,,,,,,,,,DIORITE,Diorite porphyry,T di,,,,INTRUSIVE,,57.55,17.72,6.36,,5.722728,3.41,6.34,3.23,1.63,0.79,0.29,0.12,,2.04,,,,,0.046,,99.47,,,2,,,560,,,,0.1,41,,,11,,1.2,75,2.6,1.4,1.2,,,21,3.4,,3.7,,0.52,,,20,19,0.21,1.8,,,,6.9,20,12,,9.9,,5,,46,,0.21,15,,,3.9,0.74,730,,0.44,,4.2,,0.15,0.21,1,150,,16,1.4,82,140,,,,,,,,,34.49692,1.007472,0.122336,3.095238,10.247137,45.625,5.214286,0.325893,521.428571,32.589286,10,,1
IM61,,GEOROC,10.2113/gsecongeo.96.2.271,Geologic Evolution of the Escondida Area_ Northern Chile: A Model for Spatial and Temporal Localization of Porphyry Cu Mineralization,Econ. Geol.,Richards et al.,2001,Escondida,Escondida,Cu-Mo,CA,Giant,85.80502,Escondida,,,,,,,,,,,?Pre-Early,2,Palaeocene-Eocene,37.9,1.1,Richards et al 2001,37.87,0.28,,,,,Richards et al 2001,Chile,,,,,,,,,DIORITE,Diorite porphyry,T di,,,,INTRUSIVE,,54.62,18.01,6.83,,6.145634,4.57,6.76,3.46,1.21,0.96,0.3,0.12,,2.65,,,,,0.012,,99.49,,,8,,,440,,,,0.26,36,,,45,,0.59,55,2.6,1.3,1.2,,,22,3.4,,2.8,,0.5,,,16,18,0.17,1.5,,,,6,19,30,,7.9,,4.6,,29,,0.17,20,,,3.9,0.78,890,,0.43,,1.9,,0.11,0.19,0.45,200,,14,1.12,79,100,,,,,,,,,36.125,1.007472,0.15292,3.869048,10.247137,63.571429,8.9,0.635714,794.642857,56.760204,10,,1
IM62,,GEOROC,10.2113/gsecongeo.96.2.271,Geologic Evolution of the Escondida Area_ Northern Chile: A Model for Spatial and Temporal Localization of Porphyry Cu Mineralization,Econ. Geol.,Richards et al.,2001,Escondida,Escondida,Cu-Mo,CA,Giant,85.80502,Escondida,,,,,,,,,,,?Pre-Early,2,Palaeocene-Eocene,37.9,1.1,Richards et al 2001,37.87,0.28,,,,,Richards et al 2001,Chile,,,,,,,,,DIORITE,Diorite,T di,,,,INTRUSIVE,,59.12,17.98,6,,5.3988,2.94,6.42,3.77,1.56,0.76,0.29,0.12,,0.13,,,,,0.011,,99.08,,,1,,,580,,,,0.05,41,,,8.1,,1.7,43,2.5,1.3,1.1,,,21,3.2,,3.4,,0.48,,,20,17,0.18,1.9,,,,6.4,19,9.3,,9.4,,4.8,,46,,0.04,11,,,3.7,0.88,730,,0.4,,3.4,,0.1,0.19,0.78,110,,15,1.15,71,140,,,,,,,,,30.633084,0.977328,0.144475,3.574879,12.474775,48.666667,5.214286,0.347619,634.782609,42.318841,10,,1
IM68,,GEOROC,10.2113/gsecongeo.96.2.271,Geologic Evolution of the Escondida Area_ Northern Chile: A Model for Spatial and Temporal Localization of Porphyry Cu Mineralization,Econ. Geol.,Richards et al.,2001,Escondida,Escondida,Cu-Mo,CA,Giant,85.80502,Escondida,,,,,,,,,,,?Pre-Early,2,Palaeocene-Eocene,37.9,1.1,Richards et al 2001,37.87,0.28,,,,,Richards et al 2001,Chile,,,,,,,,,DIORITE,Diorite porphyry,T di,,,,INTRUSIVE,,58.77,18.01,6.11,,5.497778,3.46,6.72,3.51,1.49,0.91,0.3,0.11,,1.11,,,,,0.011,,100.51,,,5,,,550,,,,0.18,41,,,48,,0.46,22,2.3,1.2,1.2,,,21,3,,3.2,,0.44,,,20,13,0.15,1.7,,,,5.6,19,24,,12.5,,4.9,,38,,0.09,16,,,3.8,1,720,,0.42,,3.6,,0.12,0.17,0.91,150,,13,1.05,73,130,,,,,,,,,32.608696,1.086557,0.175919,4.021164,13.662849,55.384615,5.538462,0.426036,685.714286,52.747253,9.375,,1
IM69,,GEOROC,10.2113/gsecongeo.96.2.271,Geologic Evolution of the Escondida Area_ Northern Chile: A Model for Spatial and Temporal Localization of Porphyry Cu Mineralization,Econ. Geol.,Richards et al.,2001,Escondida,Escondida,Cu-Mo,CA,Giant,85.80502,Escondida,,,,,,,,,,,?Pre-Early,2,Palaeocene-Eocene,37.9,1.1,Richards et al 2001,37.87,0.28,,,,,Richards et al 2001,Chile,,,,,,,,,DIORITE,Diorite,T di,,,,INTRUSIVE,,56.64,17.87,6.73,,6.055654,4.11,7.45,3.17,1.53,0.95,0.27,0.12,,0.31,,,,,0.011,,99.15,,,5,,,550,,,,0.06,42,,,30,,1.6,60,2.9,1.5,1.2,,,18,3.7,,4.1,,0.56,,,21,14,0.22,1.6,,,,8,21,21,,8.5,,5,,46,,0.04,19,,,4.3,0.91,700,,0.49,,3.9,,0.11,0.22,0.87,150,,17,1.37,80,160,,,,,,,,,34.686347,0.91975,0.11413,3.487429,10.995103,41.176471,4.375,0.257353,510.948905,30.055818,7.894737,,1
IM70,,GEOROC,10.2113/gsecongeo.96.2.271,Geologic Evolution of the Escondida Area_ Northern Chile: A Model for Spatial and Temporal Localization of Porphyry Cu Mineralization,Econ. Geol.,Richards et al.,2001,Escondida,Escondida,Cu-Mo,CA,Giant,85.80502,Escondida,,,,,,,,,,,?Pre-Early,2,Eocene,37.9,1.1,Richards et al 2001,37.94,0.34,,,,,Richards et al 2001,Chile,,,,,,,,,DIORITE,Diorite porphyry,T di,,,,INTRUSIVE,,59.23,17.49,5.68,,5.110864,2.75,5.72,3.5,1.84,0.7,0.27,0.11,,1.72,,,,,0.011,,99.01,,,7,,,620,,,,0.07,45,,,15,,0.65,60,2.5,1.3,1.1,,,21,3.2,,4.9,,0.51,,,22,21,0.24,0.58,,,,7.8,20,11,,7.7,,5.3,,47,,0.08,11,,,3.9,0.79,600,,0.42,,4.1,,0.15,0.21,0.84,100,,15,1.39,63,170,,,,,,,,,33.236785,0.951939,0.116424,3.117506,11.352943,40,3.529412,0.235294,431.654676,28.776978,9.090909,,1
IM79,,GEOROC,10.2113/gsecongeo.96.2.271,Geologic Evolution of the Escondida Area_ Northern Chile: A Model for Spatial and Temporal Localization of Porphyry Cu Mineralization,Econ. Geol.,Richards et al.,2001,Escondida,Escondida,Cu-Mo,CA,Giant,85.80502,Escondida,,,,,,,,,,,?Pre-Early,2,Eocene,37.9,1.1,Richards et al 2001,36.94,0.46,,,,,Richards et al 2001,Chile,,,,,,,,,ANDESITE,Andesite dike porphyry,T di,,,,INTRUSIVE,,62.82,16.39,3.78,,3.401244,1.56,4.14,3.95,2.63,0.59,0.24,0.1,,1.21,,,,,0.018,,97.41,,,4,,,760,,,,0.24,47,,,5,,2.2,33,1.7,0.86,0.98,,,21,2.4,,3.5,,0.34,,,24,14,0.12,1.2,,,,6,20,4.5,,10,,5.3,,75,,0.04,6.9,,,3.5,0.85,680,,0.33,,5.8,,0.36,0.13,1.4,72,,11,0.78,61,150,,,,,,,,,34.120521,1.033737,0.225302,4.985755,22.070756,61.818182,4.533333,0.412121,871.794872,79.254079,10.434783,69.090909,1
IM81,,GEOROC,10.2113/gsecongeo.96.2.271,Geologic Evolution of the Escondida Area_ Northern Chile: A Model for Spatial and Temporal Localization of Porphyry Cu Mineralization,Econ. Geol.,Richards et al.,2001,Escondida,Escondida,Cu-Mo,CA,Giant,85.80502,Escondida,,,,,,,,,,,?Pre-Early,2,Palaeocene-Eocene,37.9,1.1,Richards et al 2001,37.87,0.28,,,,,Richards et al 2001,Chile,,,,,,,,,DIORITE,Diorite porphyry,T di,,,,INTRUSIVE,,55.15,18.45,6.1,,5.48878,3.42,7.76,3.33,1.11,0.91,0.31,0.12,,2.22,,,,,0.011,,98.88,,,8,,,550,,,,0.06,41,,,55,,0.74,80,2.2,1.1,1.2,,,22,3.2,,3.4,,0.42,,,19,46,0.14,0.8,,,,7.2,21,27,,7.6,,5.1,,24,,2,15,,,4.1,1,840,,0.39,,2,,0.14,0.16,0.46,140,,13,0.97,73,140,,,,,,,,,29.00128,1.012833,0.177507,4.696449,14.050198,64.615385,6,0.461538,865.979381,66.613799,9.333333,,1
IM90,,GEOROC,10.2113/gsecongeo.96.2.271,Geologic Evolution of the Escondida Area_ Northern Chile: A Model for Spatial and Temporal Localization of Porphyry Cu Mineralization,Econ. Geol.,Richards et al.,2001,Escondida,Escondida,Cu-Mo,CA,Giant,85.80502,Escondida,,,,,,,,,,,?Pre-Early,2,Eocene,37.9,1.1,Richards et al 2001,37.01,0.88,,,,,Richards et al 2001,Chile,,,,,,,,,DACITE,Dacite dike porphyry,T di,,,,INTRUSIVE,,63.12,17.4,3.67,,3.302266,1.76,4.18,4.58,2.25,0.6,0.24,0.07,,1.27,,,,,0.13,,99.14,,,5,,,750,,,,0.19,45,,,8.9,,0.85,24,1.5,0.73,0.97,,,23,2.5,,3.9,,0.27,,,22,16,0.1,0.47,,,,5.7,20,10,,9.6,,5.2,,50,,0.51,6.9,,,3.5,0.88,790,,0.26,,3.5,,0.24,0.09,1,73,,9.5,0.6,80,160,,,,,,,,,31.401723,1.002516,0.284046,6.481481,26.300985,83.157895,4.9375,0.519737,1316.666667,138.596491,10.57971,78.947368,1
IM110,,GEOROC,10.2113/gsecongeo.96.2.271,Geologic Evolution of the Escondida Area_ Northern Chile: A Model for Spatial and Temporal Localization of Porphyry Cu Mineralization,Econ. Geol.,Richards et al.,2001,Escondida,Escondida,Cu-Mo,CA,Giant,85.80502,Escondida,,,,,,,,,,,?Pre-Early,2,Eocene,37.9,1.1,Richards et al 2001,38.25,0.88,,,,,Richards et al 2001,Chile,,,,,,,,,DIORITE,Diorite porphyry,T di,,,,INTRUSIVE,,57.89,16.85,5.84,,5.254832,3.37,5.86,3.17,2.59,0.76,0.24,0.1,,1.51,,,,,0.011,,98.17,,,7,,,580,,,,0.15,49,,,17,,6.5,63,3,1.6,1.1,,,18,3.7,,5.2,,0.58,,,24,23,0.24,1.4,,,,9,22,15,,13,,5.6,,100,,0.55,14,,,4.4,0.86,530,,0.49,,12,,0.34,0.24,3.4,130,,18,1.5,69,190,,,,,,,,,39.75984,0.833468,0.09446,3.259259,11.476793,29.444444,2.789474,0.154971,353.333333,19.62963,9.285714,,1
IM116,,GEOROC,10.2113/gsecongeo.96.2.271,Geologic Evolution of the Escondida Area_ Northern Chile: A Model for Spatial and Temporal Localization of Porphyry Cu Mineralization,Econ. Geol.,Richards et al.,2001,Escondida,Escondida,Cu-Mo,CA,Giant,85.80502,Escondida,,,,,,,,,,,?Pre-Early,3,Palaeocene-Eocene,37.9,1.1,Richards et al 2001,267.6,4.3,,,,,Richards et al 2001,Chile,,,,,,,,,DACITE,Dacite porphyry,T di,,,,INTRUSIVE,,65.19,16.21,4.03,,3.626194,1.98,3.61,3.75,3.34,0.56,0.19,0.1,,1.42,,,,,0.043,,100.39,,,3,,,730,,,,0.22,51,,,11,,4.6,51,2.4,1.3,0.97,,,17,3.1,,4.8,,0.46,,,26,22,0.2,0.99,,,,8.6,21,8.9,,16,,5.7,,130,,0.46,8.9,,,3.8,0.81,530,,0.38,,13,,0.58,0.19,2.8,82,,15,1.3,61,180,,,,,,,,,41.955836,0.864018,0.112987,3.247863,14.345992,35.333333,2.944444,0.196296,407.692308,27.179487,9.213483,48.666667,0
IM119,,GEOROC,10.2113/gsecongeo.96.2.271,Geologic Evolution of the Escondida Area_ Northern Chile: A Model for Spatial and Temporal Localization of Porphyry Cu Mineralization,Econ. Geol.,Richards et al.,2001,Escondida,Escondida,Cu-Mo,CA,Giant,85.80502,Escondida,,,,,,,,,,,?Pre-Early,2,Palaeocene-Eocene,37.9,1.1,Richards et al 2001,267.6,4.3,,,,,Richards et al 2001,Chile,,,,,,,,,DACITE,Dacite porphyry,T di,,,,INTRUSIVE,,64.79,16.97,2.87,,2.582426,1.22,3.88,4.2,3.04,0.47,0.21,0.05,,1.21,,,,,0.16,,98.91,,,15,,,860,,,,0.11,41,,,6.3,,3,32,1.3,0.55,0.87,,,20,2,,3.3,,0.23,,,21,18,0.08,1.3,,,,4.6,18,4.5,,12,,4.7,,84,,1.4,5.2,,,3,0.69,920,,0.24,,3.6,,0.53,0.09,1.6,54,,7.8,0.53,56,130,,,,,,,,,34.52188,1.085844,0.348289,6.289308,28.421304,117.948718,7.076923,0.907298,1735.849057,222.544751,10.384615,110.25641,0
IM143,,GEOROC,10.2113/gsecongeo.96.2.271,Geologic Evolution of the Escondida Area_ Northern Chile: A Model for Spatial and Temporal Localization of Porphyry Cu Mineralization,Econ. Geol.,Richards et al.,2001,Escondida,Escondida,Cu-Mo,CA,Giant,85.80502,Escondida,,,,,,,,,,,?Pre-Early,2,Palaeocene-Eocene,37.9,1.1,Richards et al 2001,37.87,0.28,,,,,Richards et al 2001,Chile,,,,,,,,,DIORITE,Diorite porphyry,T di,,,,INTRUSIVE,,61.33,16.6,5.52,,4.966896,2.88,4.92,3.28,2.91,0.71,0.21,0.08,,0.69,,,,,0.019,,99.12,,,,,,720,,,,0.06,50,,,13,,3.5,31,3.4,1.9,1,,,20,3.9,,5.1,,0.67,,,25,21,0.3,1.7,,,,10,22,12,,13,,5.9,,100,,0.09,12,,,4.7,1.4,460,,0.54,,12,,0.42,0.29,2.9,100,,20,1.9,43,190,,,,,,,,,41.386705,0.714073,0.063891,2.748538,9.438152,23,2.421053,0.121053,242.105263,12.105263,8.333333,36,1
IM150,,GEOROC,10.2113/gsecongeo.96.2.271,Geologic Evolution of the Escondida Area_ Northern Chile: A Model for Spatial and Temporal Localization of Porphyry Cu Mineralization,Econ. Geol.,Richards et al.,2001,Escondida,Escondida,Cu-Mo,CA,Giant,85.80502,Escondida,,,,,,,,,,,?Pre-Early,2,Palaeocene-Eocene,37.9,1.1,Richards et al 2001,37.87,0.28,,,,,Richards et al 2001,Chile,,,,,,,,,DIORITE,Diorite,T di,,,,INTRUSIVE,,55.57,18.85,7.6,,6.83848,3.96,7.57,2.97,1.48,0.88,0.27,0.14,,,,,,,0.011,,99.17,,,5,,,520,,,,0.09,39,,,12,,1.6,53,3.1,1.7,1.2,,,22,3.6,,3.8,,0.61,,,19,14,0.27,1.2,,,,7.6,19,13,,6.6,,4.8,,44,,0.18,17,,,4.2,0.89,640,,0.5,,3.6,,0.07,0.26,0.91,150,,18,1.6,74,130,,,,,,,,,34.042553,0.943472,0.100244,2.916667,8.517932,35.555556,4.923077,0.273504,400,22.222222,8.823529,,1
IM151,,GEOROC,10.2113/gsecongeo.96.2.271,Geologic Evolution of the Escondida Area_ Northern Chile: A Model for Spatial and Temporal Localization of Porphyry Cu Mineralization,Econ. Geol.,Richards et al.,2001,Escondida,Escondida,Cu-Mo,CA,Giant,85.80502,Escondida,,,,,,,,,,,?Pre-Early,2,Palaeocene-Eocene,37.9,1.1,Richards et al 2001,37.87,0.28,,,,,Richards et al 2001,Chile,,,,,,,,,DIORITE,Diorite dike porphyry,T di,,,,INTRUSIVE,,60.66,16.79,4.91,,4.418018,2.22,5.46,3.23,2.53,0.59,0.39,0.12,,2.07,,,,,0.022,,98.89,,,38,,,1500,,,,0.07,87,,,2.4,,4.3,28,3,1.5,1.9,,,21,4.8,,4.7,,0.57,,,45,32,0.22,0.51,,,,11,38,4.7,,16,,9.8,,77,,0.11,7.6,,,6.7,0.87,1100,,0.56,,9.3,,0.4,0.21,2.8,89,,18,1.4,71,180,,,,,,,,,35.342262,1.024281,0.124377,5.31746,23.056058,61.111111,6.111111,0.339506,785.714286,43.650794,11.710526,83.333333,1
IM154,,GEOROC,10.2113/gsecongeo.96.2.271,Geologic Evolution of the Escondida Area_ Northern Chile: A Model for Spatial and Temporal Localization of Porphyry Cu Mineralization,Econ. Geol.,Richards et al.,2001,Escondida,Chimborazo,Cu-Mo,CA,Medium,1.416,UNK,,,,,,,,,,,Syn,1,Eocene,37.9,1.1,Richards et al 1999,37.9,1.1,,,,,Richards et al 2001,Chile,,,,,,,,,ANDESITE,Andesite dike porphyry,T bfp,,,,INTRUSIVE,,60.48,17.54,4.67,,4.202066,3.86,2.55,3.26,2.62,0.69,0.29,0.08,,3.04,,,,,0.32,,99.08,,,5,,,860,,,,1.1,41,,,5.4,,11,66,1.8,0.91,0.95,,,21,2.4,,3.2,,0.36,,,21,22,0.13,1.7,,,,8.4,18,5.7,,33,,4.6,,74,,1.1,10,,,3.1,1.1,480,,0.33,,5.8,,0.98,0.14,1.9,87,,11,0.96,110,140,,,,,,,,,52.725793,1.064782,0.188555,3.587963,15.690928,43.636364,3.428571,0.311688,500,45.454545,8.7,78.181818,1
ESC1,,GEOROC,10.2113/gsecongeo.96.2.271,Geologic Evolution of the Escondida Area_ Northern Chile: A Model for Spatial and Temporal Localization of Porphyry Cu Mineralization,Econ. Geol.,Richards et al.,2001,Escondida,Escondida,Cu-Mo,CA,Giant,85.80502,Escondida,,,,,,,,,,,Syn,1,Eocene,37.9,1.1,Richards et al 1999,34.7,1.7,,,,,Richards et al 2001,Chile,,,,,,,,,RHYOLITE,Rhyolitic QFP (Rhyolitic),T qfp,,,,INTRUSIVE,,78.57,12.16,1.28,,1.151744,0.4,0.02,0.18,3.17,0.35,0.05,0.02,,3.14,,,,,4,,99.33,,,7,,,650,,,,0.03,39,,,1.7,,2.2,47,0.97,0.49,0.78,,,17,1.6,,3.4,,0.18,,,21,2.4,0.08,3,,,,1.5,16,0.45,,12,,4.5,,140,,0.62,3.9,,,2.8,1.2,160,,0.18,,3.7,,1.8,0.07,1.2,26,,5.4,0.49,20,130,,,,,,,,,94.69496,1.126625,0.39087,6.349206,30.74141,29.62963,1.230769,0.22792,326.530612,60.468632,6.666667,,1
ESC3,,GEOROC,10.2113/gsecongeo.96.2.271,Geologic Evolution of the Escondida Area_ Northern Chile: A Model for Spatial and Temporal Localization of Porphyry Cu Mineralization,Econ. Geol.,Richards et al.,2001,Escondida,Escondida,Cu-Mo,CA,Giant,85.80502,Escondida,,,,,,,,,,,Syn,1,Eocene,37.9,1.1,Richards et al 1999,37.9,1.1,,,,,Richards et al 2001,Chile,,,,,,,,,DACITE,Dacitic QFP (Escondida),T qfp,,,,INTRUSIVE,,66.15,17.38,3.13,,2.816374,1.19,2.52,5.14,2.13,0.49,0.21,0.04,,0.84,,,,,0.11,,99.21,,,3,,,720,,,,0.06,32,,,5.7,,1.4,690,1.3,0.69,0.79,,,22,1.9,,3.6,,0.25,,,15,8.6,0.1,7.3,,,,6.7,15,4.8,,13,,3.8,,52,,0.07,5.8,,,2.9,1.1,720,,0.24,,3.7,,0.41,0.1,0.73,54,,8.5,0.59,70,140,,,,,,,,,30.236794,1.028904,0.296464,5.461394,18.23643,84.705882,5.142857,0.605042,1220.338983,143.569292,9.310345,84.705882,1
ZAL1,,GEOROC,10.2113/gsecongeo.96.2.271,Geologic Evolution of the Escondida Area_ Northern Chile: A Model for Spatial and Temporal Localization of Porphyry Cu Mineralization,Econ. Geol.,Richards et al.,2001,Escondida,Zaldivar,Cu-Mo,CA,Giant,85.80502,Escondida,,,,,,,,,,,Syn,1,Eocene,37.9,1.1,Richards et al 1999,38.7,1.3,,,,,Richards et al 2001,Chile,,,,,,,,,DACITE,Dacitic QFP (Llamo),T bfp,,,,INTRUSIVE,,67.68,18.59,1.79,,1.610642,0.46,0.85,3.2,2.61,0.53,0.18,0.02,,3.15,,,,,0.02,,99.05,,,7,,,820,,,,0.07,48,,,5,,6.4,1300,2.3,1,1,,,21,3.3,,3.6,,0.41,,,24,8.9,0.12,6.3,,,,9.8,20,2.2,,18,,5.3,,110,,0.15,6.4,,,3.5,1.8,460,,0.46,,6.1,,1.3,0.13,2.6,54,,11,0.86,50,150,,,,,,,,,43.117978,0.899565,0.177821,4.521964,20.017663,41.818182,3.066667,0.278788,534.883721,48.625793,8.4375,74.545455,1
AN1,,GEOROC,http://dx.doi.org/10.5027/andgeoV22n2-a09,MIOCENE TO PRESENT MAGMATIC EVOLUTION AT THE NORTHERN END OF THE ANDEAN SOUTHERN VOLCANIC ZONE_ CENTRAL CHILE,REV. GEOL. CHILE,Stern and Skewes,1995,Rio Blanco - Los Bronces,Los Bronces,Cu-Mo,CA,Giant,101.06416,Anglo,,,,,,,-70.3,-33.1,,,Pre,3,Miocene,8.2,0.5,Toro et al 2012,18,,,,,,Stern and Skewes 1995,Chile,,,,,,,,,ANDESITE,,,,,,VOLCANIC,INTERMEDIATE,62.1,16.1,5.4,2.5,7.35892,1.8,0.32,2.1,6.6,0.28,,,,2.5,,,,,,,,,,,,,480,,,,,34.4,,,,,5.1,,,,0.78,,,,,,4.8,,,,,17.9,,0.2,,,,,,14.9,,,,,,,151,,,9.6,,,2.82,,136,,0.3,,9.6,,,,3.6,,,,1.25,,,0.51274,,,,,,0.70381,,77.634011,,,,,,,,,,,,0
AN2,,GEOROC,http://dx.doi.org/10.5027/andgeoV22n2-a09,MIOCENE TO PRESENT MAGMATIC EVOLUTION AT THE NORTHERN END OF THE ANDEAN SOUTHERN VOLCANIC ZONE_ CENTRAL CHILE,REV. GEOL. CHILE,Stern and Skewes,1995,Rio Blanco - Los Bronces,Los Bronces,Cu-Mo,CA,Giant,101.06416,Anglo,,,,,,,-70.3,-33.1,,,Pre,3,Miocene,8.2,0.5,Toro et al 2012,18,,,,,,Stern and Skewes 1995,Chile,,,,,,,,,ANDESITE,,,,,,VOLCANIC,INTERMEDIATE,56.2,16.9,4.7,4.6,8.82906,4.7,5.3,3.1,2.9,0.78,,,,0.9,,,,,,,,,,,,,422,,,,,38.1,,,,,4.1,,,,0.94,,,,,,5.2,,,,,21.1,,0.22,,,,,,18.2,,,,,,,158,,,10.8,,,3.56,,392,,0.38,,8.5,,,,4.2,,,,1.45,,,0.51279,,,,,,0.70382,,47.5,,,,,,,,,,,,0
LB-3,,GEOROC,http://dx.doi.org/10.5027/andgeoV22n2-a09,MIOCENE TO PRESENT MAGMATIC EVOLUTION AT THE NORTHERN END OF THE ANDEAN SOUTHERN VOLCANIC ZONE_ CENTRAL CHILE,REV. GEOL. CHILE,Stern and Skewes,1995,Rio Blanco - Los Bronces,Los Bronces,Cu-Mo,CA,Giant,101.06416,Anglo,,,,,,,-70.3,-33.1,,,Pre,3,Miocene,8.2,0.5,Toro et al 2012,18.5,1.7,,,,,Stern and Skewes 1995,Chile,,,,,,,,,GRANODIORITE,San Francisco Batholith,,,,,PLUTONIC,INTERMEDIATE,60.5,16.8,2.08,3,4.871584,3.05,5.42,4.6,2.22,0.65,0.2,0.09,,0.25,,,,,,,,,,,,,535,,,,,28.6,,,,,2.7,,,,0.92,,,,,,3.4,,,,,14.2,,0.29,,,,,6,18.7,,,,,,,41.5,,,13.3,,,3.53,,677,,0.31,,5,,,,5.6,,,12,1.85,,113,0.51277,,,,,,0.70387,,34.466972,,,,,,,,,,,,0
GDRB,,GEOROC,http://dx.doi.org/10.5027/andgeoV22n2-a09,MIOCENE TO PRESENT MAGMATIC EVOLUTION AT THE NORTHERN END OF THE ANDEAN SOUTHERN VOLCANIC ZONE_ CENTRAL CHILE,REV. GEOL. CHILE,Stern and Skewes,1995,Rio Blanco - Los Bronces,Los Bronces,Cu-Mo,CA,Giant,101.06416,Anglo,,,,,,,-70.3,-33.1,,,Pre,3,Miocene,8.2,0.5,Toro et al 2012,11.7,,,,,,Stern and Skewes 1995,Chile,,,,,,,,,GRANODIORITE,,,,,,PLUTONIC,INTERMEDIATE,65.6,16.2,1.6,2.6,4.03968,2.6,3.3,4.48,3.2,0.45,,,,0.1,,,,,,,,,,,,,512,,,,,31.1,,,,,3.6,,,,0.67,,,,,,4.3,,,,,17.1,,0.14,,,,,,16.4,,,,,,,90.2,,,6.3,,,2.52,,450,,0.28,,12,,,,3.5,,,,1.08,,,0.51278,,,,,,0.704,,42.709867,,,,,,,,,,,,0
LB-7,,GEOROC,http://dx.doi.org/10.5027/andgeoV22n2-a09,MIOCENE TO PRESENT MAGMATIC EVOLUTION AT THE NORTHERN END OF THE ANDEAN SOUTHERN VOLCANIC ZONE_ CENTRAL CHILE,REV. GEOL. CHILE,Stern and Skewes,1995,Rio Blanco - Los Bronces,Los Bronces,Cu-Mo,CA,Giant,101.06416,Anglo,,,,,,,-70.3,-33.1,,,Pre?,3,Miocene,8.2,0.5,Toro et al 2012,8.6,0.9,,,,,Stern and Skewes 1995,Chile,,,,,,,,,GRANODIORITE,San Francisco Batholith,,,,,PLUTONIC,INTERMEDIATE,63.06,15.4,3.65,1.41,4.69427,3.43,1.74,4.24,2.95,,0.24,0.08,,0.27,,,,,,,,,,,,,545,,,,,27.9,,,,,5,,,,1.05,,,,,,2.3,,,,,15,,0.11,,,,,5,20.8,,,,,,,37.7,,,12.8,,,4.06,,730,,0.37,,3.3,,,,5,,,12,1.43,,58,0.51278,,,,,,0.70391,,51.618123,,,,,,,,,,,,1
PQM,,GEOROC,http://dx.doi.org/10.5027/andgeoV22n2-a09,MIOCENE TO PRESENT MAGMATIC EVOLUTION AT THE NORTHERN END OF THE ANDEAN SOUTHERN VOLCANIC ZONE_ CENTRAL CHILE,REV. GEOL. CHILE,Stern and Skewes,1995,Rio Blanco - Los Bronces,Los Bronces,Cu-Mo,CA,Giant,101.06416,Anglo,,,,,,,-70.3,-33.1,,,Post?,2,Miocene,8.2,0.5,Toro et al 2012,5.2,,,,,,Stern and Skewes 1995,Chile,,,,,,,,,DACITE,,,,,,VOLCANIC,FELSIC,66.1,15.6,1.57,2.63,4.042686,1.59,2.1,5.4,3.95,0.13,,,,0.9,,,,,,,,,,,,,560,,,,,20.6,,,,,2.7,,,,0.42,,,,,,3,,,,,12,,0.05,,,,,,7.7,,,,,,,42.4,,,2.1,,,1.18,,650,,0.12,,4.3,,,,1.2,,,,0.48,,,0.51267,,,,,,0.70441,,42.484663,,,,,,,,,,,,1
PDL,,GEOROC,http://dx.doi.org/10.5027/andgeoV22n2-a09,MIOCENE TO PRESENT MAGMATIC EVOLUTION AT THE NORTHERN END OF THE ANDEAN SOUTHERN VOLCANIC ZONE_ CENTRAL CHILE,REV. GEOL. CHILE,Stern and Skewes,1995,Rio Blanco - Los Bronces,Los Bronces,Cu-Mo,CA,Giant,101.06416,Anglo,,,,,,,-70.3,-33.1,,,Post?,2,Miocene,8.2,0.5,Toro et al 2012,4.9,,,,,,Stern and Skewes 1995,Chile,,,,,,,,,DACITE,,,,,,VOLCANIC,FELSIC,68.7,15.7,1.1,0.59,1.57978,0.48,0.73,4.7,4.8,0.14,,,,2,,,,,,,,,,,,,864,,,,,27.9,,,,,1.4,,,,0.52,,,,,,3.3,,,,,16.4,,0.05,,,,,,14.6,,,,,,,112,,,2.3,,,1.98,,358,,0.13,,4.1,,,,1.8,,,,0.39,,,0.51267,,,,,,0.70441,,49.29972,,,,,,,,,,,,1
CHDAC,,GEOROC,http://dx.doi.org/10.5027/andgeoV22n2-a09,MIOCENE TO PRESENT MAGMATIC EVOLUTION AT THE NORTHERN END OF THE ANDEAN SOUTHERN VOLCANIC ZONE_ CENTRAL CHILE,REV. GEOL. CHILE,Stern and Skewes,1995,Rio Blanco - Los Bronces,Los Bronces,Cu-Mo,CA,Giant,101.06416,Anglo,,,,,,,-70.3,-33.1,,,Post?,2,Miocene,8.2,0.5,Toro et al 2012,4.8,,,,,,Stern and Skewes 1995,Chile,,,,,,,,,RHYOLITE,,,,,,VOLCANIC,FELSIC,70.9,15.2,2.2,0.59,2.56956,0.36,0.33,3.63,5.2,0.13,,,,1.5,,,,,,,,,,,,,967,,,,,23.5,,,,,3.6,,,,0.5,,,,,,2.9,,,,,11.8,,0.06,,,,,,10.4,,,,,,,192,,,2,,,1.45,,173,,0.13,,4.2,,,,2.2,,,,0.56,,,0.51268,,,,,,0.70446,,58.403361,,,,,,,,,,,,1
LB-10,,GEOROC,http://dx.doi.org/10.5027/andgeoV22n2-a09,MIOCENE TO PRESENT MAGMATIC EVOLUTION AT THE NORTHERN END OF THE ANDEAN SOUTHERN VOLCANIC ZONE_ CENTRAL CHILE,REV. GEOL. CHILE,Stern and Skewes,1995,Rio Blanco - Los Bronces,Los Bronces,Cu-Mo,CA,Giant,101.06416,Anglo,,,,,,,-70.3,-33.1,,,Post?,2,Miocene,8.2,0.5,Toro et al 2012,4.8,0.2,,,,,Stern and Skewes 1995,Chile,,,,,,,,,DACITE,La Copa,,,,,VOLCANIC,FELSIC,67.8,15.7,0.83,0.83,1.576834,0.33,2.52,4.38,2.57,,0.23,0.11,,1.67,,,,,,,,,,,,,708,,,,,26.1,,,,,11.6,,,,0.48,,,,,,3.2,,,,,12.3,,0.05,,,,,5,13.4,,,,,,,66.7,,,1.9,,,2.25,,703,,0.24,,2.6,,,,1.6,,,8,0.45,,118,0.51265,,,,,,0.70452,,29.591837,,,,,,,,,,,,1
LB-11,,GEOROC,http://dx.doi.org/10.5027/andgeoV22n2-a09,MIOCENE TO PRESENT MAGMATIC EVOLUTION AT THE NORTHERN END OF THE ANDEAN SOUTHERN VOLCANIC ZONE_ CENTRAL CHILE,REV. GEOL. CHILE,Stern and Skewes,1995,Rio Blanco - Los Bronces,Los Bronces,Cu-Mo,CA,Giant,101.06416,Anglo,,,,,,,-70.3,-33.1,,,Post?,2,Miocene,8.2,0.5,Toro et al 2012,4.9,0.2,,,,,Stern and Skewes 1995,Chile,,,,,,,,,DACITE,La Copa,,,,,VOLCANIC,FELSIC,69.5,15.5,0.63,0.91,1.476874,0.41,1.75,4.76,2.43,,0.28,0.02,,0.85,,,,,,,,,,,,,745,,,,,28.6,,,,,14.1,,,,0.58,,,,,,2.3,,,,,13.3,,0.09,,,,,5,13,,,,,,,29.8,,,2.3,,,2.2,,903,,0.25,,2.8,,,,2.2,,,8,0.59,,128,0.51264,,,,,,0.70444,,30.374332,,,,,,,,,,,,1
TTC9,,GEOROC,http://dx.doi.org/10.5027/andgeoV22n2-a09,MIOCENE TO PRESENT MAGMATIC EVOLUTION AT THE NORTHERN END OF THE ANDEAN SOUTHERN VOLCANIC ZONE_ CENTRAL CHILE,REV. GEOL. CHILE,Stern and Skewes,1995,El Teniente,El Teniente,Cu-Mo,CA,Giant,101.06416,Codelco,,,,,6229800N,366700E,6229800,366700,2284,,Pre,3,Miocene,6.3,,Spencer et al 2015,8.2,0.5,,,,,Stern and Skewes 1995,Chile,,,,,,,,,ANDESITE,Cerro Montura andesitic sills,,,,,VOLCANIC,INTERMEDIATE,61,16.8,3.9,2.2,5.70922,2.8,5.6,4.38,2.5,0.75,0.2,0.1,,0.94,,,,,,,,,,,,,539,,,,,44.9,,,,,2.8,,,,1.18,,,,,,4.8,,,,,19.1,,0.26,,,,,8,25,,,,,,,82,,,14.6,,,5.13,,543,,0.6,,9,,,,2.5,,,21,2.03,,158,0.51273,,,,,,0.70396,,34.685864,,,,,,,,,,,,1
TTC10,,GEOROC,http://dx.doi.org/10.5027/andgeoV22n2-a09,MIOCENE TO PRESENT MAGMATIC EVOLUTION AT THE NORTHERN END OF THE ANDEAN SOUTHERN VOLCANIC ZONE_ CENTRAL CHILE,REV. GEOL. CHILE,Stern and Skewes,1995,El Teniente,El Teniente,Cu-Mo,CA,Giant,101.06416,Codelco,,,,,6227900N,364600E,6227900,364600,1788,,Pre,3,Miocene,6.3,,Spencer et al 2015,6.6,0.4,,,,,Stern and Skewes 1995,Chile,,,,,,,,,ANDESITE,Cerro Montura andesitic sills,,,,,VOLCANIC,INTERMEDIATE,61.5,16.9,3.6,1.9,5.13928,2.6,5.7,4.54,2.5,0.77,0.22,0.08,,0.69,,,,,,,,,,,,,504,,,,,38.8,,,,,3.8,,,,1,,,,,,4.3,,,,,16.7,,0.16,,,,,5,21.9,,,,,,,74,,,12.1,,,4.26,,700,,0.41,,7.9,,,,2.4,,,15,1.27,,133,0.51279,,,,,,0.7039,,33.246415,,,,,,,,,,,,1
TTC5,,GEOROC,http://dx.doi.org/10.5027/andgeoV22n2-a09,MIOCENE TO PRESENT MAGMATIC EVOLUTION AT THE NORTHERN END OF THE ANDEAN SOUTHERN VOLCANIC ZONE_ CENTRAL CHILE,REV. GEOL. CHILE,Stern and Skewes,1995,El Teniente,El Teniente,Cu-Mo,CA,Giant,101.06416,Codelco,,,,,154S,491E,-70.4,-34.1,1511,,Pre,2,Miocene,6.3,,Spencer et al 2015,7.1,1,,,,,Stern and Skewes 1995,Chile,,,,,,,,,DIORITE,Sewell Diorite,,,,,PLUTONIC,INTERMEDIATE,63.7,17.1,1.9,2.4,4.10962,1.5,3.9,4.93,2.2,0.39,0.21,0.08,,1.8,,,,,,,,,,,,,528,,,,,34.7,,,,,6.1,,,,0.88,,,,,,3.2,,,,,14.4,,0.09,,,,,6,19.2,,,,,,,96,,,6,,,3.39,,699,,0.29,,4.3,,,,1.6,,,11,0.92,,94,0.51277,,,,,,0.70393,,29.52913,,,,,,,,,,,,1
TTC1,,GEOROC,http://dx.doi.org/10.5027/andgeoV22n2-a09,MIOCENE TO PRESENT MAGMATIC EVOLUTION AT THE NORTHERN END OF THE ANDEAN SOUTHERN VOLCANIC ZONE_ CENTRAL CHILE,REV. GEOL. CHILE,Stern and Skewes,1995,El Teniente,El Teniente,Cu-Mo,CA,Giant,101.06416,Codelco,,,,,065S,1320E,-70.4,-34.1,1205,,Post,2,Pliocene,6.3,,Spencer et al 2015,3.8,0.3,,,,,Stern and Skewes 1995,Chile,,,,,,,,,ANDESITE,Lamprophyre dike,,,,,VOLCANIC,INTERMEDIATE,56.3,16.9,3.6,2,5.23928,3.3,5.8,4.61,1.6,0.85,0.29,0.06,,5.1,,,,,,,,,,,,,445,,,,,40.4,,,,,0.6,,,,1.08,,,,,,3.5,,,,,16.8,,0.14,,,,,6,22.9,,,,,,,28,,,11.4,,,4.19,,910,,0.39,,2.4,,,,1.9,,,13,0.84,,129,0.51266,,,,,,0.70425,,32.005225,,,,,,,,,,,,1
TTC8,,GEOROC,http://dx.doi.org/10.5027/andgeoV22n2-a09,MIOCENE TO PRESENT MAGMATIC EVOLUTION AT THE NORTHERN END OF THE ANDEAN SOUTHERN VOLCANIC ZONE_ CENTRAL CHILE,REV. GEOL. CHILE,Stern and Skewes,1995,El Teniente,El Teniente,Cu-Mo,CA,Giant,101.06416,Codelco,,,,,6225750N,365170E,6225750,365170,1600,,Post,2,Pliocene,6.3,,Spencer et al 2015,2.9,0.6,,,,,Stern and Skewes 1995,Chile,,,,,,,,,ANDESITE,Lamprophyre dike,,,,,VOLCANIC,INTERMEDIATE,61.1,17.2,2.6,2,4.33948,3.2,5.5,5.14,2,0.67,0.21,0.05,,0.9,,,,,,,,,,,,,644,,,,,35.1,,,,,1.9,,,,1.06,,,,,,3.8,,,,,16.5,,0.26,,,,,4,21.2,,,,,,,35,,,8.9,,,4,,856,,0.41,,3.5,,,,1.8,,,12,1.17,,130,0.51267,,,,,,0.70434,,32.828283,,,,,,,,,,,,1
PVF1,,GEOROC,http://dx.doi.org/10.5027/andgeoV22n2-a09,MIOCENE TO PRESENT MAGMATIC EVOLUTION AT THE NORTHERN END OF THE ANDEAN SOUTHERN VOLCANIC ZONE_ CENTRAL CHILE,REV. GEOL. CHILE,Stern and Skewes,1995,El Teniente,El Teniente,Cu-Mo,CA,Giant,101.06416,Codelco,,,,,,,-70.4,-34.1,,,,,Pliocene,6.3,,Spencer et al 2015,2.3,0.2,,,,,Stern and Skewes 1995,Chile,,,,,,,,,ANDESITE,,,,,,VOLCANIC,INTERMEDIATE,56.5,16.9,2.7,5.1,7.52946,4.8,7.2,3.63,2.1,1.1,0.33,0.12,,0.68,,,,,,,,,,,,,471,,,,,50,,,,,2.7,,,,1.36,,,,,,5,,,,,22.3,,0.3,,,,,12,31.9,,,,,,,60,,,17.8,,,6.52,,566,,0.66,,6.9,,,,1.6,,,24,2.32,,196,0.51258,,,,,,0.70485,,38.91709,,,,,,,,,,,,1
PVF2,,GEOROC,http://dx.doi.org/10.5027/andgeoV22n2-a09,MIOCENE TO PRESENT MAGMATIC EVOLUTION AT THE NORTHERN END OF THE ANDEAN SOUTHERN VOLCANIC ZONE_ CENTRAL CHILE,REV. GEOL. CHILE,Stern and Skewes,1995,El Teniente,El Teniente,Cu-Mo,CA,Giant,101.06416,Codelco,,,,,,,-70.4,-34.1,,,,,Pliocene,6.3,,Spencer et al 2015,1.8,0.2,,,,,Stern and Skewes 1995,Chile,,,,,,,,,ANDESITE,,,,,,VOLCANIC,INTERMEDIATE,55.4,17.6,3.1,4.3,7.08938,4.5,7.1,3.65,1.8,1.12,0.28,0.12,,0.1,,,,,,,,,,,,,401,,,,,52.2,,,,,3.1,,,,1.37,,,,,,5,,,,,21.8,,0.29,,,,,10,29.8,,,,,,,60,,,18.5,,,6.26,,561,,0.73,,7,,,,1.7,,,27,2.25,,196,0.51259,,,,,,0.70487,,36.950147,,,,,,,,,,,,1
ETP-1,,GEOROC,http://dx.doi.org/10.5027/andgeoV24n1-a05,Geochronology of Miocene plutons and exhumation history of the El Teniente region_ Central Chile (34-35?8),REV. GEOL. CHILE,Kurtz et al,1997,El Teniente,El Teniente,Cu-Mo,CA,,,,,,,,,,-70.521667,-33.561363,,,Barren,3,Miocene,6.3,,Spencer et al 2015,21.6,4.9,,,,,Kurtz et al 1997,Chile,,,,,,,,,,La Obra,,,,,PLUTONIC,FELSIC,70.86,14.43,2.95,,2.95,1.17,3.08,3.55,3.25,0.35,0.23,0.11,,,,,,,,,,,,,,,603,,,,,23.2,,7,8,,8.3,,,,0.562,,,,,,4.4,,,,,10,,0.32,,,,,,12.9,3,,,,,,,,,8,,,3.21,,199,0.32,0.615,,11.2,,,,2.6,,,,2.35,,,,,4.6,18.453,15.554,38.21,0.704005,0.70361,40,,,,,,,,,,,,0
ETP-17,,GEOROC,http://dx.doi.org/10.5027/andgeoV24n1-a05,Geochronology of Miocene plutons and exhumation history of the El Teniente region_ Central Chile (34-35?8),REV. GEOL. CHILE,Kurtz et al,1997,El Teniente,El Teniente,Cu-Mo,CA,,,,,,,,,,-70.554723,-34.553975,,,Barren,3,Miocene,6.3,,Spencer et al 2015,16.2,1.2,,,,,Kurtz et al 1997,Chile,,,,,,,,,,Santa Rosa de Rengo,,,,,PLUTONIC,INTERMEDIATE,65.04,16.43,4.11,,4.11,1.87,4.04,4.35,3.27,0.62,0.18,0.1,,,,,,,,,,,,,,,624,,,,,43,,11,18,,3,,,,0.788,,,,,,5.1,,,,,22.8,,0.205,,,,,,17.9,10,,,,,,,,,9,,,3.95,,393,0.38,0.527,,8.7,,,,2.1,,,,1.5,,,,,,,,,,,37.989653,,,,,,,,,,,,0
ETP-10A,,GEOROC,http://dx.doi.org/10.5027/andgeoV24n1-a05,Geochronology of Miocene plutons and exhumation history of the El Teniente region_ Central Chile (34-35?8),REV. GEOL. CHILE,Kurtz et al,1997,El Teniente,El Teniente,Cu-Mo,CA,,,,,,,,,,-70.136028,-34.081159,,,Barren,3,Miocene,6.3,,Spencer et al 2015,12.3,0.2,,,,,Kurtz et al 1997,Chile,,,,,,,,,,Alfalfalito,,,,,PLUTONIC,INTERMEDIATE,61.75,16.74,5.85,,5.85,2.11,4.27,4.33,3.78,0.89,0.21,0.07,,,,,,,,,,,,,,,809,,,,,77.7,,11,21,,1.8,,,,1.19,,,,,,9.6,,,,,38.4,,0.333,,,,,,33.4,18,,,,,,,,,14,,,7.19,,513,0.86,0.936,,13.7,,,,4.5,,,,2.58,,,,,2.5,,,,0.704293,0.70416,40.648723,,,,,,,,,,,,0
ETP-9,,GEOROC,http://dx.doi.org/10.5027/andgeoV24n1-a05,Geochronology of Miocene plutons and exhumation history of the El Teniente region_ Central Chile (34-35?8),REV. GEOL. CHILE,Kurtz et al,1997,El Teniente,El Teniente,Cu-Mo,CA,,,,,,,,,,-70.343334,-33.899731,,,Barren,3,Miocene,6.3,,Spencer et al 2015,8.7,0.3,,,,,Kurtz et al 1997,Chile,,,,,,,,,,Carlota,,,,,PLUTONIC,INTERMEDIATE,62.87,16.32,5.04,,5.04,2.41,4.92,3.78,3.62,0.81,0.2,0.04,,,,,,,,,,,,,,,438,,,,,42.9,,15,27,,5.3,,,,0.794,,,,,,7.4,,,,,19,,0.244,,,,,,20.3,108,,,,,,,,,12,,,4.95,,367,0.49,0.693,,13.5,,,,4.3,,,,1.9,,,,,2.8,18.558,15.582,38.362,0.704022,0.70392,40.936864,,,,,,,,,,,,0
ETP-7,,GEOROC,http://dx.doi.org/10.5027/andgeoV24n1-a05,Geochronology of Miocene plutons and exhumation history of the El Teniente region_ Central Chile (34-35?8),REV. GEOL. CHILE,Kurtz et al,1997,El Teniente,El Teniente,Cu-Mo,CA,,,,,,,,,,-70.027,-34.573539,,,Barren,3,Miocene,6.3,,Spencer et al 2015,8.4,0.3,,,,,Kurtz et al 1997,Chile,,,,,,,,,,Nacimiento Rio Cortaderal,,,,,PLUTONIC,INTERMEDIATE,66.21,16.06,3.71,,3.71,1.85,1.03,3.85,3.44,0.57,0.24,0.04,,,,,,,,,,,,,,,695,,,,,62.3,,11,19,,4.1,,,,0.86,,,,,,5.4,,,,,27.4,,0.22,,,,,,26.3,12,,,,,,,,,9,,,5.46,,453,0.72,0.74,,23.3,,,,7.7,,,,1.88,,,,,1.6,18.576,15.566,38.329,0.704059,0.70398,52.015733,,,,,,,,,,,,1
ETP-11,,GEOROC,http://dx.doi.org/10.5027/andgeoV24n1-a05,Geochronology of Miocene plutons and exhumation history of the El Teniente region_ Central Chile (34-35?8),REV. GEOL. CHILE,Kurtz et al,1997,El Teniente,El Teniente,Cu-Mo,CA,,,,,,,,,,-70.037284,-34.00267,,,Barren,2,Miocene,6.3,,Spencer et al 2015,6.6,0.1,,,,,Kurtz et al 1997,Chile,,,,,,,,,,Jerla,,,,,PLUTONIC,INTERMEDIATE,62.83,17.07,4.13,,4.13,2.9,5.97,4.6,1.45,0.69,0.25,0.11,,,,,,,,,,,,,,,601,,,,,37.9,,11,38,,0.6,,,,0.861,,,,,,3.9,,,,,17.8,,0.156,,,,,,18.1,17,,,,,,,,,10,,,3.54,,682,0.4,0.404,,3.8,,,,0.9,,,,1.08,,,,,0.7,18.588,15.577,38.378,0.704435,0.70442,29.155496,,,,,,,,,,,,1
ETP-14,,GEOROC,http://dx.doi.org/10.5027/andgeoV24n1-a05,Geochronology of Miocene plutons and exhumation history of the El Teniente region_ Central Chile (34-35?8),REV. GEOL. CHILE,Kurtz et al,1997,El Teniente,El Teniente,Cu-Mo,CA,,,,,,,,,,-69.948612,-34.205317,,,Barren,2,Miocene,6.3,,Spencer et al 2015,5.5,0.2,,,,,Kurtz et al 1997,Chile,,,,,,,,,,Cruz de Piedra,,,,,PLUTONIC,INTERMEDIATE,64.4,16.59,3.84,,3.84,2.65,4.71,4.26,2.8,0.55,0.18,0.04,,,,,,,,,,,,,,,667,,,,,51,,13,72,,2.8,,,,0.829,,,,,,4.8,,,,,25.2,,0.184,,,,,,22.5,26,,,,,,,,,10,,,2.88,,583,0.86,0.444,,9.8,,,,2.4,,,,1.39,,,,,-0.1,,,,0.704273,0.70424,37.79473,,,,,,,,,,,,1
R200064,,Thesis,n/a,STRUCTURAL AND GEOCHEMICAL EVOLUTION OF THE ROSARIO COPPER-MOLYBDENUM PORPHYRY DEPOSIT AND RELATED COPPER-SILVER VEINS_ COLLAHUASI DISTRICT_ NORTHERN CHILE,PhD Thesis,Masterman,2003,Collahuasi,Rosario,Cu-Mo,CA,Giant,26.66,,,,,,,,531342.08,7681398.52,,,Pre,3,,34.5,0.5,Masterman et al 2004,293,13,Masterman 2003,,,,Masterman_ 2003,Chile,,,,,,,,,,Collahuasi Fm,,,,,,,68.12,14.94,3,,2.6994,1.42,0.51,3.58,4.74,0.73,0.179991,0.03,,2.1,,,,,,,100.16,,,,,,888.3,,,,,62.33,,,4.8,,,6500,,,,,,,,,,,,,,27.3,,,4.9,,,,12.3,31.59,4.16,,7.88,,,,133,,,13.7,,,,,76.5,,,,16.8,,,,,58.02,,38,,329.35,317.8,,,,,,,,,60.097561,,,,,,,,,,,,0
R200145,,Thesis,n/a,STRUCTURAL AND GEOCHEMICAL EVOLUTION OF THE ROSARIO COPPER-MOLYBDENUM PORPHYRY DEPOSIT AND RELATED COPPER-SILVER VEINS_ COLLAHUASI DISTRICT_ NORTHERN CHILE,PhD Thesis,Masterman,2003,Collahuasi,Rosario,Cu-Mo,CA,Giant,26.66,,,,,,,,531152.38,7681542.06,,,Pre,3,,34.5,0.5,Masterman et al 2004,293,13,Masterman 2003,,,,Masterman_ 2003,Chile,,,,,,,,,,Collahuasi Fm,,,,,,,68.15,14.68,2.81,,2.528438,1.6,0.46,3.54,5.18,0.71,0.139993,0.02,,1.97,,,,,,,99.66,,,,,,844,,,,,73.4,,,4.6,,,3200,7.18,4.47,1.5,,,,7.15,,8.85,,1.54,,,31.3,,0.69,64.5,,,,12.3,34.57,4.78,,7.32,,9.39,,147.8,,0.39,12.6,,,7.93,2.63,99.2,,1.24,,16.6,,0.85,,4.07,53.49,,39.3,4.45,314.88,325.9,,,,,,,,,62.894249,0.609011,0.023266,1.980025,5.045276,2.524173,0.304388,0.007745,22.292135,0.56723,4.245238,21.475827,0
R200146,,Thesis,n/a,STRUCTURAL AND GEOCHEMICAL EVOLUTION OF THE ROSARIO COPPER-MOLYBDENUM PORPHYRY DEPOSIT AND RELATED COPPER-SILVER VEINS_ COLLAHUASI DISTRICT_ NORTHERN CHILE,PhD Thesis,Masterman,2003,Collahuasi,Rosario,Cu-Mo,CA,Giant,26.66,,,,,,,,531252.63,7681235.59,,,Pre,3,,34.5,0.5,Masterman et al 2004,293,13,Masterman 2003,,,,Masterman_ 2003,Chile,,,,,,,,,,Collahuasi Fm,,,,,,,70.53,15.02,5.02,,4.516996,0.6,0.08,0.01,4.46,0.75,0.149993,,,2.61,,,,,,,100.07,,,,,,722.2,,,,,79.04,,,5.6,,,6700,,,,,,,,,,,,,,33,,,8.9,,,,12.7,38.33,2.5,,47.26,,,,130.3,,,13.4,,,,,114.8,,,,16.8,,,,,53.88,,40.1,,114.5,313.1,,,,,,,,,98.252427,,,,,,,,,,,,0
R200171,,Thesis,n/a,STRUCTURAL AND GEOCHEMICAL EVOLUTION OF THE ROSARIO COPPER-MOLYBDENUM PORPHYRY DEPOSIT AND RELATED COPPER-SILVER VEINS_ COLLAHUASI DISTRICT_ NORTHERN CHILE,PhD Thesis,Masterman,2003,Collahuasi,Rosario,Cu-Mo,CA,Giant,26.66,,,,,,,,531252.63,7681235.59,,,Pre,3,,34.5,0.5,Masterman et al 2004,293,13,Masterman 2003,,,,Masterman_ 2003,Chile,,,,,,,,,,Collahuasi Fm,,,,,,,67.54,15.05,2.7,,2.42946,1.12,0.47,3.96,5.84,0.75,0.189991,0.01,,1.03,,,,,,,99.62,,,,,,704.6,,,,,66.54,,,4.6,,,7700,,,,,,,,,,,,,,31.2,,,16.4,,,,13.1,31.88,4.78,,8.53,,,,145.9,,,14.6,,,,,84.8,,,,16.2,,,,,55.55,,36.9,,179.24,309.9,,,,,,,,,61.106234,,,,,,,,,,,,0
R990004,,Thesis,n/a,STRUCTURAL AND GEOCHEMICAL EVOLUTION OF THE ROSARIO COPPER-MOLYBDENUM PORPHYRY DEPOSIT AND RELATED COPPER-SILVER VEINS_ COLLAHUASI DISTRICT_ NORTHERN CHILE,PhD Thesis,Masterman,2003,Collahuasi,Rosario,Cu-Mo,CA,Giant,26.66,,,,,,,,531341.89,7681244.68,,,Pre,3,,34.5,0.5,Masterman et al 2004,293,13,Masterman 2003,,,,Masterman_ 2003,Chile,,,,,,,,,,Collahuasi Fm,,,,,,,68.48,14.62,2.68,,2.411464,1.07,0.16,2.56,6.04,0.73,0.059997,0.01,,2.03,,,,,,,99.82,,,,,,779.8,,,,,71.66,,,5.3,,,11300,6.71,4.22,1.42,,,,6.58,,8.41,,1.44,,,32.5,,0.66,14,,,,11.6,31.78,4.68,,8.33,,8.93,,175.4,,0.42,13.8,,,7.27,5.68,51.2,,1.15,,16.2,,1.01,,4.1,65.4,,37.3,4.26,866.97,297.4,,,,,,,,,72.329603,0.627671,0.025048,1.896192,5.472356,1.372654,0.172159,0.004616,12.018779,0.322219,4.73913,20.906166,0
R990008,,Thesis,n/a,STRUCTURAL AND GEOCHEMICAL EVOLUTION OF THE ROSARIO COPPER-MOLYBDENUM PORPHYRY DEPOSIT AND RELATED COPPER-SILVER VEINS_ COLLAHUASI DISTRICT_ NORTHERN CHILE,PhD Thesis,Masterman,2003,Collahuasi,Rosario,Cu-Mo,CA,Giant,26.66,,,,,,,,531341.89,7681244.68,,,Pre,3,,34.5,0.5,Masterman et al 2004,293,13,Masterman 2003,,,,Masterman_ 2003,Chile,,,,,,,,,,Collahuasi Fm,,,,,,,67.97,14.99,2.72,,2.447456,1.08,0.41,3.21,5.79,0.74,0.19999,0.01,,1.71,,,,,,,100.09,,,,,,828.2,,,,,70.43,,,3.9,,,10100,,,,,,,,,,,,,,31.3,,,6.1,,,,11.9,33.99,4.16,,6.41,,,,161.3,,,12.2,,,,,59,,,,15.3,,,,,57.43,,37.4,,349.05,305,,,,,,,,,65.490944,,,,,,,,,,,,0
R990214,,Thesis,n/a,STRUCTURAL AND GEOCHEMICAL EVOLUTION OF THE ROSARIO COPPER-MOLYBDENUM PORPHYRY DEPOSIT AND RELATED COPPER-SILVER VEINS_ COLLAHUASI DISTRICT_ NORTHERN CHILE,PhD Thesis,Masterman,2003,Collahuasi,Rosario,Cu-Mo,CA,Giant,26.66,,,,,,,,531300.52,7680989.5,,,Pre,3,,34.5,0.5,Masterman et al 2004,293,13,Masterman 2003,,,,Masterman_ 2003,Chile,,,,,,,,,,Collahuasi Fm,,,,,,,71.09,14.4,2.85,,2.56443,0.61,0.91,6.29,2.44,0.39,0.089996,0.06,,0.49,,,,,,,99.65,,,,,,681.4,,,,,58.64,,,2.1,,,221.14,,,,,,,,,,,,,,29.8,,,0.5,,,,7.8,27.83,0.83,,5.73,,,,80.3,,,8.6,,,,,125.1,,,,12.1,,,,,17.34,,28.8,,259.48,206.3,,,,,,,,,29.756098,,,,,,,,,,,,0
R990252,,Thesis,n/a,STRUCTURAL AND GEOCHEMICAL EVOLUTION OF THE ROSARIO COPPER-MOLYBDENUM PORPHYRY DEPOSIT AND RELATED COPPER-SILVER VEINS_ COLLAHUASI DISTRICT_ NORTHERN CHILE,PhD Thesis,Masterman,2003,Collahuasi,Rosario,Cu-Mo,CA,Giant,26.66,,,,,,,,531397.76,7681088.42,,,Pre,3,,34.5,0.5,Masterman et al 2004,293,13,Masterman 2003,,,,Masterman_ 2003,Chile,,,,,,,,,,Collahuasi Fm,,,,,,,70.7,14.99,2.41,,2.168518,0.76,0.96,5.56,3.21,0.49,0.099995,0.05,,1.01,,,,,,,100.24,,,,,,978.5,,,,,86.53,,,1.7,,,12.78,,,,,,,,,,,,,,33.1,,,0.5,,,,14.5,39.1,1.46,,9.87,,,,135.1,,,10.5,,,,,273.9,,,,15.8,,,,,42.95,,47.6,,148.77,377.5,,,,,,,,,37.845567,,,,,,,,,,,,0
R990260,,Thesis,n/a,STRUCTURAL AND GEOCHEMICAL EVOLUTION OF THE ROSARIO COPPER-MOLYBDENUM PORPHYRY DEPOSIT AND RELATED COPPER-SILVER VEINS_ COLLAHUASI DISTRICT_ NORTHERN CHILE,PhD Thesis,Masterman,2003,Collahuasi,Rosario,Cu-Mo,CA,Giant,26.66,,,,,,,,531397.76 C189,7681088.42,,,Pre,3,,34.5,0.5,Masterman et al 2004,293,13,Masterman 2003,,,,Masterman_ 2003,Chile,,,,,,,,,,Collahuasi Fm,,,,,,,72.85,13.99,2.28,,2.051544,0.25,0.8,6.24,2.63,0.39,0.059997,0.05,,0.66,,,,,,,100.2,,,,,,655,,,,,78.63,,,0.8,,,10.74,7.21,4.65,1.41,,,,6.81,,8.76,,1.57,,,39,,0.76,1,,,,13.1,36.4,1,,5.2,,8.99,,71,,0.51,9.6,,,7.4,0.72,80.9,,1.21,,15.1,,0.75,,3.42,13.69,,40.8,4.88,17.44,328.7,,,,,,,,,29.032258,0.60723,0.021154,1.684882,5.732517,1.982843,0.246121,0.006032,16.577869,0.40632,1.426042,,0
R200065,,Thesis,n/a,STRUCTURAL AND GEOCHEMICAL EVOLUTION OF THE ROSARIO COPPER-MOLYBDENUM PORPHYRY DEPOSIT AND RELATED COPPER-SILVER VEINS_ COLLAHUASI DISTRICT_ NORTHERN CHILE,PhD Thesis,Masterman,2003,Collahuasi,Rosario,Cu-Mo,CA,Giant,26.66,,,,,,,,530597.82,7680993.17,,,Pre,3,,34.5,0.5,Masterman et al 2004,245,12,Masterman 2003,,,,Masterman_ 2003,Chile,,,,,,,,,,Collahuasi Porphyry,,,,,,,65.39,16.13,4.15,,3.73417,1.42,1.8,5.3,2.32,0.48,0.169992,0.1,,2.59,,,,,,,99.85,,,,,,605.3,,,,,35.37,,,4.7,,,30.07,,,,,,,,,,,,,,18.2,,,0.9,,,,5.8,13.48,1.66,,6.13,,,,68,,,11.3,,,,,244.5,,,,6,,,,,78.31,,14.9,,434.92,131.7,,,,,,,,,34.501845,,,,,,,,,,,,0
R200079,,Thesis,n/a,STRUCTURAL AND GEOCHEMICAL EVOLUTION OF THE ROSARIO COPPER-MOLYBDENUM PORPHYRY DEPOSIT AND RELATED COPPER-SILVER VEINS_ COLLAHUASI DISTRICT_ NORTHERN CHILE,PhD Thesis,Masterman,2003,Collahuasi,Rosario,Cu-Mo,CA,Giant,26.66,,,,,,,,531252.63,7681235.59,,,Pre,3,,34.5,0.5,Masterman et al 2004,245,12,Masterman 2003,,,,Masterman_ 2003,Chile,,,,,,,,,,Collahuasi Porphyry,,,,,,,70.4,14.9,1.53,,1.376694,1.38,0.27,3.9,4.49,0.35,0.109995,0.02,,1.91,,,,,,,99.95,,,,,,613.4,,,,,36.91,,,2.8,,,5500,2.54,1.69,0.84,,,,2.51,,2.78,,0.55,,,18.93,,0.28,11.4,,,,6.56,14.27,2.7,,17.6,,4.09,,129.1,,0.13,7.6,,,2.88,4.84,80.7,,0.42,,7.95,,0.66,,1.93,56.15,,15.38,1.78,317.34,110,,,,,,,,,58.466135,0.955146,0.091222,1.797753,7.62836,5.247074,0.733636,0.047701,45.337079,2.947794,7.388158,,0
R200085,,Thesis,n/a,STRUCTURAL AND GEOCHEMICAL EVOLUTION OF THE ROSARIO COPPER-MOLYBDENUM PORPHYRY DEPOSIT AND RELATED COPPER-SILVER VEINS_ COLLAHUASI DISTRICT_ NORTHERN CHILE,PhD Thesis,Masterman,2003,Collahuasi,Rosario,Cu-Mo,CA,Giant,26.66,,,,,,,,531503.79,7680691.87,,,Pre,3,,34.5,0.5,Masterman et al 2004,245,12,Masterman 2003,,,,Masterman_ 2003,Chile,,,,,,,,,,Collahuasi Porphyry,,,,,,,69.42,15.45,3.44,,3.095312,1.18,0.8,4.9,2.48,0.35,0.119994,0.04,,1.73,,,,,,,99.93,,,,,,597.8,,,,,36.04,,,3,,,144.35,1.88,1.16,0.56,,,,2.12,,2.92,,0.39,,,18.66,,0.22,0.96,,,,6.5,13.25,3.54,,12.85,,3.87,,74.5,,0.32,7.6,,,2.54,1.13,180.2,,0.33,,7.83,,0.5,,2.18,45.21,,10.45,1.3,269.94,124.6,,,,,,,,,39.102564,0.73778,0.096479,2.17094,10.296008,17.244019,1.446228,0.138395,138.615385,13.26463,5.948684,57.205742,0
R200113,,Thesis,n/a,STRUCTURAL AND GEOCHEMICAL EVOLUTION OF THE ROSARIO COPPER-MOLYBDENUM PORPHYRY DEPOSIT AND RELATED COPPER-SILVER VEINS_ COLLAHUASI DISTRICT_ NORTHERN CHILE,PhD Thesis,Masterman,2003,Collahuasi,Rosario,Cu-Mo,CA,Giant,26.66,,,,,,,,530800.68,7681199.25,,,Pre,3,,34.5,0.5,Masterman et al 2004,245,12,Masterman 2003,,,,Masterman_ 2003,Chile,,,,,,,,,,Collahuasi Porphyry,,,,,,,74.36,12.3,1.12,,1.007776,0.53,0.11,2.45,4.47,0.29,0.049998,,,1.52,,,,,,,99.49,,,,,,527.7,,,,,25.42,,,2.3,,,18400,,,,,,,,,,,,,,12.5,,,70.8,,,,4.5,10.69,1.98,,6.82,,,,104.8,,,6.6,,,,,58.7,,,,4.56,,,,,49.84,,13.7,,364.23,79.7,,,,,,,,,66.137566,,,,,,,,,,,,0
R200116,,Thesis,n/a,STRUCTURAL AND GEOCHEMICAL EVOLUTION OF THE ROSARIO COPPER-MOLYBDENUM PORPHYRY DEPOSIT AND RELATED COPPER-SILVER VEINS_ COLLAHUASI DISTRICT_ NORTHERN CHILE,PhD Thesis,Masterman,2003,Collahuasi,Rosario,Cu-Mo,CA,Giant,26.66,,,,,,,,530800.68,7681199.25,,,Pre,3,,34.5,0.5,Masterman et al 2004,245,12,Masterman 2003,,,,Masterman_ 2003,Chile,,,,,,,,,,Collahuasi Porphyry,,,,,,,72.36,13.04,1.18,,1.061764,1.02,0.19,0.43,7.92,0.28,0.109995,0.01,,1.78,,,,,,,99.32,,,,,,660.1,,,,,31.88,,,3,,,8000,,,,,,,,,,,,,,12.3,,,21.8,,,,5.1,12.33,4.68,,7.58,,,,215,,,5.9,,,,,66.5,,,,5.57,,,,,56.34,,10.8,,89.47,96.5,,,,,,,,,93.514644,,,,,,,,,,,,0
R200142,,Thesis,n/a,STRUCTURAL AND GEOCHEMICAL EVOLUTION OF THE ROSARIO COPPER-MOLYBDENUM PORPHYRY DEPOSIT AND RELATED COPPER-SILVER VEINS_ COLLAHUASI DISTRICT_ NORTHERN CHILE,PhD Thesis,Masterman,2003,Collahuasi,Rosario,Cu-Mo,CA,Giant,26.66,,,,,,,,530895.34,7681001.93,,,Pre,3,,34.5,0.5,Masterman et al 2004,245,12,Masterman 2003,,,,Masterman_ 2003,Chile,,,,,,,,,,Collahuasi Porphyry,,,,,,,70.87,15.2,2.49,,2.240502,1,0.45,5.78,2.56,0.33,0.109995,0.01,,1.19,,,,,,,100.16,,,,,,815.3,,,,,37.93,,,2.2,,,1391.15,2.47,1.66,0.7,,,,2.4,,3.63,,0.54,,,19.3,,0.3,21.3,,,,6.3,13.77,2.18,,11.44,,4.2,,72.2,,0.26,0.6,,,2.87,1.58,133.8,,0.42,,8.9,,0.55,,2.17,42.75,,14.1,1.84,185.5,121.9,,,,,,,,,36.363636,0.815408,0.075337,1.733092,7.523849,9.489362,1.097621,0.077845,72.717391,5.157262,71.25,,0
R200041,,Thesis,n/a,STRUCTURAL AND GEOCHEMICAL EVOLUTION OF THE ROSARIO COPPER-MOLYBDENUM PORPHYRY DEPOSIT AND RELATED COPPER-SILVER VEINS_ COLLAHUASI DISTRICT_ NORTHERN CHILE,PhD Thesis,Masterman,2003,Collahuasi,Ujina,Cu-Mo,CA,Large,9.2158,,,,,,,,539453,7676800,,,Pre,3,,34.5,0.5,Masterman et al 2004,33.55,,Masterman 2003,,,,Masterman_ 2003,Chile,,,,,,,,,,La Profunda Pluton,,,,,,,62.53,14.64,5.37,,4.831926,3.14,2.11,3.89,3.48,0.68,0.139993,0.09,,4,,,,,,,100.08,,,,,,731,,,,,50.81,,,32.9,,,83.45,3.84,2.4,0.78,,,,3.57,,6.28,,0.8,,,25.14,,0.33,1.1,,,,8.22,21.67,12.38,,12.33,,6.14,,111.4,,0.83,21.7,,,4.14,2.01,100.2,,0.63,,15.44,,0.37,,2.27,149.92,,21.6,2.32,150.72,234.9,,,,,,,,,52.456418,0.620275,0.045451,1.982759,7.772807,4.638889,0.426564,0.019748,43.189655,1.999521,6.908756,33.842593,1
R200032,,Thesis,n/a,STRUCTURAL AND GEOCHEMICAL EVOLUTION OF THE ROSARIO COPPER-MOLYBDENUM PORPHYRY DEPOSIT AND RELATED COPPER-SILVER VEINS_ COLLAHUASI DISTRICT_ NORTHERN CHILE,PhD Thesis,Masterman,2003,Collahuasi,Ujina,Cu-Mo,CA,Large,9.2158,,,,,,,,537208,767994,,,Syn,1,,34.5,0.5,Masterman et al 2004,35.2,0.3,Masterman 2003,,,,Masterman_ 2003,Chile,,,,,,,,,,Ujina porphyry,,,,,,,67.17,16.94,2.48,,2.231504,1.14,2.13,4.25,2.79,0.39,0.159992,0.07,,1.8,,,,,,,99.56,,,,,,791.1,,,,,37.32,,,6,,,1881.97,1.26,0.65,0.75,,,,1.79,,3.22,,0.24,,,17,,0.1,8,,,,5.8,17.72,2.81,,9.53,,4.32,,84.7,,0.73,5.8,,,2.74,1.02,610.8,,0.25,,3.1,,0.58,,1.05,55.65,,5.9,0.61,92.34,103.4,,,,,,,,,38.118332,1.03534,0.288537,4.990893,19.990316,103.525424,5.907157,1.001213,1001.311475,169.713809,9.594828,134.084746,1
R200031,,Thesis,n/a,STRUCTURAL AND GEOCHEMICAL EVOLUTION OF THE ROSARIO COPPER-MOLYBDENUM PORPHYRY DEPOSIT AND RELATED COPPER-SILVER VEINS_ COLLAHUASI DISTRICT_ NORTHERN CHILE,PhD Thesis,Masterman,2003,Collahuasi,Ujina,Cu-Mo,CA,Large,9.2158,,,,,,,,537907,7678792,,,Syn-post,1,,34.5,0.5,Masterman et al 2004,33.55,,Masterman 2003,,,,Masterman_ 2003,Chile,,,,,,,,,,Inca Porphyry,,,,,,,68.64,16.24,1.96,,1.763608,0.93,2.34,4.62,2.68,0.31,0.119994,0.02,,1.84,,,,,,,99.82,,,,,,816.4,,,,,37.62,,,3.9,,,983.78,1.09,0.55,0.67,,,,1.59,,2.99,,0.2,,,19.91,,0.08,4.1,,,,6,15.38,1.56,,15.7,,13.3,,64.3,,0.2,3.58,,,2.47,1.19,595,,0.22,,4.71,,0.37,,2.09,36.15,,5.6,0.52,72.13,116.6,,,,,,,,,34.153264,1.033597,0.337907,5.277778,27.464297,106.25,5.102916,0.911235,1144.230769,204.326923,10.097765,145.785714,1
R200092,,Thesis,n/a,STRUCTURAL AND GEOCHEMICAL EVOLUTION OF THE ROSARIO COPPER-MOLYBDENUM PORPHYRY DEPOSIT AND RELATED COPPER-SILVER VEINS_ COLLAHUASI DISTRICT_ NORTHERN CHILE,PhD Thesis,Masterman,2003,Collahuasi,Rosario,Cu-Mo,CA,Giant,26.66,,,,,,,,531247.64,7681363.12,,,Syn,1,,34.5,0.5,Masterman et al 2004,33.55,,Masterman 2003,,,,Masterman_ 2003,Chile,,,,,,,,,,Rosario Porphyry,,,,,,,70.63,15.73,1.24,,1.115752,0.7,0.08,1.92,6.63,0.27,0.059997,,,1.8,,,,,,,99.92,,,,,,594.2,,,,,37.67,,,3.6,,,6900,1.56,0.72,0.58,,,,2.06,,2.97,,0.28,,,18.83,,0.1,81.46,,,,7.02,15.12,2.29,,3.97,,4.26,,166.5,,0.07,4.7,,,2.7,7.2,83.8,,0.3,,4.98,,0.65,,1.04,46,,7.51,0.64,357.15,105.1,,,,,,,,,78.563773,0.751859,0.199712,4.6875,21.104299,11.158455,0.797336,0.10617,130.9375,17.435087,9.787234,,1
R200129,,Thesis,n/a,STRUCTURAL AND GEOCHEMICAL EVOLUTION OF THE ROSARIO COPPER-MOLYBDENUM PORPHYRY DEPOSIT AND RELATED COPPER-SILVER VEINS_ COLLAHUASI DISTRICT_ NORTHERN CHILE,PhD Thesis,Masterman,2003,Collahuasi,Rosario,Cu-Mo,CA,Giant,26.66,,,,,,,,530895.34,7681001.93,,,Syn,1,,34.5,0.5,Masterman et al 2004,33.55,,Masterman 2003,,,,Masterman_ 2003,Chile,,,,,,,,,,Rosario Porphyry,,,,,,,72.31,15.08,0.73,,0.656854,0.64,0.73,4.12,3.53,0.23,0.079996,,,2.02,,,,,,,99.86,,,,,,983,,,,,32.7,,,2.7,,,3100,,,,,,,,,,,,,,15.9,,,110.3,,,,6.1,13.1,1.35,,5.82,,,,77.8,,,3.9,,,,,472.4,,,,4.7,,,,,27.68,,37.6,,109.78,98.9,,,,,,,,,46.230599,,,,,,,,,,,,1
R990143,,Thesis,n/a,STRUCTURAL AND GEOCHEMICAL EVOLUTION OF THE ROSARIO COPPER-MOLYBDENUM PORPHYRY DEPOSIT AND RELATED COPPER-SILVER VEINS_ COLLAHUASI DISTRICT_ NORTHERN CHILE,PhD Thesis,Masterman,2003,Collahuasi,Rosario,Cu-Mo,CA,Giant,26.66,,,,,,,,531102.56,7681190.51,,,Syn,1,,34.5,0.5,Masterman et al 2004,33.55,,Masterman 2003,,,,Masterman_ 2003,Chile,,,,,,,,,,Rosario Porphyry,,,,,,,72.09,14.11,0.85,,0.76483,0.73,0.33,2.16,6.42,0.25,0.089996,0.03,,2.29,,,,,,,100.23,,,,,,831.2,,,,,30.11,,,3.1,,,7000,0.98,0.53,0.53,,,,1.37,,2.69,,0.18,,,15.26,,0.08,267.03,,,,6.98,11.94,3.74,,3.17,,3.38,,154.4,,0.18,3.8,,,2.05,2.26,172.7,,0.18,,2.89,,0.37,,0.68,26.69,,5.22,0.49,112.45,87.8,,,,,,,,,74.170124,0.966857,0.33544,4.648526,22.338758,33.084291,1.96697,0.376814,352.44898,67.518962,7.023684,,1
R990145,,Thesis,n/a,STRUCTURAL AND GEOCHEMICAL EVOLUTION OF THE ROSARIO COPPER-MOLYBDENUM PORPHYRY DEPOSIT AND RELATED COPPER-SILVER VEINS_ COLLAHUASI DISTRICT_ NORTHERN CHILE,PhD Thesis,Masterman,2003,Collahuasi,Rosario,Cu-Mo,CA,Giant,26.66,,,,,,,,531102.56,7681190.51,,,Syn,1,,34.5,0.5,Masterman et al 2004,33.55,,Masterman 2003,,,,Masterman_ 2003,Chile,,,,,,,,,,Rosario Porphyry,,,,,,,73.2,13.96,0.74,,0.665852,0.74,0.48,2.8,5.32,0.22,0.089996,0.04,,1.97,,,,,,,100.04,,,,,,815.3,,,,,30.19,,,2.6,,,3800,0.91,0.5,0.51,,,,1.29,,2.77,,0.17,,,15.67,,0.08,141.94,,,,6.15,11.75,2.29,,4.15,,3.35,,134.4,,0.11,4,,,1.99,2.31,210.7,,0.17,,3.68,,0.34,,0.85,27.78,,4.92,0.51,65.66,92.2,,,,,,,,,64.882227,0.973133,0.324378,4.335512,22.039381,42.825203,2.285249,0.464482,413.137255,83.970987,6.945,,1
LEG-P-08,,Thesis,n/a,Surface Lithogeochemistry of the Relincho Porphyry Copper-Molybdenum Deposit_ Atacama Region_ Chile,MSc Thesis,Greenlaw,2014,Relincho,Relincho,Cu-Mo,CA,Medium,2.4983,,,,,,,,374457,6843359,,,Syn,1,Palaeocene-Lower Eocene,64,,,64,,,,,,Greenlaw_ 2014,Chile,,,,,,,,,hornblende-biotite granodiorite,Porphyry FB,PFB,,,,INTRUSIVE,,59.97,12.69,15.91,,14.315818,0.17,0.41,2.99,5.16,0.34,0.08,0.11,,1.8,,,,0.05,0.23,,99.61,3118,,6.3,11.1,2,625,0.1,11.07,,0.23,19,,4.6,4.6,,2.5,1630,0.22,0.16,0.22,,,23.8,0.43,0.05,2.8,16,0.07,0.38,,12.1,0.7,0.03,40,,,,3.6,5.1,3.6,,42.12,5,1.68,,135.7,3,1.09,3,5.5,,0.62,2,419.2,0.3,0.06,0.97,5.1,,0.01,0.03,1.6,326,21.7,1.9,0.17,38,85,,,,,,,,,61.053837,1.302616,1.302616,4.052288,51.054852,220.631579,4.931765,2.595666,2465.882353,1297.832817,108.666667,,1
LEG-K-19A,,Thesis,n/a,Surface Lithogeochemistry of the Relincho Porphyry Copper-Molybdenum Deposit_ Atacama Region_ Chile,MSc Thesis,Greenlaw,2014,Relincho,Relincho,Cu-Mo,CA,Medium,2.4983,,,,,,,,373219,6844211,,,Syn,1,Palaeocene-Lower Eocene,64,,,64,,,,,,Greenlaw_ 2014,Chile,,,,,,,,,hornblende-biotite granodiorite,Porphyry FB,PFB,,,,INTRUSIVE,,73.81,13.94,0.95,,0.85481,0.17,0.72,3.18,5,0.22,0.08,0.005,,1.6,,,,0.01,0.01,,99.62,830,,4,1.1,2,573,0.2,0.58,,0.06,22.9,,0.5,9,,3.4,2300,0.54,0.32,0.38,,,15.1,0.91,0.05,2.4,2.5,0.11,0.03,,13.4,0.5,0.05,20,,,,3.5,7.4,1.4,,4.77,5,2.23,,110.7,5,0.61,2,0.2,,1.31,0.5,307.7,0.2,0.11,0.01,7.8,,0.01,0.04,1.1,28,3.7,3,0.31,9.1,78,,,,,,,,,57.001103,1.064023,0.583496,4.695341,31.005853,102.566667,3.944872,1.314957,992.580645,330.860215,14,,1
LEG-A-04A,,Thesis,n/a,Surface Lithogeochemistry of the Relincho Porphyry Copper-Molybdenum Deposit_ Atacama Region_ Chile,MSc Thesis,Greenlaw,2014,Relincho,Relincho,Cu-Mo,CA,Medium,2.4983,,,,,,,,370011,6846471,,,Syn,1,Palaeocene-Lower Eocene,64,,,64,,,,,,Greenlaw_ 2014,Chile,,,,,,,,,hornblende-biotite monzogranite,Porphyry QB,PQB,,,,INTRUSIVE,,72.2,13.95,2.49,,2.240502,0.47,1.68,3.37,4.33,0.3,0.08,0.04,,1,,,,0.03,0.01,,99.88,111,,1.1,0.7,0.5,647,0.1,0.15,,0.04,33,,3.1,4.5,,2.1,144.43,1.47,1.23,0.54,,,11.4,1.87,0.05,3.6,2.5,0.37,0.01,,18.1,4.4,0.22,2.08,,,,4.4,13.1,1.2,,2.22,5,3.37,,108.4,0.5,0.08,4,0.05,,2.22,0.5,205.4,0.4,0.28,0.03,10.1,,0.02,0.19,1.7,16,1.6,11.1,1.44,12.9,122,,,,,,,,,48.730964,0.810252,0.095655,1.712963,9.016057,18.504505,1.683607,0.151676,142.638889,12.85035,4,,1
LEG-1-01,,Thesis,n/a,Surface Lithogeochemistry of the Relincho Porphyry Copper-Molybdenum Deposit_ Atacama Region_ Chile,MSc Thesis,Greenlaw,2014,Relincho,Relincho,Cu-Mo,CA,Medium,2.4983,,,,,,,,370066,6845012,,,Syn,1,Palaeocene-Lower Eocene,64,,,64,,,,,,Greenlaw_ 2014,Chile,,,,,,,,,hornblende-biotite granodiorite,Porphyry FB,PFB,,,,INTRUSIVE,,72.06,14.49,1.97,,1.772606,0.35,1.8,3.83,3.75,0.14,0.08,0.02,,1.3,,,,0.1,0.01,,99.84,22,,0.7,0.3,2,886,0.2,0.05,,0.03,32.3,,1.4,8.9,,2.9,7.17,1.4,0.6,0.5,,,17.8,1.7,0.05,2.8,2.5,0.24,0.01,,15.6,5.2,0.1,0.35,,,,5.4,14.4,2.2,,8.08,5,3.71,,93.9,0.5,0.06,2,0.05,,2.38,0.5,441.9,0.5,0.22,0.01,4.8,,0.02,0.12,1.3,25,1.1,5.8,0.85,23.9,91,,,,,,,,,42.137718,0.759942,0.151988,3.111111,13.164557,76.189655,4.856044,0.837249,519.882353,89.634888,12.5,,1
LEG-J-03,,Thesis,n/a,Surface Lithogeochemistry of the Relincho Porphyry Copper-Molybdenum Deposit_ Atacama Region_ Chile,MSc Thesis,Greenlaw,2014,Relincho,Relincho,Cu-Mo,CA,Medium,2.4983,,,,,,,,371737,6844939,,,Syn,1,Palaeocene-Lower Eocene,64,,,64,,,,,,Greenlaw_ 2014,Chile,,,,,,,,,hornblende-biotite granodiorite,Porphyry FB,PFB,,,,INTRUSIVE,,69.72,14.51,1.26,,1.133748,0.28,0.37,2.22,8.11,0.31,0.12,0.02,,2.1,,,,0.01,0.08,,99.02,3257,,1.2,40.8,0.5,676,0.2,10.64,,0.17,16.5,,1.6,5.1,,3.5,6980,0.73,0.37,0.26,,,17.6,0.98,0.05,3,2.5,0.15,0.02,,6,1.8,0.07,20,,,,3,5.9,1.7,,6.12,5,1.63,,274.9,0.5,0.25,3,0.4,,1.17,0.5,263.2,0.3,0.13,0.6,5.4,,0.02,0.06,2.1,35,9.6,3.9,0.32,28.8,95,,,,,,,,,76.411658,0.74232,0.394357,4.0625,13.449367,67.487179,2.770526,0.710391,822.5,210.897436,11.666667,173.333333,1
LEG-K-19B,,Thesis,n/a,Surface Lithogeochemistry of the Relincho Porphyry Copper-Molybdenum Deposit_ Atacama Region_ Chile,MSc Thesis,Greenlaw,2014,Relincho,Relincho,Cu-Mo,CA,Medium,2.4983,,,,,,,,373219,6844211,,,Syn,1,Palaeocene-Lower Eocene,64,,,64,,,,,,Greenlaw_ 2014,Chile,,,,,,,,,hornblende-biotite granodiorite,Porphyry FB,PFB,,,,INTRUSIVE,,72.16,14.78,1.1,,0.98978,0.15,1.12,3.62,4.36,0.25,0.09,0.005,,1.9,,,,0.01,0.03,,99.55,644,,4,1.9,2,564,0.1,0.24,,0.15,25.6,,0.4,6.9,,4.8,2800,0.74,0.36,0.47,,,15.4,1.1,0.05,2.7,6,0.13,0.05,,14.6,0.6,0.09,8.03,,,,3.7,9.6,1.3,,3.3,5,2.75,,87.2,7,0.24,3,0.5,,1.69,1,374.1,0.3,0.17,0.02,8.4,,0.01,0.09,1.3,31,3.4,3.5,0.46,12.5,92,,,,,,,,,48.756757,1.053857,0.389469,4.082126,22.766465,106.885714,4.066304,1.161801,813.26087,232.360248,10.333333,,1
LEG-E-12,,Thesis,n/a,Surface Lithogeochemistry of the Relincho Porphyry Copper-Molybdenum Deposit_ Atacama Region_ Chile,MSc Thesis,Greenlaw,2014,Relincho,Relincho,Cu-Mo,CA,Medium,2.4983,,,,,,,,370237,6845486,,,Syn,1,Palaeocene-Lower Eocene,64,,,64,,,,,,Greenlaw_ 2014,Chile,,,,,,,,,hornblende-biotite granodiorite,Porphyry FB,PFB,,,,INTRUSIVE,,68.32,14.88,2.52,,2.267496,0.93,2.32,3.15,3.98,0.33,0.14,0.02,,3,,,,0.02,0.01,,99.59,329,,1.8,0.1,1,880,0.3,0.02,,0.03,32.1,,4.6,6.5,,5,1190,1.01,0.45,0.58,,,16.4,1.6,0.05,3.3,9,0.2,0.01,,14.7,13.6,0.07,0.48,,,,4.2,14.1,2.7,,3.32,5,3.96,,81.4,0.5,0.07,3,0.05,,2.34,0.5,1106.4,0.2,0.2,0.06,4.2,,0.01,0.07,0.9,43,0.8,5.4,0.57,32.8,137,,,,,,,,,47.302505,0.916397,0.273311,4.561404,18.498779,204.888889,8.075912,1.495539,1941.052632,359.454191,14.333333,162.962963,1
LEG-A-09,,Thesis,n/a,Surface Lithogeochemistry of the Relincho Porphyry Copper-Molybdenum Deposit_ Atacama Region_ Chile,MSc Thesis,Greenlaw,2014,Relincho,Relincho,Cu-Mo,CA,Medium,2.4983,,,,,,,,370950,6846248,,,Syn,1,Palaeocene-Lower Eocene,64,,,64,,,,,,Greenlaw_ 2014,Chile,,,,,,,,,hornblende-biotite monzogranite,Porphyry QB,PQB,,,,INTRUSIVE,,69.88,14.94,2.12,,1.907576,0.58,2.05,3.53,4.22,0.27,0.12,0.11,,1.9,,,,0.1,0.01,,99.74,51,,0.05,0.3,1,929,0.2,0.13,,0.86,40.7,,1.4,5.3,,2.3,15.26,0.98,0.53,0.55,,,17,1.54,0.05,4.1,2.5,0.18,0.03,,22.2,3.4,0.08,0.33,,,,4.4,15.6,2.5,,4.46,5,4.36,,135.7,0.5,0.14,2,0.05,,2.68,0.5,433.4,0.3,0.21,0.01,6.5,,0.03,0.07,2,45,1.5,5.1,0.76,505.5,121,,,,,,,,,46.242775,0.827673,0.185137,3.918129,20.952698,84.980392,3.581818,0.702317,570.263158,111.816305,22.5,182.156863,1
LEG-E-13,,Thesis,n/a,Surface Lithogeochemistry of the Relincho Porphyry Copper-Molybdenum Deposit_ Atacama Region_ Chile,MSc Thesis,Greenlaw,2014,Relincho,Relincho,Cu-Mo,CA,Medium,2.4983,,,,,,,,370492,6845475,,,Syn,1,Palaeocene-Lower Eocene,64,,,64,,,,,,Greenlaw_ 2014,Chile,,,,,,,,,hornblende-biotite granodiorite,Porphyry FB,PFB,,,,INTRUSIVE,,69.67,14.96,2.13,,1.916574,0.62,2.17,3.78,3.88,0.27,0.13,0.04,,2.1,,,,0.05,0.04,,99.71,193,,1.4,0.1,0.5,834,0.05,0.01,,0.1,28.3,,3.4,4.8,,5.6,914.75,1.35,0.55,0.53,,,17.4,1.59,0.05,3.4,2.5,0.18,0.01,,13.8,7.9,0.08,0.78,,,,4.2,12.1,3.3,,5.32,5,3.34,,131.1,0.5,0.34,3,0.05,,2.35,0.5,511.9,0.3,0.21,0.04,3.8,,0.03,0.09,1.1,31,1.3,6.6,0.57,31,112,,,,,,,,,43.062201,0.838237,0.250001,4.580897,17.3662,77.560606,4.570536,0.692505,898.070175,136.071239,10.333333,126.363636,1
LEG-J-10B,,Thesis,n/a,Surface Lithogeochemistry of the Relincho Porphyry Copper-Molybdenum Deposit_ Atacama Region_ Chile,MSc Thesis,Greenlaw,2014,Relincho,Relincho,Cu-Mo,CA,Medium,2.4983,,,,,,,,372231,6844708,,,Syn,1,Palaeocene-Lower Eocene,64,,,64,,,,,,Greenlaw_ 2014,Chile,,,,,,,,,hornblende-biotite granodiorite,Porphyry FB,PFB,,,,INTRUSIVE,,70.53,15,1.92,,1.727616,0.21,1,4.23,4.43,0.26,0.1,0.01,,2.1,,,,0.12,0.07,,99.84,23,,1,0.1,0.5,821,0.2,0.02,,0.005,36.3,,1.5,4.3,,5.9,142.32,0.83,0.4,0.54,,,17,1.38,0.05,3.7,2.5,0.15,0.01,,20.7,1.3,0.08,7.98,,,,3.3,13.2,1.3,,3.32,5,4.03,,164.5,9,0.15,3,0.05,,2.15,0.5,372.9,0.3,0.17,0.01,6.9,,0.03,0.07,1.4,30,6.8,4.2,0.47,16.4,117,,,,,,,,,47.011145,0.958426,0.346665,5.082742,31.591705,88.785714,3.187179,0.758852,793.404255,188.905775,10,,1
LEG-1-05,,Thesis,n/a,Surface Lithogeochemistry of the Relincho Porphyry Copper-Molybdenum Deposit_ Atacama Region_ Chile,MSc Thesis,Greenlaw,2014,Relincho,Relincho,Cu-Mo,CA,Medium,2.4983,,,,,,,,370981,6844755,,,Syn,1,Palaeocene-Lower Eocene,64,,,64,,,,,,Greenlaw_ 2014,Chile,,,,,,,,,hornblende-biotite monzogranite,Porphyry QB,PQB,,,,INTRUSIVE,,70.03,15.03,1.98,,1.781604,0.63,1.1,3.58,5.55,0.27,0.11,0.03,,1.4,,,,0.07,0.01,,99.69,509,,0.4,0.1,1,955,0.1,0.05,,0.05,37.5,,0.8,6.3,,2,686.74,1.07,0.36,0.59,,,17.5,1.56,0.05,4.6,2.5,0.15,0.01,,20.7,5.4,0.09,2.44,,,,4.2,14,2.2,,5.49,5,3.87,,174.6,0.5,0.09,3,0.05,,2.25,2,498.2,0.3,0.19,0.07,6.7,,0.01,0.1,1.8,40,29.8,5.9,0.63,27.4,117,,,,,,,,,56.906077,0.962769,0.259795,3.968254,23.568415,84.440678,4.25812,0.721715,790.793651,134.032822,13.333333,,1
LEG-Q-05,,Thesis,n/a,Surface Lithogeochemistry of the Relincho Porphyry Copper-Molybdenum Deposit_ Atacama Region_ Chile,MSc Thesis,Greenlaw,2014,Relincho,Relincho,Cu-Mo,CA,Medium,2.4983,,,,,,,,370488,6842539,,,Syn,1,Palaeocene-Lower Eocene,64,,,64,,,,,,Greenlaw_ 2014,Chile,,,,,,,,,hornblende-biotite monzogranite,Porphyry QB,PQB,,,,INTRUSIVE,,69.59,15.05,2.45,,2.20451,0.76,1.3,2.97,5.34,0.33,0.14,0.13,,1.8,,,,0.15,0.01,,99.83,38,,0.9,0.1,1,823,0.05,0.06,,1.24,45.7,,3,5.4,,3.3,30.48,0.96,0.48,0.58,,,16.9,1.73,0.05,4.1,2.5,0.16,0.01,,23.6,4,0.07,0.58,,,,4.8,18.6,2.3,,27.08,5,4.92,,214.6,0.5,0.15,3,0.05,,2.82,0.5,282.7,0.3,0.21,0.01,6.5,,0.05,0.08,1.6,41,2.6,6,0.57,157.1,135,,,,,,,,,58.823529,0.802794,0.23943,5.497076,29.698719,47.116667,2.094074,0.349012,495.964912,82.660819,13.666667,137.166667,1
LEG-A-07,,Thesis,n/a,Surface Lithogeochemistry of the Relincho Porphyry Copper-Molybdenum Deposit_ Atacama Region_ Chile,MSc Thesis,Greenlaw,2014,Relincho,Relincho,Cu-Mo,CA,Medium,2.4983,,,,,,,,370516,6846239,,,Syn,1,Palaeocene-Lower Eocene,64,,,64,,,,,,Greenlaw_ 2014,Chile,,,,,,,,,hornblende-biotite granodiorite,Porphyry FB,PFB,,,,INTRUSIVE,,70.7,15.08,1.74,,1.565652,0.54,1.63,4.02,3.67,0.19,0.09,0.05,,2.1,,,,0.03,0.01,,99.83,67,,2.9,0.1,0.5,838,0.2,0.01,,0.02,33.8,,2.2,4.9,,10.7,12.72,1.07,0.63,0.47,,,13.7,1.33,0.05,2.8,6,0.2,0.01,,17.7,7.4,0.08,0.19,,,,3.7,12.3,0.9,,8.36,5,3.47,,96.8,0.5,0.08,2,0.05,,1.96,0.5,427.3,0.3,0.19,0.01,4.5,,0.01,0.07,1.2,16,1.2,6.1,0.48,26,92,,,,,,,,,42.697769,0.889954,0.315192,4.537037,26.450422,70.04918,4.644565,0.761404,890.208333,145.935792,8,,1
LEG-J-10A,,Thesis,n/a,Surface Lithogeochemistry of the Relincho Porphyry Copper-Molybdenum Deposit_ Atacama Region_ Chile,MSc Thesis,Greenlaw,2014,Relincho,Relincho,Cu-Mo,CA,Medium,2.4983,,,,,,,,372231,6844708,,,Syn,1,Palaeocene-Lower Eocene,64,,,64,,,,,,Greenlaw_ 2014,Chile,,,,,,,,,hornblende-biotite granodiorite,Porphyry FB,PFB,,,,INTRUSIVE,,70.48,15.18,1.87,,1.682626,0.2,0.86,4.31,4.26,0.27,0.1,0.01,,2.3,,,,0.09,0.11,,99.84,26,,0.7,0.3,0.5,788,0.2,0.03,,0.005,37,,1.5,4,,4.8,121,0.76,0.39,0.49,,,17.9,1.23,0.05,3.5,2.5,0.13,0.01,,19.7,0.8,0.06,6.67,,,,3.5,13.1,1.1,,3,5,3.63,,156.6,6,0.16,3,0.05,,1.93,0.5,359.4,0.2,0.15,0.01,6.2,,0.03,0.06,1.3,33,6.3,3.9,0.4,13.6,118,,,,,,,,,46.313603,0.972274,0.413216,5.361111,35.327004,92.153846,3.045763,0.780965,898.5,230.384615,11,,1
LEG-N-03,,Thesis,n/a,Surface Lithogeochemistry of the Relincho Porphyry Copper-Molybdenum Deposit_ Atacama Region_ Chile,MSc Thesis,Greenlaw,2014,Relincho,Relincho,Cu-Mo,CA,Medium,2.4983,,,,,,,,371365,6843335,,,Syn,1,Palaeocene-Lower Eocene,64,,,64,,,,,,Greenlaw_ 2014,Chile,,,,,,,,,hornblende-biotite granodiorite,Porphyry QF2,PQF2,,,,INTRUSIVE,,69.35,15.22,2.47,,2.222506,0.78,1.27,2.95,5.75,0.32,0.13,0.12,,1.4,,,,0.04,0.01,,99.72,1005,,0.8,0.1,1,841,0.2,7.91,,0.26,35,,1.9,5.4,,2.4,868.2,0.88,0.38,0.55,,,17.3,1.49,0.05,3,2.5,0.16,0.02,,18.2,6.3,0.07,0.52,,,,3.1,12.9,2.1,,29.14,5,3.77,,180.7,0.5,0.12,3,0.05,,2.13,1,328.3,0.3,0.19,0.09,6,,0.04,0.07,2.1,42,3,5.4,0.51,99,109,,,,,,,,,60.744186,0.943851,0.314617,4.640523,25.59775,60.796296,3.011927,0.557764,643.72549,119.208424,14,155.740741,1
LEG-K-04,,Thesis,n/a,Surface Lithogeochemistry of the Relincho Porphyry Copper-Molybdenum Deposit_ Atacama Region_ Chile,MSc Thesis,Greenlaw,2014,Relincho,Relincho,Cu-Mo,CA,Medium,2.4983,,,,,,,,373308,6844975,,,Syn,1,Palaeocene-Lower Eocene,64,,,64,,,,,,Greenlaw_ 2014,Chile,,,,,,,,,hornblende-biotite granodiorite,Porphyry QF2,PQF2,,,,INTRUSIVE,,69.27,15.24,2.07,,1.862586,0.73,2.06,3.95,3.77,0.26,0.1,0.05,,2.3,,,,0.07,0.09,,99.8,27,,1.1,0.1,2,914,0.2,0.01,,0.09,36.9,,3,7,,2.2,9.05,0.86,0.52,0.56,,,17.5,1.7,0.05,3.6,2.5,0.17,0.01,,19.2,9,0.07,0.64,,,,3.1,13.1,2,,16.68,5,4.08,,102.2,0.5,0.04,3,0.05,,2.31,0.5,487,0.3,0.21,0.01,6.3,,0.01,0.08,1.4,30,0.9,5.5,0.63,72.3,112,,,,,,,,,42.816365,0.863935,0.233125,4.074074,21.860559,88.545455,4.348214,0.790584,773.015873,140.548341,10,166.181818,1
LEG-E-17,,Thesis,n/a,Surface Lithogeochemistry of the Relincho Porphyry Copper-Molybdenum Deposit_ Atacama Region_ Chile,MSc Thesis,Greenlaw,2014,Relincho,Relincho,Cu-Mo,CA,Medium,2.4983,,,,,,,,370220,6845254,,,Syn,1,Palaeocene-Lower Eocene,64,,,64,,,,,,Greenlaw_ 2014,Chile,,,,,,,,,hornblende-biotite granodiorite,Porphyry FB,PFB,,,,INTRUSIVE,,70.84,15.25,1.53,,1.376694,0.52,1.14,3.13,5.14,0.42,0.08,0.005,,1.6,,,,0.01,0.01,,99.7,1770,,1.5,0.1,0.5,840,0.2,0.11,,0.02,38.8,,0.8,3.6,,2.1,782.12,0.88,0.4,0.72,,,18.9,1.71,0.05,3.2,8,0.15,0.11,,19.7,4.5,0.05,110.95,,,,5.6,18,1.5,,7.01,5,4.63,,84.7,3,0.28,4,0.7,,2.57,1,559.5,0.2,0.19,0.09,4.7,,0.01,0.06,1.3,44,6.7,4.3,0.54,13.2,128,,,,,,,,,56.998993,1.050005,0.330557,5.288066,26.168151,130.116279,4.371094,1.016533,1036.111111,240.956072,11,,1
LEG-1-04,,Thesis,n/a,Surface Lithogeochemistry of the Relincho Porphyry Copper-Molybdenum Deposit_ Atacama Region_ Chile,MSc Thesis,Greenlaw,2014,Relincho,Relincho,Cu-Mo,CA,Medium,2.4983,,,,,,,,371007,6845019,,,Syn,1,Palaeocene-Lower Eocene,64,,,64,,,,,,Greenlaw_ 2014,Chile,,,,,,,,,hornblende-biotite granodiorite,Porphyry FB,PFB,,,,INTRUSIVE,,69.71,15.28,2,,1.7996,0.43,1.34,4.25,4.56,0.27,0.11,0.005,,1.8,,,,0.02,0.01,,99.76,259,,0.05,1.7,0.5,830,0.2,0.06,,0.04,28.2,,1,4.7,,0.9,459.48,0.94,0.61,0.52,,,16.5,1.47,0.05,4.1,2.5,0.2,0.02,,14.8,2.6,0.07,4.94,,,,4,14.2,2,,2.11,5,3.35,,110.2,0.5,0.05,3,0.05,,2,2,468.1,0.3,0.2,0.03,5.5,,0.01,0.09,1.8,27,5.5,6,0.56,25.3,113,,,,,,,,,47.164461,0.927157,0.281458,3.968254,18.957203,78.016667,4.142478,0.690413,835.892857,139.315476,9,138.333333,1
LEG-A-06,,Thesis,n/a,Surface Lithogeochemistry of the Relincho Porphyry Copper-Molybdenum Deposit_ Atacama Region_ Chile,MSc Thesis,Greenlaw,2014,Relincho,Relincho,Cu-Mo,CA,Medium,2.4983,,,,,,,,370979,6846497,,,Syn,1,Palaeocene-Lower Eocene,64,,,64,,,,,,Greenlaw_ 2014,Chile,,,,,,,,,hornblende-biotite monzogranite,Porphyry QB,PQB,,,,INTRUSIVE,,70.54,15.28,2.13,,1.916574,0.58,1.93,4.26,3.53,0.28,0.13,0.07,,1.1,,,,0.01,0.01,,99.81,14,,0.05,0.1,0.5,824,0.2,0.01,,0.07,38.1,,3.2,5.4,,6.1,3.59,0.69,0.5,0.58,,,17.7,1.57,0.05,3.7,2.5,0.2,0.01,,20.1,4.7,0.07,0.23,,,,7.7,15.7,1.7,,6.86,5,4.36,,106.6,0.5,0.08,3,0.05,,2.37,1,479.8,0.4,0.2,0.01,6.3,,0.02,0.09,1.6,43,0.7,5.2,0.45,47.9,121,,,,,,,,,39.902913,0.919237,0.347267,5.851852,32.039381,92.269231,3.965289,0.762556,1066.222222,205.042735,14.333333,,1
LEG-E-20,,Thesis,n/a,Surface Lithogeochemistry of the Relincho Porphyry Copper-Molybdenum Deposit_ Atacama Region_ Chile,MSc Thesis,Greenlaw,2014,Relincho,Relincho,Cu-Mo,CA,Medium,2.4983,,,,,,,,370996,6845241,,,Syn,1,Palaeocene-Lower Eocene,64,,,64,,,,,,Greenlaw_ 2014,Chile,,,,,,,,,Hydrothermal Breccia,Hydrothermal Breccia,BXH,,,,BRECCIA,,69.5,15.29,2.66,,2.393468,0.68,1.22,5,3.86,0.33,0.11,0.02,,1.1,,,,0.01,0.01,,99.72,619,,0.9,2.1,0.5,696,0.2,0.04,,0.09,34.6,,0.9,7.4,,1,990,1.39,0.72,0.7,,,20.2,2.01,0.05,3.6,2.5,0.25,0.05,,18,5.9,0.11,10,,,,4.4,15.3,4.4,,2.83,5,4.48,,114.2,0.5,0.1,4,0.1,,2.77,2,423.2,0.3,0.28,0.08,6.4,,0.03,0.11,2.3,44,9.5,7.8,0.77,36.4,123,,,,,,,,,42.193309,0.906951,0.200236,3.997114,16.768042,54.25641,3.44065,0.441109,549.61039,70.46287,11,89.230769,1
LEG-K-12,,Thesis,n/a,Surface Lithogeochemistry of the Relincho Porphyry Copper-Molybdenum Deposit_ Atacama Region_ Chile,MSc Thesis,Greenlaw,2014,Relincho,Relincho,Cu-Mo,CA,Medium,2.4983,,,,,,,,372771,6844507,,,Syn,1,Palaeocene-Lower Eocene,64,,,64,,,,,,Greenlaw_ 2014,Chile,,,,,,,,,hornblende-biotite granodiorite,Porphyry FB,PFB,,,,INTRUSIVE,,69.78,15.31,1.97,,1.772606,0.63,1.12,4.63,3.95,0.3,0.11,0.02,,1.8,,,,0.01,0.01,,99.62,1114,,7.9,0.3,0.5,652,0.2,0.27,,0.08,30.5,,4.7,4.8,,2.1,1820,0.71,0.37,0.37,,,18,1.17,0.05,3.1,2.5,0.11,0.03,,17.7,6,0.06,9.13,,,,3.5,11.1,2.1,,7.1,5,3.15,,152,1,0.12,3,0.3,,1.72,0.5,395.9,0.3,0.13,0.03,6,,0.01,0.05,2.1,45,31,4.2,0.43,16.8,97,,,,,,,,,44.336883,0.797385,0.315245,4.444444,29.526052,94.261905,4.081443,0.971772,920.697674,219.213732,15,155.238095,1
LEG-P-07A,,Thesis,n/a,Surface Lithogeochemistry of the Relincho Porphyry Copper-Molybdenum Deposit_ Atacama Region_ Chile,MSc Thesis,Greenlaw,2014,Relincho,Relincho,Cu-Mo,CA,Medium,2.4983,,,,,,,,374064,6843421,,,Syn,1,Palaeocene-Lower Eocene,64,,,64,,,,,,Greenlaw_ 2014,Chile,,,,,,,,,hornblende-biotite granodiorite,Porphyry FB,PFB,,,,INTRUSIVE,,70.38,15.31,1.75,,1.57465,0.21,1.73,4.13,4.06,0.29,0.11,0.02,,1.8,,,,0.14,0.03,,99.8,251,,9.4,0.5,1,668,0.2,0.05,,0.29,32.5,,2.8,9.2,,3,475.71,1.01,0.45,0.53,,,16.5,1.53,0.05,3.4,2.5,0.16,0.01,,17.9,1.3,0.06,7,,,,3.4,13.4,1.7,,5.16,5,3.47,,116.7,0.5,0.13,3,0.05,,2.12,0.5,374.7,0.3,0.18,0.01,6.7,,0.01,0.06,1.6,39,6.4,5.2,0.34,51.8,92,,,,,,,,,42.152024,0.899675,0.449838,6.928105,37.763713,72.057692,4.072826,0.783236,1102.058824,211.934389,13,,1
LEG-E-19,,Thesis,n/a,Surface Lithogeochemistry of the Relincho Porphyry Copper-Molybdenum Deposit_ Atacama Region_ Chile,MSc Thesis,Greenlaw,2014,Relincho,Relincho,Cu-Mo,CA,Medium,2.4983,,,,,,,,370763,6845263,,,Syn,1,Palaeocene-Lower Eocene,64,,,64,,,,,,Greenlaw_ 2014,Chile,,,,,,,,,hornblende-biotite monzogranite,Porphyry QB,PQB,,,,INTRUSIVE,,69.98,15.31,2.31,,2.078538,0.69,1.71,3.76,4.09,0.33,0.13,0.02,,1.4,,,,0.04,0.01,,99.71,705,,1.4,0.1,0.5,857,0.1,0.08,,0.03,39.6,,1.3,10.4,,1.4,742.78,1.15,0.57,0.73,,,18.1,1.67,0.05,3.8,6,0.2,0.02,,20.5,11.4,0.08,9.15,,,,4.8,17.5,3,,2.19,5,4.9,,82,0.5,0.1,3,0.1,,2.77,1,547,0.3,0.24,0.01,5,,0.01,0.08,1.3,39,2.3,5.6,0.58,43.8,131,,,,,,,,,46.634146,1.037644,0.304137,5.306513,25.35283,97.678571,4.175573,0.745638,943.103448,168.41133,13,153.035714,1
LEG-J-15,,Thesis,n/a,Surface Lithogeochemistry of the Relincho Porphyry Copper-Molybdenum Deposit_ Atacama Region_ Chile,MSc Thesis,Greenlaw,2014,Relincho,Relincho,Cu-Mo,CA,Medium,2.4983,,,,,,,,372247,6844282,,,Syn,1,Palaeocene-Lower Eocene,64,,,64,,,,,,Greenlaw_ 2014,Chile,,,,,,,,,hornblende-biotite monzogranite,Porphyry QB,PQB,,,,INTRUSIVE,,69.94,15.31,1.59,,1.430682,0.76,2.05,3.92,3.88,0.3,0.11,0.03,,1.6,,,,0.03,0.08,,99.46,282,,1.5,0.1,1,800,0.2,0.16,,0.04,34,,2.4,5.6,,2.4,2940,0.98,0.49,0.47,,,18.4,1.62,0.05,3.4,2.5,0.18,0.02,,19.4,7.9,0.08,10,,,,2.8,12.8,1.7,,6.2,5,3.71,,125.8,5,0.12,3,0.05,,2.02,1,538.9,0.3,0.18,0.03,6.1,,0.03,0.08,2.6,42,5.2,5.5,0.48,37,109,,,,,,,,,43.732328,0.794307,0.281317,4.675926,28.990858,97.981818,4.944037,0.898916,1122.708333,204.128788,14,145.454545,1
LEG-Z-20,,Thesis,n/a,Surface Lithogeochemistry of the Relincho Porphyry Copper-Molybdenum Deposit_ Atacama Region_ Chile,MSc Thesis,Greenlaw,2014,Relincho,Relincho,Cu-Mo,CA,Medium,2.4983,,,,,,,,373807,6852268,,,Syn,1,Palaeocene-Lower Eocene,64,,,64,,,,,,Greenlaw_ 2014,Chile,,,,,,,,,Hydrothermal Breccia,Hydrothermal Breccia,BXH,,,,BRECCIA,,68,15.32,4.58,,4.121084,2.4,0.27,0.82,1.98,0.99,0.13,0.005,,5.3,,,,0.05,0.93,,99.85,92,,127.3,2.5,34,250,0.05,12.68,,0.03,65.3,,0.2,7.4,,6.2,3.73,5.24,3.42,1.12,,,19.2,4.99,0.05,6.1,132,1.21,0.03,,28.8,1.1,0.52,2.8,,,,9.4,32.2,0.6,,3.12,5,7.48,,109.3,0.5,3.83,22,2.5,,5.69,2,62.3,0.7,0.87,3.31,11.7,,0.28,0.54,2.8,157,2.7,33.2,3.39,0.7,232,,,,,,,,,80.073126,0.642592,0.032224,1.864962,6.093873,1.876506,0.268534,0.008088,18.377581,0.553542,7.136364,7.53012,1
LEG-E-01A,,Thesis,n/a,Surface Lithogeochemistry of the Relincho Porphyry Copper-Molybdenum Deposit_ Atacama Region_ Chile,MSc Thesis,Greenlaw,2014,Relincho,Relincho,Cu-Mo,CA,Medium,2.4983,,,,,,,,369997,6845990,,,Syn,1,Palaeocene-Lower Eocene,64,,,64,,,,,,Greenlaw_ 2014,Chile,,,,,,,,,hornblende-biotite monzogranite,Porphyry QB,PQB,,,,INTRUSIVE,,69.67,15.32,1.95,,1.75461,0.62,1.88,3.95,4.37,0.28,0.12,0.03,,1.6,,,,0.04,0.01,,99.78,414,,1.6,0.1,0.5,899,0.1,0.03,,0.05,37.3,,3.3,5.5,,2.9,318.71,1,0.47,0.54,,,17.3,1.49,0.05,3.8,2.5,0.19,0.01,,19.9,9.7,0.07,0.97,,,,4.7,17.2,2.1,,5.14,5,4.42,,128.1,0.5,0.09,3,0.2,,2.36,0.5,514.3,0.5,0.19,0.01,8.1,,0.01,0.06,1.9,27,1.6,5.2,0.59,36.1,115,,,,,,,,,46.118299,0.880376,0.253668,4.444444,24.193664,98.903846,4.472174,0.860033,871.694915,167.633638,9,172.884615,1
LEG-E-01B,,Thesis,n/a,Surface Lithogeochemistry of the Relincho Porphyry Copper-Molybdenum Deposit_ Atacama Region_ Chile,MSc Thesis,Greenlaw,2014,Relincho,Relincho,Cu-Mo,CA,Medium,2.4983,,,,,,,,369997,6845990,,,Syn,1,Palaeocene-Lower Eocene,64,,,64,,,,,,Greenlaw_ 2014,Chile,,,,,,,,,hornblende-biotite monzogranite,Porphyry QB,PQB,,,,INTRUSIVE,,69.04,15.32,2.41,,2.168518,0.66,1.84,3.78,4.55,0.28,0.11,0.03,,1.8,,,,0.08,0.03,,99.78,387,,1.4,0.1,0.5,925,0.05,0.45,,0.11,37.5,,4.6,10.8,,2.7,372.97,0.96,0.42,0.62,,,16.8,1.48,0.05,3.3,2.5,0.17,0.01,,20,10.7,0.06,0.99,,,,4.8,16.1,3,,6.08,5,4.27,,127,3,0.16,3,0.05,,2.28,0.5,480.5,0.4,0.2,0.02,8.2,,0.01,0.07,1.8,26,2,5.5,0.51,51.9,119,,,,,,,,,48.10711,1.031851,0.34395,4.96732,28.129395,87.363636,4.037815,0.734148,942.156863,171.301248,8.666667,168.181818,1
LEG-K-11,,Thesis,n/a,Surface Lithogeochemistry of the Relincho Porphyry Copper-Molybdenum Deposit_ Atacama Region_ Chile,MSc Thesis,Greenlaw,2014,Relincho,Relincho,Cu-Mo,CA,Medium,2.4983,,,,,,,,372548,6844537,,,Syn,1,Palaeocene-Lower Eocene,64,,,64,,,,,,Greenlaw_ 2014,Chile,,,,,,,,,hornblende-biotite granodiorite,Porphyry QF2,PQF2,,,,INTRUSIVE,,70.07,15.34,2.07,,1.862586,0.63,1.03,3.84,4.51,0.27,0.12,0.01,,1.8,,,,0.04,0.08,,99.7,123,,0.7,0.1,1,763,0.2,0.02,,0.01,30.3,,2.3,5,,3,1170,0.68,0.41,0.46,,,19.7,1.43,0.05,3.9,2.5,0.15,0.01,,18.6,6.6,0.05,10,,,,3.5,13.5,1.7,,1.89,5,3.49,,189.9,0.5,0.24,3,0.05,,1.97,0.5,461.7,0.2,0.15,0.01,6,,0.01,0.05,0.9,35,5,4.2,0.4,10.7,106,,,,,,,,,51.348651,0.837877,0.356098,5.472222,33.35443,109.928571,4.35566,1.037062,1154.25,274.821429,11.666667,,1
LEG-5-05,,Thesis,n/a,Surface Lithogeochemistry of the Relincho Porphyry Copper-Molybdenum Deposit_ Atacama Region_ Chile,MSc Thesis,Greenlaw,2014,Relincho,Relincho,Cu-Mo,CA,Medium,2.4983,,,,,,,,372949,6842457,,,Pre,3,Palaeocene-Lower Eocene,64,,,64,,,,,,Greenlaw_ 2014,Chile,,,,,,,,,hornblende-biotite quartz diorite,Granodiorite 3,GRD3,,,,INTRUSIVE,,67.23,15.37,3.91,,3.518218,1.45,3.15,3.75,3.71,0.52,0.12,0.06,,0.5,,,,0.04,0.01,,99.81,36,,2,0.1,3,735,0.05,0.11,,0.02,47,,7.2,17.1,,7.8,108.23,2.59,1.36,0.79,,,15.3,3.16,0.05,6.7,2.5,0.49,0.01,,21.2,9.6,0.2,0.87,,,,4.9,20.7,8.2,,2.12,5,5.29,,139.8,1,0.15,8,0.05,,3.87,1,383.8,0.6,0.47,0.01,19,,0.16,0.21,5.3,80,1.9,13.5,1.47,31.3,208,,,,,,,,,42.78607,0.69064,0.07987,2.92517,10.344729,28.42963,1.845192,0.136681,261.088435,19.339884,10,54.444444,1
LEG-M-04C,,Thesis,n/a,Surface Lithogeochemistry of the Relincho Porphyry Copper-Molybdenum Deposit_ Atacama Region_ Chile,MSc Thesis,Greenlaw,2014,Relincho,Relincho,Cu-Mo,CA,Medium,2.4983,,,,,,,,370159,6843511,,,Syn,1,Palaeocene-Lower Eocene,64,,,64,,,,,,Greenlaw_ 2014,Chile,,,,,,,,,hornblende-biotite monzogranite,Porphyry QB,PQB,,,,INTRUSIVE,,70.46,15.42,2.02,,1.817596,0.63,1.25,3.87,4.01,0.28,0.14,0.08,,1.7,,,,0.12,0.02,,99.84,43,,0.6,0.1,2,720,0.2,0.03,,0.41,39.8,,2.2,3.9,,3.4,5.62,0.86,0.39,0.53,,,17.9,1.61,0.05,3.6,8,0.15,0.01,,20.6,4.2,0.07,0.45,,,,3.6,17.2,2.1,,6.79,5,4.25,,128.5,0.5,0.08,3,0.05,,2.3,0.5,370.2,0.3,0.18,0.01,6.2,,0.04,0.06,1.9,30,1.1,4.9,0.52,45,119,,,,,,,,,47.540984,0.84202,0.275276,4.91453,28.416099,75.55102,3.110924,0.634883,711.923077,145.290424,10,,1
LEG-E-06,,Thesis,n/a,Surface Lithogeochemistry of the Relincho Porphyry Copper-Molybdenum Deposit_ Atacama Region_ Chile,MSc Thesis,Greenlaw,2014,Relincho,Relincho,Cu-Mo,CA,Medium,2.4983,,,,,,,,370019,6845748,,,Syn,1,Palaeocene-Lower Eocene,64,,,64,,,,,,Greenlaw_ 2014,Chile,,,,,,,,,hornblende-biotite granodiorite,Porphyry FB,PFB,,,,INTRUSIVE,,68.63,15.47,2.39,,2.150522,0.77,1.76,3.96,4.35,0.31,0.14,0.05,,2,,,,0.09,0.01,,99.82,50,,2,0.1,0.5,846,0.05,0.04,,0.01,29.7,,4.1,4.4,,2.9,68,1.06,0.48,0.57,,,16.9,1.53,0.05,3.5,2.5,0.18,0.01,,15.7,8.8,0.06,0.36,,,,3.7,15.2,2.3,,6.89,5,3.68,,143.3,0.5,0.23,3,0.05,,2.19,0.5,421.9,0.3,0.19,0.03,3.7,,0.03,0.08,0.9,36,6.3,5.3,0.64,38.5,113,,,,,,,,,47.232472,0.951986,0.252871,3.802083,17.596255,79.603774,3.733628,0.704458,659.21875,124.380896,12,159.622642,1
LEG-A-03,,Thesis,n/a,Surface Lithogeochemistry of the Relincho Porphyry Copper-Molybdenum Deposit_ Atacama Region_ Chile,MSc Thesis,Greenlaw,2014,Relincho,Relincho,Cu-Mo,CA,Medium,2.4983,,,,,,,,371000,6846975,,,Syn,1,Palaeocene-Lower Eocene,64,,,64,,,,,,Greenlaw_ 2014,Chile,,,,,,,,,hornblende-biotite monzogranite,Porphyry QB,PQB,,,,INTRUSIVE,,69.1,15.47,2.06,,1.853588,0.62,2.11,3.51,4.15,0.28,0.12,0.08,,2.4,,,,0.23,0.02,,99.84,110,,0.5,1,2,886,0.2,0.01,,0.2,40.9,,2.5,3.9,,3.1,13.7,0.88,0.45,0.51,,,15.8,1.46,0.05,3.9,6,0.13,0.01,,21.7,4.3,0.05,0.48,,,,3.8,15,1.4,,9.87,5,4.32,,145.3,0.5,0.12,3,0.05,,2.3,0.5,361.5,0.2,0.17,0.01,6.2,,0.05,0.05,1.4,30,0.25,4.4,0.53,31,123,,,,,,,,,45.909528,0.850851,0.272914,4.821803,29.368681,82.159091,2.939024,0.66796,682.075472,155.017153,10,201.363636,1
LEG-J-12,,Thesis,n/a,Surface Lithogeochemistry of the Relincho Porphyry Copper-Molybdenum Deposit_ Atacama Region_ Chile,MSc Thesis,Greenlaw,2014,Relincho,Relincho,Cu-Mo,CA,Medium,2.4983,,,,,,,,371757,6844531,,,Syn,1,Palaeocene-Lower Eocene,64,,,64,,,,,,Greenlaw_ 2014,Chile,,,,,,,,,hornblende-biotite granodiorite,Porphyry FB,PFB,,,,INTRUSIVE,,69.85,15.49,2.26,,2.033548,0.78,1.32,4.99,3.31,0.34,0.14,0.03,,1.3,,,,0.01,0.09,,99.76,210,,1.6,0.1,0.5,857,0.2,0.09,,0.05,42.8,,5.7,5,,4,485.63,1.04,0.55,0.69,,,18.8,1.93,0.05,4.7,2.5,0.2,0.01,,21.9,4.8,0.09,12.6,,,,2.5,16,2,,3.53,5,4.51,,143.4,0.5,0.11,3,0.1,,2.47,2,427.1,0.3,0.24,0.03,5.1,,0.02,0.08,1.7,48,4,5.7,0.54,26.7,134,,,,,,,,,39.326923,0.966152,0.304159,5.082305,29.090483,74.929825,3.187313,0.559178,790.925926,138.758934,16,150.350877,1
LEG-E-09,,Thesis,n/a,Surface Lithogeochemistry of the Relincho Porphyry Copper-Molybdenum Deposit_ Atacama Region_ Chile,MSc Thesis,Greenlaw,2014,Relincho,Relincho,Cu-Mo,CA,Medium,2.4983,,,,,,,,370745,6845687,,,Syn,1,Palaeocene-Lower Eocene,64,,,64,,,,,,Greenlaw_ 2014,Chile,,,,,,,,,hornblende-biotite granodiorite,Porphyry FB,PFB,,,,INTRUSIVE,,69.5,15.5,2.23,,2.006554,0.56,2.11,4.35,3.9,0.3,0.11,0.02,,1.2,,,,0.01,0.01,,99.74,475,,1.7,0.1,0.5,874,0.2,0.01,,0.14,40.5,,2.2,7.2,,0.9,620.2,1.13,0.49,0.65,,,18.4,1.71,0.05,3.2,2.5,0.19,0.01,,21,6.3,0.05,7.81,,,,4.2,17.3,2.9,,2.73,5,4.88,,64.2,0.5,0.07,3,0.2,,2.65,1,523.9,0.3,0.22,0.01,5.5,,0.01,0.07,1.2,34,4.6,5.5,0.6,27.5,127,,,,,,,,,40.842491,0.933504,0.264493,4.907407,25.105485,95.254545,4.125197,0.750036,873.166667,158.757576,11.333333,158.909091,1
LEG-F-01,,Thesis,n/a,Surface Lithogeochemistry of the Relincho Porphyry Copper-Molybdenum Deposit_ Atacama Region_ Chile,MSc Thesis,Greenlaw,2014,Relincho,Relincho,Cu-Mo,CA,Medium,2.4983,,,,,,,,371324,6846002,,,Syn,1,Palaeocene-Lower Eocene,64,,,64,,,,,,Greenlaw_ 2014,Chile,,,,,,,,,hornblende-biotite monzogranite,Porphyry QB,PQB,,,,INTRUSIVE,,69.28,15.5,2.29,,2.060542,0.73,1.87,4.61,3.52,0.3,0.16,0.05,,1.5,,,,0.09,0.01,,99.78,98,,0.7,0.1,1,887,0.1,0.03,,0.11,37.3,,3.6,4,,2.4,58.24,1.01,0.37,0.63,,,17.8,1.68,0.05,3.8,2.5,0.21,0.01,,19.9,10.5,0.07,0.84,,,,25.1,15.6,2.1,,9.76,5,4.31,,100.1,0.5,0.14,2,0.05,,2.48,0.5,571.4,0.4,0.19,0.01,5.1,,0.03,0.05,1.1,38,2.1,5.2,0.44,42.3,132,,,,,,,,,39.608574,0.943591,0.364569,6.262626,32.441504,109.884615,4.328788,0.832459,1298.636364,249.737762,19,170.576923,1
LEG-Q-08A,,Thesis,n/a,Surface Lithogeochemistry of the Relincho Porphyry Copper-Molybdenum Deposit_ Atacama Region_ Chile,MSc Thesis,Greenlaw,2014,Relincho,Relincho,Cu-Mo,CA,Medium,2.4983,,,,,,,,370470,6842126,,,Syn,1,Palaeocene-Lower Eocene,64,,,64,,,,,,Greenlaw_ 2014,Chile,,,,,,,,,hornblende-biotite monzogranite,Porphyry QB,PQB,,,,INTRUSIVE,,68.64,15.5,2.49,,2.240502,0.73,1.55,3.79,4.15,0.32,0.16,0.07,,2.4,,,,0.3,0.01,,99.8,34,,0.2,0.1,1,1013,0.3,0.07,,0.29,45.7,,4.8,3.7,,3.3,42.92,1.42,0.65,0.67,,,16.6,2.09,0.05,3.9,2.5,0.23,0.01,,23.5,6.2,0.09,0.31,,,,4.1,16.6,3,,24.32,5,4.91,,150.4,0.5,0.06,3,0.05,,2.88,0.5,449.1,0.3,0.26,0.01,6.8,,0.04,0.09,1.7,40,0.9,7.1,0.55,55.4,121,,,,,,,,,47.749511,0.83489,0.258057,5.818182,30.648255,63.253521,3.71157,0.522756,816.545455,115.006402,13.333333,142.676056,1
LEG-P-07B,,Thesis,n/a,Surface Lithogeochemistry of the Relincho Porphyry Copper-Molybdenum Deposit_ Atacama Region_ Chile,MSc Thesis,Greenlaw,2014,Relincho,Relincho,Cu-Mo,CA,Medium,2.4983,,,,,,,,374064,6843421,,,Syn,1,Palaeocene-Lower Eocene,64,,,64,,,,,,Greenlaw_ 2014,Chile,,,,,,,,,hornblende-biotite granodiorite,Porphyry FB,PFB,,,,INTRUSIVE,,69.04,15.53,2,,1.7996,0.12,2.12,4.18,4.21,0.33,0.13,0.02,,2.2,,,,0.26,0.02,,99.85,54,,5.8,0.1,2,651,0.1,0.14,,0.06,31,,6.1,7.2,,2.5,61.96,0.88,0.38,0.52,,,18.3,1.51,0.05,2.7,2.5,0.15,0.01,,17.4,0.9,0.06,27.16,,,,2.7,10.1,2.3,,2.28,5,3.18,,118.1,6,0.1,4,0.05,,2.03,0.5,358,0.3,0.19,0.04,6.9,,0.01,0.05,2,42,4,4.8,0.36,17.2,96,,,,,,,,,40.733772,0.90801,0.428782,6.265432,34.66948,74.583333,3.729167,0.77691,994.444444,207.175926,10.5,135.625,1
LEG-O-01,,Thesis,n/a,Surface Lithogeochemistry of the Relincho Porphyry Copper-Molybdenum Deposit_ Atacama Region_ Chile,MSc Thesis,Greenlaw,2014,Relincho,Relincho,Cu-Mo,CA,Medium,2.4983,,,,,,,,372565,6843946,,,Syn,1,Palaeocene-Lower Eocene,64,,,64,,,,,,Greenlaw_ 2014,Chile,,,,,,,,,hornblende-biotite granodiorite,Porphyry QF2,PQF2,,,,INTRUSIVE,,68.77,15.53,2.14,,1.925572,0.74,2.11,4.57,3.73,0.33,0.14,0.03,,1.7,,,,0.21,0.03,,99.78,58,,0.5,0.1,1,807,0.2,0.05,,0.11,37.8,,3.7,6.8,,3.2,390.7,0.93,0.42,0.55,,,18.5,1.47,0.05,3,2.5,0.17,0.01,,20.4,8.4,0.07,1.12,,,,3.5,14.4,3.2,,11.47,5,3.94,,156.1,1,0.13,3,0.05,,2.26,0.5,464.3,0.3,0.2,0.01,5.8,,0.02,0.06,1.6,38,10.8,5.3,0.57,17.7,117,,,,,,,,,40.089686,0.922515,0.275136,4.405458,25.671774,87.603774,3.968376,0.74875,814.561404,153.690831,12.666667,152.264151,1
LEG-S-08A,,Thesis,n/a,Surface Lithogeochemistry of the Relincho Porphyry Copper-Molybdenum Deposit_ Atacama Region_ Chile,MSc Thesis,Greenlaw,2014,Relincho,Relincho,Cu-Mo,CA,Medium,2.4983,,,,,,,,372996,6842022,,,Syn,1,Palaeocene-Lower Eocene,64,,,64,,,,,,Greenlaw_ 2014,Chile,,,,,,,,,hornblende-biotite granodiorite,Porphyry QF2,PQF2,,,,INTRUSIVE,,69.16,15.53,2.25,,2.02455,0.73,1.76,4.53,3.56,0.28,0.16,0.04,,1.8,,,,0.11,0.02,,99.82,24,,1,2.4,2,890,0.2,0.02,,0.06,35.7,,3.5,4.7,,1.9,27.91,1.03,0.44,0.57,,,17.5,1.47,0.05,3.2,2.5,0.18,0.01,,18.5,6.3,0.07,1.1,,,,3.2,13.6,2.3,,3.97,5,3.81,,89,0.5,0.14,3,0.05,,2.3,0.5,520,0.3,0.2,0.01,7,,0.01,0.08,1.4,33,0.7,6,0.43,54.7,104,,,,,,,,,40.548204,0.947711,0.374676,5.943152,30.860563,86.666667,5,0.833333,1209.302326,201.550388,11,148.333333,1
LEG-F-14,,Thesis,n/a,Surface Lithogeochemistry of the Relincho Porphyry Copper-Molybdenum Deposit_ Atacama Region_ Chile,MSc Thesis,Greenlaw,2014,Relincho,Relincho,Cu-Mo,CA,Medium,2.4983,,,,,,,,371525,6845250,,,Syn,1,Palaeocene-Lower Eocene,64,,,64,,,,,,Greenlaw_ 2014,Chile,,,,,,,,,hornblende-biotite granodiorite,Porphyry FB,PFB,,,,INTRUSIVE,,68.5,15.58,2.21,,1.988558,0.7,1.82,3.74,5.13,0.33,0.15,0.05,,1.3,,,,0.05,0.01,,99.51,353,,0.7,0.3,1,867,0.2,0.21,,0.06,39.7,,3.5,6.1,,2.6,1884.87,1.22,0.63,0.64,,,17.1,1.66,0.05,3.9,2.5,0.19,0.01,,20.5,5.3,0.07,5.21,,,,4,15.9,2.5,,2.49,5,4.26,,192.7,5,0.14,3,0.05,,2.59,0.5,433.1,0.3,0.23,0.03,6.3,,0.03,0.08,1.8,33,9,5.3,0.52,26.9,123,,,,,,,,,51.18525,0.943626,0.308493,5.534188,28.278156,81.716981,3.521138,0.664366,832.884615,157.148041,11,163.584906,1
LEG-1-06,,Thesis,n/a,Surface Lithogeochemistry of the Relincho Porphyry Copper-Molybdenum Deposit_ Atacama Region_ Chile,MSc Thesis,Greenlaw,2014,Relincho,Relincho,Cu-Mo,CA,Medium,2.4983,,,,,,,,370034,6844463,,,Syn,1,Palaeocene-Lower Eocene,64,,,64,,,,,,Greenlaw_ 2014,Chile,,,,,,,,,hornblende-biotite monzogranite,Porphyry QB,PQB,,,,INTRUSIVE,,67.61,15.63,2.54,,2.285492,0.9,2.63,3.95,3.2,0.33,0.13,0.04,,2.8,,,,0.22,0.11,,99.78,38,,0.7,0.1,1,928,0.2,0.01,,0.06,40.4,,4.2,5.8,,5.7,4.84,1.07,0.52,0.7,,,19.5,2.02,0.05,3.6,2.5,0.21,0.01,,21.2,12.9,0.1,0.27,,,,6.1,19.8,2.4,,5.52,5,4.78,,84.4,0.5,0.19,3,0.05,,2.72,0.5,609.4,0.4,0.21,0.01,4.9,,0.01,0.1,0.9,,0.6,6.8,0.65,53.8,126,,,,,,,,,38.389513,,,,,,,,,,,,1
LEG-E-05,,Thesis,n/a,Surface Lithogeochemistry of the Relincho Porphyry Copper-Molybdenum Deposit_ Atacama Region_ Chile,MSc Thesis,Greenlaw,2014,Relincho,Relincho,Cu-Mo,CA,Medium,2.4983,,,,,,,,370997,6846045,,,Syn,1,Palaeocene-Lower Eocene,64,,,64,,,,,,Greenlaw_ 2014,Chile,,,,,,,,,hornblende-biotite monzogranite,Porphyry QB,PQB,,,,INTRUSIVE,,67.83,15.64,2.81,,2.528438,0.88,2.53,3.91,3.53,0.36,0.17,0.05,,2.1,,,,0.07,0.03,,99.79,95,,0.9,0.1,2,859,0.1,0.13,,0.08,44.3,,4.9,5,,1.6,33.59,1.02,0.43,0.72,,,19,1.82,0.05,3.6,11,0.17,0.01,,22.3,8.4,0.07,0.47,,,,4.3,20.4,3.3,,11.38,15,5.34,,79.8,0.5,0.05,4,0.05,,2.91,0.5,619.8,0.4,0.22,0.06,5.5,,0.01,0.07,0.9,40,0.25,5.1,0.6,61.9,130,,,,,,,,,40.645161,0.956476,0.271001,5.388889,26.659634,121.529412,4.767692,0.934842,1033,202.54902,10,168.431373,1
LEG-A-01B,,Thesis,n/a,Surface Lithogeochemistry of the Relincho Porphyry Copper-Molybdenum Deposit_ Atacama Region_ Chile,MSc Thesis,Greenlaw,2014,Relincho,Relincho,Cu-Mo,CA,Medium,2.4983,,,,,,,,369949,6846975,,,Pre,3,Palaeocene-Lower Eocene,64,,,64,,,,,,Greenlaw_ 2014,Chile,,,,,,,,,biotite-hornblende quartz diorite,Granodiorite 1b,GRD1b,,,,INTRUSIVE,,64.98,15.67,5,,4.499,1.2,2.81,4.11,4.07,0.72,0.19,0.12,,1,,,,0.01,0.01,,99.84,111,,4.9,0.6,2,491,0.2,0.02,,0.12,62.5,,5.4,7.8,,4.9,124.47,5.14,3.43,1.05,,,14.8,5.4,0.05,7.7,2.5,1.05,0.03,,29.3,7.2,0.5,1.3,,,,11.3,27.9,2.4,,2.92,5,7.42,,156.6,0.5,0.16,12,0.05,,5.97,3,197.6,1,0.92,0.01,19.2,,0.11,0.48,3.1,53,1.2,30.7,3.28,39,280,,,,,,,,,43.232158,0.565365,0.029302,2.022358,6.407585,6.436482,0.705714,0.022987,60.243902,1.962342,4.416667,15.993485,1
LEG-1-07,,Thesis,n/a,Surface Lithogeochemistry of the Relincho Porphyry Copper-Molybdenum Deposit_ Atacama Region_ Chile,MSc Thesis,Greenlaw,2014,Relincho,Relincho,Cu-Mo,CA,Medium,2.4983,,,,,,,,370470,6844477,,,Syn,1,Palaeocene-Lower Eocene,64,,,64,,,,,,Greenlaw_ 2014,Chile,,,,,,,,,hornblende-biotite monzogranite,Porphyry QB,PQB,,,,INTRUSIVE,,68.51,15.67,2.5,,2.2495,0.81,1.8,4.38,3.67,0.33,0.13,0.11,,1.8,,,,0.07,0.01,,99.75,89,,1.7,1,2,922,0.2,0.27,,0.15,37.8,,3.8,5,,2.1,21.53,1.04,0.5,0.56,,,19.2,1.8,0.05,3.8,2.5,0.16,0.01,,21.9,7.5,0.06,0.22,,,,3.7,15.1,2.4,,5.78,5,4.44,,96.5,0.5,0.17,2,0.05,,2.61,0.5,811.1,0.3,0.2,0.11,5.2,,0.01,0.07,1,52,1,6.1,0.4,94.7,124,,,,,,,,,42.026266,0.789869,0.335694,7.25,39.272152,132.967213,6.541129,1.072316,2027.75,332.418033,26,151.147541,1
LEG-Q-09A,,Thesis,n/a,Surface Lithogeochemistry of the Relincho Porphyry Copper-Molybdenum Deposit_ Atacama Region_ Chile,MSc Thesis,Greenlaw,2014,Relincho,Relincho,Cu-Mo,CA,Medium,2.4983,,,,,,,,371077,6842037,,,Syn,1,Palaeocene-Lower Eocene,64,,,64,,,,,,Greenlaw_ 2014,Chile,,,,,,,,,hornblende-biotite monzogranite,Porphyry QB,PQB,,,,INTRUSIVE,,68.38,15.68,2.5,,2.2495,0.72,1.93,3.37,4.07,0.33,0.14,0.09,,2.5,,,,0.35,0.01,,99.69,136,,0.3,0.1,0.5,799,0.2,0.01,,0.51,39.2,,3,4.7,,2.6,52.03,1.09,0.6,0.59,,,18.2,1.67,0.05,13,15,0.22,0.01,,19.9,5.8,0.13,0.59,,,,3.4,15.5,2.4,,128.15,5,4.25,,133.7,0.5,0.1,3,0.05,,2.66,0.5,503.1,0.3,0.21,0.01,6.9,,0.03,0.12,1.8,43,2,7,0.71,622.5,131,,,,,,,,,47.472745,0.855808,0.204912,4.162754,20.104594,71.871429,3.840458,0.548637,708.591549,101.227364,14.333333,114.142857,1
LEG-G-02,,Thesis,n/a,Surface Lithogeochemistry of the Relincho Porphyry Copper-Molybdenum Deposit_ Atacama Region_ Chile,MSc Thesis,Greenlaw,2014,Relincho,Relincho,Cu-Mo,CA,Medium,2.4983,,,,,,,,373117,6846043,,,Syn,1,Palaeocene-Lower Eocene,64,,,64,,,,,,Greenlaw_ 2014,Chile,,,,,,,,,hornblende-biotite granodiorite,Porphyry FB,PFB,,,,INTRUSIVE,,67.52,15.7,2.25,,2.02455,0.72,2.84,3.3,3.45,0.31,0.12,0.14,,3.3,,,,0.4,0.01,,99.61,473,,0.6,0.1,0.5,764,0.05,0.04,,0.61,39.2,,3.9,3,,3,299.53,1.05,0.45,0.62,,,17.6,1.54,0.05,3.7,2.5,0.16,0.01,,20.8,4.5,0.07,1.13,,,,3.4,15.2,1.7,,202,5,4.1,,131.6,0.5,0.17,3,0.05,,2.34,0.5,368.4,0.3,0.2,0.01,6.5,,0.05,0.06,1.7,30,1.8,4.7,0.57,109.5,111,,,,,,,,,40.446169,0.998498,0.297798,4.561404,26.175142,78.382979,3.318919,0.706153,646.315789,137.513998,10,162.553191,1
LEG-Z-109B,,Thesis,n/a,Surface Lithogeochemistry of the Relincho Porphyry Copper-Molybdenum Deposit_ Atacama Region_ Chile,MSc Thesis,Greenlaw,2014,Relincho,Relincho,Cu-Mo,CA,Medium,2.4983,,,,,,,,372054,6844750,,,Syn,1,Palaeocene-Lower Eocene,64,,,64,,,,,,Greenlaw_ 2014,Chile,,,,,,,,,Hydrothermal Breccia,Hydrothermal Breccia,BXH,,,,BRECCIA,,66.88,15.71,3.17,,2.852366,1.31,1.21,5.22,1.35,0.44,0.16,0.02,,3.1,,,,0.03,0.01,,98.59,2375,,1.1,15,0.5,299,0.4,0.21,,0.13,38.8,,4.5,8.7,,4.7,9930,1.59,0.66,0.77,,,18.1,2.2,0.05,3.7,2.5,0.27,0.13,,16.3,16.5,0.1,230,,,,4.2,17.9,4.8,,1.66,5,4.4,,87.9,5,0.33,5,0.7,,3,4,597.1,0.3,0.31,0.05,5.1,,0.03,0.11,2.4,66,36.6,7.3,0.6,13.9,111,,,,,,,,,29.262926,0.91631,0.259621,5.555556,19.486639,81.794521,5.379279,0.736888,995.166667,136.324201,13.2,40.958904,1
LEG-G-06,,Thesis,n/a,Surface Lithogeochemistry of the Relincho Porphyry Copper-Molybdenum Deposit_ Atacama Region_ Chile,MSc Thesis,Greenlaw,2014,Relincho,Relincho,Cu-Mo,CA,Medium,2.4983,,,,,,,,373437,6845558,,,Syn,1,Palaeocene-Lower Eocene,64,,,64,,,,,,Greenlaw_ 2014,Chile,,,,,,,,,hornblende-biotite granodiorite,Porphyry QF2,PQF2,,,,INTRUSIVE,,68.63,15.72,2.35,,2.11453,0.72,2.6,4.35,3.34,0.29,0.12,0.03,,1.6,,,,0.11,0.04,,99.75,19,,0.6,0.1,2,752,0.1,0.01,,0.02,35,,3.7,6,,1.5,13.24,0.98,0.57,0.56,,,16.9,1.61,0.05,3.3,2.5,0.16,0.01,,18.1,8.3,0.07,0.2,,,,3.2,13.7,2.1,,1.67,5,3.67,,79.7,0.5,0.06,3,0.05,,2.19,0.5,519.6,0.3,0.2,0.01,6.2,,0.01,0.07,1,28,0.6,4.9,0.45,26.9,108,,,,,,,,,36.875568,0.911752,0.34444,5.407407,28.851383,106.040816,4.811111,0.981859,1154.666667,235.646259,9.333333,153.469388,1
LEG-M-04B,,Thesis,n/a,Surface Lithogeochemistry of the Relincho Porphyry Copper-Molybdenum Deposit_ Atacama Region_ Chile,MSc Thesis,Greenlaw,2014,Relincho,Relincho,Cu-Mo,CA,Medium,2.4983,,,,,,,,370159,6843511,,,Syn,1,Palaeocene-Lower Eocene,64,,,64,,,,,,Greenlaw_ 2014,Chile,,,,,,,,,hornblende-biotite monzogranite,Porphyry QB,PQB,,,,INTRUSIVE,,70.27,15.73,2.14,,1.925572,0.62,1.26,4.15,4.16,0.29,0.11,0.08,,1,,,,0.08,0.01,,99.82,30,,0.6,0.1,2,858,0.3,0.06,,0.72,41.3,,3,4.6,,3.8,3.19,0.89,0.45,0.58,,,17.8,1.69,0.05,3.4,2.5,0.18,0.01,,21.3,4.8,0.07,0.42,,,,3.5,15.4,1.7,,7.73,5,4.41,,121.6,0.5,0.09,3,0.05,,2.45,0.5,538.2,0.4,0.18,0.01,6.5,,0.02,0.07,1.5,33,1,4.9,0.46,56.2,122,,,,,,,,,46.908734,0.871415,0.322045,5.917874,33.214089,109.836735,4.411475,0.900301,1170,238.77551,11,,1
LEG-D-03A,,Thesis,n/a,Surface Lithogeochemistry of the Relincho Porphyry Copper-Molybdenum Deposit_ Atacama Region_ Chile,MSc Thesis,Greenlaw,2014,Relincho,Relincho,Cu-Mo,CA,Medium,2.4983,,,,,,,,374790,6846930,,,Syn,1,Palaeocene-Lower Eocene,64,,,64,,,,,,Greenlaw_ 2014,Chile,,,,,,,,,hornblende-biotite granodiorite,Porphyry QF2,PQF2,,,,INTRUSIVE,,68.72,15.74,2.43,,2.186514,0.71,2.41,4.42,3.25,0.3,0.12,0.05,,1.6,,,,0.01,0.01,,99.79,23,,7.4,1.1,1,1110,0.05,0.01,,0.05,31.4,,4,5.9,,2.1,4.52,0.93,0.49,0.58,,,17.3,1.69,0.05,3.2,2.5,0.13,0.01,,17,7.8,0.08,0.3,,,,4.1,14.6,2.1,,8.1,5,3.71,,83.1,3,0.13,3,0.05,,2.26,0.5,574.7,0.3,0.18,0.01,5.1,,0.01,0.06,1.1,37,1.1,5.5,0.48,31.9,115,,,,,,,,,36.700649,0.907307,0.321338,5.231481,25.40436,104.490909,4.997391,0.908617,1197.291667,217.689394,12.333333,201.818182,1
LEG-M-02,,Thesis,n/a,Surface Lithogeochemistry of the Relincho Porphyry Copper-Molybdenum Deposit_ Atacama Region_ Chile,MSc Thesis,Greenlaw,2014,Relincho,Relincho,Cu-Mo,CA,Medium,2.4983,,,,,,,,370557,6843991,,,Syn,1,Palaeocene-Lower Eocene,64,,,64,,,,,,Greenlaw_ 2014,Chile,,,,,,,,,hornblende-biotite monzogranite,Porphyry QB,PQB,,,,INTRUSIVE,,67.65,15.75,2.71,,2.438458,0.84,2.35,4.41,3.46,0.37,0.19,0.07,,1.9,,,,0.05,0.01,,99.73,287,,2.5,0.3,2,906,0.2,0.12,,0.56,44.2,,3.1,3.8,,2.4,89.37,1.04,0.51,0.74,,,18.2,1.97,0.05,3.9,2.5,0.19,0.07,,22.7,6.6,0.07,0.79,,,,4.2,19.8,2.2,,7.11,5,5.06,,84.7,0.5,0.24,3,0.05,,2.92,0.5,730,0.3,0.22,0.25,5.2,,0.01,0.07,1.2,56,1.1,6.1,0.47,282.6,131,,,,,,,,,38.878843,0.943259,0.341179,6.903073,34.644043,119.672131,5.572519,0.913528,1553.191489,254.621556,18.666667,148.52459,1
LEG-R-02A,,Thesis,n/a,Surface Lithogeochemistry of the Relincho Porphyry Copper-Molybdenum Deposit_ Atacama Region_ Chile,MSc Thesis,Greenlaw,2014,Relincho,Relincho,Cu-Mo,CA,Medium,2.4983,,,,,,,,371987,6843088,,,Syn,1,Palaeocene-Lower Eocene,64,,,64,,,,,,Greenlaw_ 2014,Chile,,,,,,,,,hornblende-biotite granodiorite,Porphyry QF1,PQF1,,,,INTRUSIVE,,68.63,15.76,2.5,,2.2495,0.79,2.22,4.43,3.34,0.35,0.15,0.11,,1.5,,,,0.12,0.01,,99.81,54,,1.8,0.1,0.5,865,0.2,0.03,,0.15,39,,4.3,4.4,,5.6,50.8,0.69,0.55,0.63,,,21.8,1.61,0.05,3.6,2.5,0.16,0.01,,19.9,6.3,0.06,0.91,,,,7.6,16.5,2.2,,4.99,5,4.14,,120.8,0.5,0.52,1,0.05,,2.51,0.5,475.8,0.3,0.22,0.01,5.3,,0.03,0.06,1.5,41,1.9,5.4,0.43,53.8,118,,,,,,,,,38.311688,0.958108,0.378787,6.485788,33.195957,88.111111,4.032203,0.746704,1106.511628,204.909561,41,160.185185,1
LEG-E-10,,Thesis,n/a,Surface Lithogeochemistry of the Relincho Porphyry Copper-Molybdenum Deposit_ Atacama Region_ Chile,MSc Thesis,Greenlaw,2014,Relincho,Relincho,Cu-Mo,CA,Medium,2.4983,,,,,,,,371044,6845792,,,Syn,1,Palaeocene-Lower Eocene,64,,,64,,,,,,Greenlaw_ 2014,Chile,,,,,,,,,hornblende-biotite monzogranite,Porphyry QB,PQB,,,,INTRUSIVE,,69.12,15.78,2.58,,2.321484,0.74,2.44,4.37,3.31,0.35,0.13,0.03,,1,,,,0.03,0.01,,99.82,41,,0.8,0.9,2,823,0.1,0.23,,0.1,37.1,,5,5.1,,2,18.93,1.02,0.5,0.62,,,19.4,1.65,0.05,4,2.5,0.17,0.01,,17.6,9.6,0.07,0.4,,,,3.7,18.1,2.6,,3.86,5,4.56,,75,0.5,0.07,4,0.05,,2.48,0.5,544.7,0.3,0.21,0.09,5,,0.01,0.07,1,39,0.8,5.5,0.56,40.5,136,,,,,,,,,37.292818,0.937017,0.284452,4.920635,22.543701,99.036364,4.005147,0.728209,972.678571,176.850649,9.75,149.636364,1
LEG-E-08A,,Thesis,n/a,Surface Lithogeochemistry of the Relincho Porphyry Copper-Molybdenum Deposit_ Atacama Region_ Chile,MSc Thesis,Greenlaw,2014,Relincho,Relincho,Cu-Mo,CA,Medium,2.4983,,,,,,,,370533,6845720,,,Syn,1,Palaeocene-Lower Eocene,64,,,64,,,,,,Greenlaw_ 2014,Chile,,,,,,,,,hornblende-biotite granodiorite,Porphyry FB,PFB,,,,INTRUSIVE,,67.89,15.79,2.85,,2.56443,0.61,1.89,4.21,3.57,0.34,0.13,0.02,,2.5,,,,0.02,0.01,,99.81,61,,4.8,1.3,1,934,0.2,0.57,,0.15,37.4,,3.1,3.3,,6.7,39.33,1.06,0.51,0.62,,,17.3,1.42,0.05,3.4,2.5,0.18,0.01,,20.8,9.2,0.08,16.53,,,,5.7,17.8,2,,3.66,5,4.2,,89.6,0.5,0.09,3,0.05,,2.22,0.5,626.3,0.4,0.17,0.16,5,,0.01,0.05,1.6,38,2.1,4.9,0.34,17.4,126,,,,,,,,,40.661479,1.067566,0.533783,7.254902,43.881857,127.816327,4.970635,1.014415,1842.058824,375.930372,12.666667,190.612245,1
LEG-T-07,,Thesis,n/a,Surface Lithogeochemistry of the Relincho Porphyry Copper-Molybdenum Deposit_ Atacama Region_ Chile,MSc Thesis,Greenlaw,2014,Relincho,Relincho,Cu-Mo,CA,Medium,2.4983,,,,,,,,374077,6842135,,,Syn,1,Palaeocene-Lower Eocene,64,,,64,,,,,,Greenlaw_ 2014,Chile,,,,,,,,,hornblende-biotite granodiorite,Porphyry QF1,PQF1,,,,INTRUSIVE,,68.14,15.79,2.41,,2.168518,0.78,2.09,4.33,3.49,0.32,0.13,0.04,,2.3,,,,0.26,0.01,,99.83,8,,1.1,0.1,1,841,0.2,0.01,,0.02,38,,3.8,5.1,,7.4,6.86,1.02,0.51,0.67,,,18.2,1.89,0.05,3.8,2.5,0.17,0.01,,20.5,6.3,0.08,0.4,,,,4.2,17.5,2.3,,3.75,5,4.21,,112.3,0.5,0.2,3,0.05,,2.54,0.5,401.6,0.3,0.22,0.01,6.5,,0.02,0.08,1.4,43,1.2,5.3,0.55,37.6,110,,,,,,,,,39.943873,0.934869,0.288959,5.131313,26.735712,75.773585,3.650909,0.688851,730.181818,137.770154,14.333333,158.679245,1
LEG-J-07,,Thesis,n/a,Surface Lithogeochemistry of the Relincho Porphyry Copper-Molybdenum Deposit_ Atacama Region_ Chile,MSc Thesis,Greenlaw,2014,Relincho,Relincho,Cu-Mo,CA,Medium,2.4983,,,,,,,,371486,6844763,,,Syn,1,Palaeocene-Lower Eocene,64,,,64,,,,,,Greenlaw_ 2014,Chile,,,,,,,,,hornblende-biotite granodiorite,Porphyry QF2,PQF2,,,,INTRUSIVE,,67.22,15.79,2.9,,2.60942,0.93,2.02,3.89,3.59,0.4,0.16,0.06,,2.5,,,,0.01,0.08,,99.44,835,,0.2,0.9,0.5,920,0.1,0.09,,0.09,51.5,,4.5,5,,2.1,2670,1.11,0.61,0.8,,,18.9,2.19,0.05,3.6,2.5,0.2,0.01,,26.2,8.6,0.07,3.69,,,,3.3,21,3,,1.99,5,5.72,,90.3,0.5,0.08,3,0.05,,3.43,0.5,707.2,0.3,0.26,0.02,6,,0.03,0.09,1.3,53,3.1,5.6,0.49,91.1,133,,,,,,,,,43.336529,0.892369,0.309597,7.777778,38.353569,126.285714,5.317293,0.949517,1443.265306,257.725948,17.666667,164.285714,1
LEG-P-05,,Thesis,n/a,Surface Lithogeochemistry of the Relincho Porphyry Copper-Molybdenum Deposit_ Atacama Region_ Chile,MSc Thesis,Greenlaw,2014,Relincho,Relincho,Cu-Mo,CA,Medium,2.4983,,,,,,,,373770,6843722,,,Syn,1,Palaeocene-Lower Eocene,64,,,64,,,,,,Greenlaw_ 2014,Chile,,,,,,,,,hornblende-biotite granodiorite,Porphyry FB,PFB,,,,INTRUSIVE,,68.73,15.8,2.47,,2.222506,0.79,1.83,4.4,3.59,0.32,0.13,0.03,,1.7,,,,0.07,0.05,,99.8,27,,0.6,0.5,0.5,765,0.2,0.11,,0.005,34.6,,2.9,6.3,,3.2,78.99,1.08,0.5,0.61,,,16.9,1.66,0.05,3.1,2.5,0.17,0.01,,18,6.8,0.07,0.49,,,,3.4,15.2,2.2,,2.42,5,3.73,,93.4,0.5,0.06,3,0.05,,2.36,0.5,579,0.3,0.19,0.09,5.5,,0.01,0.08,1.1,36,1,5.3,0.52,23,111,,,,,,,,,41.28181,0.942201,0.308027,5.042735,24.829601,109.245283,5.216216,0.984192,1113.461538,210.087083,12,144.339623,1
LEG-E-14,,Thesis,n/a,Surface Lithogeochemistry of the Relincho Porphyry Copper-Molybdenum Deposit_ Atacama Region_ Chile,MSc Thesis,Greenlaw,2014,Relincho,Relincho,Cu-Mo,CA,Medium,2.4983,,,,,,,,370768,6845495,,,Syn,1,Palaeocene-Lower Eocene,64,,,64,,,,,,Greenlaw_ 2014,Chile,,,,,,,,,hornblende-biotite granodiorite,Porphyry FB,PFB,,,,INTRUSIVE,,69.95,15.81,1.58,,1.421684,0.3,1.47,3.67,4.97,0.34,0.08,0.01,,1.6,,,,0.01,0.01,,99.78,358,,0.9,0.6,0.5,905,0.05,0.04,,0.04,45.1,,1.1,8.6,,1.6,323.31,0.83,0.44,0.71,,,20.5,1.69,0.05,4.2,2.5,0.17,0.03,,21.7,2.1,0.06,11.7,,,,4.4,20,1.8,,2.59,5,5.37,,105.6,0.5,0.12,3,0.05,,2.78,0.5,524.2,0.3,0.2,0.01,5.3,,0.01,0.06,1.6,27,7.3,5.1,0.46,26.5,140,,,,,,,,,50.6244,1.00142,0.37009,6.714976,33.837828,102.784314,3.744286,0.734174,1139.565217,223.44416,9,177.45098,1
LEG-1-03,,Thesis,n/a,Surface Lithogeochemistry of the Relincho Porphyry Copper-Molybdenum Deposit_ Atacama Region_ Chile,MSc Thesis,Greenlaw,2014,Relincho,Relincho,Cu-Mo,CA,Medium,2.4983,,,,,,,,370759,6845008,,,Syn,1,Palaeocene-Lower Eocene,64,,,64,,,,,,Greenlaw_ 2014,Chile,,,,,,,,,hornblende-biotite granodiorite,Porphyry FB,PFB,,,,INTRUSIVE,,71.55,15.82,1.6,,1.43968,0.13,0.93,3.46,4.03,0.31,0.04,0.005,,1.9,,,,0.03,0.01,,99.8,613,,1.3,3,2,937,0.1,0.36,,0.005,12.2,,0.8,9.9,,2.2,107.31,0.77,0.22,0.34,,,20.4,0.79,0.05,4.4,2.5,0.16,0.06,,6.3,0.6,0.07,1.01,,,,5.4,5.5,1.7,,4.62,5,1.36,,100.2,0.5,0.08,4,0.05,,1.32,2,576,0.5,0.12,0.07,6.2,,0.02,0.05,2.1,30,2.5,3.3,0.25,10.8,128,,,,,,,,,48.654971,1.017893,0.692167,5.866667,18.075949,174.545455,4.5,1.363636,2304,698.181818,7.5,,1
LEG-E-07A,,Thesis,n/a,Surface Lithogeochemistry of the Relincho Porphyry Copper-Molybdenum Deposit_ Atacama Region_ Chile,MSc Thesis,Greenlaw,2014,Relincho,Relincho,Cu-Mo,CA,Medium,2.4983,,,,,,,,370244,6845758,,,Syn,1,Palaeocene-Lower Eocene,64,,,64,,,,,,Greenlaw_ 2014,Chile,,,,,,,,,hornblende-biotite granodiorite,Porphyry FB,PFB,,,,INTRUSIVE,,68.14,15.84,2.76,,2.483448,0.65,1.69,3.41,5.13,0.36,0.13,0.02,,1.6,,,,0.01,0.01,,99.77,458,,1.5,0.1,0.5,908,0.2,0.3,,0.04,38.9,,3.9,8.2,,2.6,419.24,1.1,0.55,0.69,,,18.4,1.84,0.05,3.3,2.5,0.22,0.04,,19.7,8.3,0.08,12.99,,,,4.7,17.8,2.7,,3.45,5,4.48,,141.5,1,0.2,4,0.4,,2.77,1,473.6,0.3,0.23,0.12,5.5,,0.03,0.08,2.1,46,3.8,5.8,0.48,29.9,121,,,,,,,,,53.125,0.934381,0.330927,6.412037,29.43917,81.655172,3.91405,0.674836,986.666667,170.114943,11.5,156.551724,1
LEG-J-09,,Thesis,n/a,Surface Lithogeochemistry of the Relincho Porphyry Copper-Molybdenum Deposit_ Atacama Region_ Chile,MSc Thesis,Greenlaw,2014,Relincho,Relincho,Cu-Mo,CA,Medium,2.4983,,,,,,,,372054,6844750,,,Syn,1,Palaeocene-Lower Eocene,64,,,64,,,,,,Greenlaw_ 2014,Chile,,,,,,,,,Hydrothermal Breccia,Hydrothermal Breccia,BXH,,,,BRECCIA,,64.25,15.85,3.02,,2.717396,1.48,2.73,3.76,3.37,0.52,0.14,0.02,,4.4,,,,0.42,0.06,,99.54,330,,0.9,1.7,1,586,0.3,0.11,,0.1,40.3,,5.4,9.3,,8.7,2360,2.14,1.1,0.86,,,19.3,2.65,0.05,4,2.5,0.36,0.01,,21.2,17.6,0.15,10,,,,3.5,19.1,7.8,,1.68,5,4.79,,198.7,0.5,0.1,8,0.05,,3.41,0.5,455.1,0.3,0.37,0.01,7,,0.07,0.17,2.2,91,8.6,9.9,0.96,16.2,125,,,,,,,,,42.768959,0.874625,0.154882,3.946759,15.840366,45.969697,3.6408,0.367758,474.0625,47.885101,11.375,59.191919,1
LEG-C-05,,Thesis,n/a,Surface Lithogeochemistry of the Relincho Porphyry Copper-Molybdenum Deposit_ Atacama Region_ Chile,MSc Thesis,Greenlaw,2014,Relincho,Relincho,Cu-Mo,CA,Medium,2.4983,,,,,,,,373106,6846521,,,Syn,1,Palaeocene-Lower Eocene,64,,,64,,,,,,Greenlaw_ 2014,Chile,,,,,,,,,hornblende-biotite granodiorite,Porphyry FB,PFB,,,,INTRUSIVE,,67.45,15.86,2.61,,2.348478,0.74,2.42,3.75,4.21,0.32,0.12,0.07,,2.2,,,,0.35,0.01,,99.8,235,,0.7,0.1,0.5,816,0.05,0.35,,0.26,35.1,,6.4,4.5,,2.2,61.56,0.88,0.48,0.61,,,17.7,1.55,0.05,3.1,6,0.19,0.01,,18.5,8.9,0.07,0.26,,,,3.3,12.8,2.3,,36.32,5,3.74,,121.6,0.5,0.19,3,0.05,,2.51,0.5,475.6,0.3,0.21,0.05,6.4,,0.04,0.07,1.3,38,1.3,4.9,0.49,76.4,112,,,,,,,,,44.514388,0.945477,0.328022,5.69161,27.081719,97.061224,4.246429,0.866618,970.612245,198.084132,12.666667,166.530612,1
LEG-R-01A,,Thesis,n/a,Surface Lithogeochemistry of the Relincho Porphyry Copper-Molybdenum Deposit_ Atacama Region_ Chile,MSc Thesis,Greenlaw,2014,Relincho,Relincho,Cu-Mo,CA,Medium,2.4983,,,,,,,,371441,6842992,,,Syn,1,Palaeocene-Lower Eocene,64,,,64,,,,,,Greenlaw_ 2014,Chile,,,,,,,,,hornblende-biotite monzogranite,Porphyry QB,PQB,,,,INTRUSIVE,,68.59,15.86,2.43,,2.186514,0.72,1.76,4.31,3.94,0.33,0.14,0.04,,1.7,,,,0.05,0.01,,99.8,38,,1,0.1,1,885,0.2,0.03,,0.06,45.4,,3.3,6.3,,3.7,19.44,1.04,0.61,0.7,,,17.8,1.88,0.05,4.1,6,0.22,0.01,,23.9,7.7,0.07,0.85,,,,4.2,16.8,1.9,,3.87,5,5.06,,98.7,0.5,0.15,3,0.05,,2.92,1,766.1,0.4,0.24,0.01,6.3,,0.01,0.09,1.4,35,1.3,6.7,0.52,34.3,134,,,,,,,,,43.429637,0.91338,0.298605,6.239316,32.968192,114.343284,5.717164,0.853308,1473.269231,219.89093,11.666667,132.089552,1
LEG-L-12,,Thesis,n/a,Surface Lithogeochemistry of the Relincho Porphyry Copper-Molybdenum Deposit_ Atacama Region_ Chile,MSc Thesis,Greenlaw,2014,Relincho,Relincho,Cu-Mo,CA,Medium,2.4983,,,,,,,,373944,6844299,,,Syn,1,Palaeocene-Lower Eocene,64,,,64,,,,,,Greenlaw_ 2014,Chile,,,,,,,,,hornblende-biotite granodiorite,Porphyry QF2,PQF2,,,,INTRUSIVE,,68.75,15.86,2.05,,1.84459,0.87,4.13,4.5,0.65,0.33,0.12,0.06,,2.5,,,,0.04,0.09,,99.79,380,,1.3,0.1,1,374,0.3,0.19,,0.04,33.8,,3.7,3.9,,2,320.81,1.09,0.56,0.6,,,18.1,1.64,0.05,2.8,2.5,0.2,0.01,,17.8,6.4,0.08,1.06,,,,3.7,14.5,2.1,,3.7,5,3.91,,19.5,0.5,0.13,3,0.05,,2.23,0.5,758,0.3,0.22,0.06,6.2,,0.01,0.08,2.4,40,2,5.9,0.58,28.6,106,,,,,,,,,14.975369,0.959181,0.281139,4.272031,22.013677,128.474576,7.150943,1.212024,1306.896552,221.50789,13.333333,63.389831,1
LEG-C-01,,Thesis,n/a,Surface Lithogeochemistry of the Relincho Porphyry Copper-Molybdenum Deposit_ Atacama Region_ Chile,MSc Thesis,Greenlaw,2014,Relincho,Relincho,Cu-Mo,CA,Medium,2.4983,,,,,,,,372584,6847054,,,Syn,1,Palaeocene-Lower Eocene,64,,,64,,,,,,Greenlaw_ 2014,Chile,,,,,,,,,hornblende-biotite granodiorite,Porphyry QF2,PQF2,,,,INTRUSIVE,,67.92,15.87,2.62,,2.357476,0.82,2.36,4.29,3.46,0.35,0.12,0.06,,1.9,,,,0.18,0.01,,99.77,70,,0.8,0.1,0.5,774,0.05,0.01,,0.15,38,,4.4,5.4,,2.8,39.72,1.02,0.55,0.72,,,18.4,1.63,0.05,3.8,2.5,0.2,0.01,,19.1,9.3,0.09,0.3,,,,4.1,14.9,2.4,,83.64,5,4.07,,106.7,0.5,0.21,3,0.05,,2.23,0.5,551.3,0.3,0.21,0.03,6.3,,0.01,0.08,1.1,48,0.5,5.7,0.49,279.5,122,,,,,,,,,39.15828,1.154542,0.400556,5.056689,27.960045,96.719298,4.518852,0.792781,1125.102041,197.386323,16,135.789474,1
LEG-K-09,,Thesis,n/a,Surface Lithogeochemistry of the Relincho Porphyry Copper-Molybdenum Deposit_ Atacama Region_ Chile,MSc Thesis,Greenlaw,2014,Relincho,Relincho,Cu-Mo,CA,Medium,2.4983,,,,,,,,373218,6844731,,,Syn,1,Palaeocene-Lower Eocene,64,,,64,,,,,,Greenlaw_ 2014,Chile,,,,,,,,,hornblende-biotite granodiorite,Porphyry QF2,PQF2,,,,INTRUSIVE,,68.96,15.87,2.55,,2.29449,0.82,1.3,4.46,3.23,0.32,0.12,0.02,,2.2,,,,0.03,0.08,,99.8,158,,1.6,0.1,2,834,0.2,0.11,,0.03,31.2,,5.3,4.2,,4.9,142.89,1.12,0.61,0.5,,,18.4,1.54,0.05,3.4,20,0.2,0.01,,17.1,9,0.07,3.89,,,,3.4,13.4,1.9,,2.56,5,3.59,,115.3,0.5,0.14,3,0.3,,2.23,0.5,520,0.3,0.19,0.04,5,,0.01,0.08,1.6,43,24,5.1,0.48,13.6,113,,,,,,,,,41.284404,0.824861,0.292138,5.162037,25.553797,101.960784,4.60177,0.902308,1083.333333,212.418301,14.333333,163.529412,1
LEG-Z-109A,,Thesis,n/a,Surface Lithogeochemistry of the Relincho Porphyry Copper-Molybdenum Deposit_ Atacama Region_ Chile,MSc Thesis,Greenlaw,2014,Relincho,Relincho,Cu-Mo,CA,Medium,2.4983,,,,,,,,372058,6844746,,,Syn,1,Palaeocene-Lower Eocene,64,,,64,,,,,,Greenlaw_ 2014,Chile,,,,,,,,,Hydrothermal Breccia,Hydrothermal Breccia,BXH,,,,BRECCIA,,64.85,15.88,2.8,,2.51944,1.41,2.61,3.19,3.9,0.53,0.16,0.03,,4.1,,,,0.44,0.01,,99.51,414,,1.2,1.9,1,630,0.4,0.07,,0.26,32.5,,4.6,8.2,,10,2880,1.46,1,0.72,,,19.8,2.1,0.05,3.4,2.5,0.29,0.02,,18.4,16,0.12,7.41,,,,4.5,16,7.3,,3.15,5,3.96,,249.2,2,0.13,8,0.05,,2.6,1,394.9,0.3,0.3,0.01,6.2,,0.06,0.12,2,91,10.8,8.3,0.79,21.7,125,,,,,,,,,47.794779,0.942019,0.202713,3.656821,16.706724,47.578313,3.1592,0.380627,499.873418,60.225713,11.375,75.903614,1
LEG-E-03,,Thesis,n/a,Surface Lithogeochemistry of the Relincho Porphyry Copper-Molybdenum Deposit_ Atacama Region_ Chile,MSc Thesis,Greenlaw,2014,Relincho,Relincho,Cu-Mo,CA,Medium,2.4983,,,,,,,,370506,6845969,,,Syn,1,Palaeocene-Lower Eocene,64,,,64,,,,,,Greenlaw_ 2014,Chile,,,,,,,,,hornblende-biotite granodiorite,Porphyry QF1,PQF1,,,,INTRUSIVE,,67.77,15.88,2.69,,2.420462,0.81,2.96,3.56,3.5,0.36,0.14,0.05,,2.1,,,,0.03,0.01,,99.84,50,,1,0.1,0.5,721,0.3,0.05,,0.02,33.2,,3.7,4.7,,1.6,9.91,0.94,0.55,0.67,,,19.4,1.6,0.05,3.6,2.5,0.18,0.01,,17.4,10.9,0.07,0.37,,,,3.7,16.2,2.5,,1.85,5,4.03,,104.9,1,0.08,4,0.05,,2.43,0.5,511.6,0.3,0.2,0.08,5.1,,0.02,0.07,1.4,35,1.2,5.6,0.54,20.4,122,,,,,,,,,39.796861,1.038808,0.327032,5,23.112986,91.357143,4.193443,0.748829,947.407407,169.179894,8.75,128.75,1
LEG-K-14,,Thesis,n/a,Surface Lithogeochemistry of the Relincho Porphyry Copper-Molybdenum Deposit_ Atacama Region_ Chile,MSc Thesis,Greenlaw,2014,Relincho,Relincho,Cu-Mo,CA,Medium,2.4983,,,,,,,,373287,6844477,,,Syn,1,Palaeocene-Lower Eocene,64,,,64,,,,,,Greenlaw_ 2014,Chile,,,,,,,,,hornblende-biotite granodiorite,Porphyry FB,PFB,,,,INTRUSIVE,,69.32,15.89,2.21,,1.988558,0.76,1.02,4.06,4.19,0.31,0.12,0.03,,1.7,,,,0.01,0.05,,99.63,448,,4.2,0.1,0.5,719,0.2,0.28,,0.68,30.6,,8.1,5.4,,5.3,1540,0.91,0.45,0.49,,,17.2,1.39,0.05,3.5,2.5,0.16,0.01,,18.4,7.9,0.06,4.13,,,,3.1,12.6,2.3,,27,5,3.49,,143.5,4,0.13,4,0.2,,1.99,0.5,472.1,0.2,0.17,0.05,5.6,,0.01,0.06,1.6,39,10.6,4.7,0.48,116.2,114,,,,,,,,,49.351944,0.900712,0.319002,4.606481,27.496484,100.446809,4.141228,0.881112,983.541667,209.264184,9.75,152.978723,1
LEG-D-02,,Thesis,n/a,Surface Lithogeochemistry of the Relincho Porphyry Copper-Molybdenum Deposit_ Atacama Region_ Chile,MSc Thesis,Greenlaw,2014,Relincho,Relincho,Cu-Mo,CA,Medium,2.4983,,,,,,,,374455,6847134,,,Syn,1,Palaeocene-Lower Eocene,64,,,64,,,,,,Greenlaw_ 2014,Chile,,,,,,,,,hornblende-biotite monzogranite,Porphyry QB,PQB,,,,INTRUSIVE,,68.31,15.92,2.57,,2.312486,0.78,1.77,4.84,3.76,0.36,0.13,0.05,,1.3,,,,0.06,0.01,,99.78,13,,27,1.7,2,1029,0.2,0.01,,0.06,43.9,,4.6,4.8,,8.1,4.19,0.96,0.41,0.69,,,18.8,1.88,0.05,4.2,2.5,0.18,0.01,,21.8,15.5,0.06,0.24,,,,4.9,18.7,2.6,,29.45,5,5.26,,94.4,0.5,0.17,3,0.05,,3.05,0.5,613.3,0.3,0.22,0.01,5.4,,0.04,0.06,1.4,45,1.3,5.6,0.56,29.7,141,,,,,,,,,40.717489,0.880935,0.267427,6.051587,27.923448,109.517857,4.349645,0.776722,1095.178571,195.567602,15,183.75,1
LEG-Q-06,,Thesis,n/a,Surface Lithogeochemistry of the Relincho Porphyry Copper-Molybdenum Deposit_ Atacama Region_ Chile,MSc Thesis,Greenlaw,2014,Relincho,Relincho,Cu-Mo,CA,Medium,2.4983,,,,,,,,370965,6842526,,,Syn,1,Palaeocene-Lower Eocene,64,,,64,,,,,,Greenlaw_ 2014,Chile,,,,,,,,,hornblende-biotite monzogranite,Porphyry QB,PQB,,,,INTRUSIVE,,67.77,15.92,2.45,,2.20451,0.72,1.97,3.23,4.49,0.34,0.17,0.16,,2.5,,,,0.31,0.01,,99.75,51,,0.3,0.1,0.5,899,0.2,0.03,,1.88,45.3,,3.3,3.9,,12.1,13.79,1.21,0.56,0.63,,,17.8,1.88,0.05,4.3,2.5,0.2,0.01,,23,4.3,0.1,0.78,,,,4.2,18.8,3.5,,13.49,5,4.97,,163.4,0.5,0.06,3,0.05,,2.75,0.5,554.4,0.3,0.24,0.01,6.8,,0.04,0.09,1.4,37,1.9,7,0.43,318.5,131,,,,,,,,,50.048031,0.847069,0.334888,7.105943,38.367187,79.2,4.232061,0.60458,1289.302326,184.186047,12.333333,128.428571,1
LEG-R-01B,,Thesis,n/a,Surface Lithogeochemistry of the Relincho Porphyry Copper-Molybdenum Deposit_ Atacama Region_ Chile,MSc Thesis,Greenlaw,2014,Relincho,Relincho,Cu-Mo,CA,Medium,2.4983,,,,,,,,371442,6842992,,,Syn,1,Palaeocene-Lower Eocene,64,,,64,,,,,,Greenlaw_ 2014,Chile,,,,,,,,,hornblende-biotite monzogranite,Porphyry QB,PQB,,,,INTRUSIVE,,68.71,15.93,2.39,,2.150522,0.72,2.13,4.16,3.92,0.32,0.14,0.03,,1.3,,,,0.06,0.01,,99.78,29,,1,0.1,2,1021,0.2,0.03,,0.04,42.9,,3.1,5.3,,2.8,31.35,1,0.52,0.65,,,17.6,1.85,0.05,4,2.5,0.19,0.01,,20.7,7.7,0.07,0.69,,,,3.8,16.8,1.9,,3.48,5,4.82,,93.5,1,0.18,3,0.05,,2.85,0.5,728,0.3,0.23,0.01,6.4,,0.01,0.08,1.2,37,0.8,6.6,0.46,33.7,131,,,,,,,,,42.451967,0.865424,0.31983,6.884058,32.278481,110.30303,5.557252,0.842008,1582.608696,239.789196,12.333333,154.69697,1
LEG-G-05,,Thesis,n/a,Surface Lithogeochemistry of the Relincho Porphyry Copper-Molybdenum Deposit_ Atacama Region_ Chile,MSc Thesis,Greenlaw,2014,Relincho,Relincho,Cu-Mo,CA,Medium,2.4983,,,,,,,,373003,6845494,,,Syn,1,Palaeocene-Lower Eocene,64,,,64,,,,,,Greenlaw_ 2014,Chile,,,,,,,,,hornblende-biotite granodiorite,Porphyry QF2,PQF2,,,,INTRUSIVE,,68.02,15.94,3.27,,2.942346,0.7,1.46,3.89,3.53,0.32,0.12,0.04,,2.4,,,,0.09,0.01,,99.67,186,,7,0.1,0.5,957,0.1,1.47,,0.13,39.9,,2.6,4.4,,4.3,49.51,1.1,0.49,0.61,,,17,1.56,0.05,3.2,2.5,0.17,0.01,,22.6,6.8,0.08,1.72,,,,3.5,13.9,1.8,,6.16,5,4.05,,106.1,0.5,0.08,3,0.05,,2.34,0.5,486.4,0.3,0.2,0.02,6.7,,0.03,0.07,1.5,35,5,4.9,0.37,18.7,110,,,,,,,,,44.154489,0.976075,0.448467,7.027027,43.813434,99.265306,4.421818,0.902412,1314.594595,268.284611,11.666667,195.306122,1
LEG-C-06,,Thesis,n/a,Surface Lithogeochemistry of the Relincho Porphyry Copper-Molybdenum Deposit_ Atacama Region_ Chile,MSc Thesis,Greenlaw,2014,Relincho,Relincho,Cu-Mo,CA,Medium,2.4983,,,,,,,,373545,6846680,,,Syn,1,Palaeocene-Lower Eocene,64,,,64,,,,,,Greenlaw_ 2014,Chile,,,,,,,,,hornblende-biotite granodiorite,Porphyry FB,PFB,,,,INTRUSIVE,,67.69,15.95,2.54,,2.285492,0.75,2.31,4.29,4.01,0.35,0.13,0.05,,1.7,,,,0.11,0.01,,99.79,40,,1.8,0.1,0.5,890,0.1,0.01,,0.04,44.9,,3.7,4.4,,2.9,5.55,1.06,0.54,0.67,,,16.4,1.79,0.05,3.5,2.5,0.19,0.01,,22,16.2,0.08,0.23,,,,3.6,17.7,2.1,,10.16,5,4.76,,100,0.5,0.13,3,0.05,,2.84,2,609.2,0.3,0.22,0.01,5.2,,0.01,0.08,1.1,38,0.7,5.2,0.57,39.3,130,,,,,,,,,41.901408,0.908475,0.270949,5.536062,27.685247,117.153846,4.686154,0.901183,1068.77193,205.533063,12.666667,171.153846,1
LEG-E-02C,,Thesis,n/a,Surface Lithogeochemistry of the Relincho Porphyry Copper-Molybdenum Deposit_ Atacama Region_ Chile,MSc Thesis,Greenlaw,2014,Relincho,Relincho,Cu-Mo,CA,Medium,2.4983,,,,,,,,370236,6845990,,,Post,2,Palaeocene-Lower Eocene,64,,,64,,,,,,Greenlaw_ 2014,Chile,,,,,,,,,Dacite,Post Mineralization Dykes,PM,,,,INTRUSIVE,,67.12,15.95,3.13,,2.816374,1.19,1.02,2.96,5.11,0.4,0.18,0.05,,2.7,,,,0.03,0.01,,99.82,46,,3.2,0.1,0.5,839,0.3,0.06,,0.08,34.7,,6.8,4.5,,6.5,85.52,1.38,0.66,0.68,,,15.3,1.67,0.05,3.3,2.5,0.23,0.01,,17,16.1,0.08,1.38,,,,5.1,16.3,8.9,,9.31,5,4.21,,243.7,0.5,0.15,5,0.05,,2.59,0.5,342.2,0.3,0.24,0.01,3.6,,0.1,0.09,0.9,52,3.4,6.8,0.68,43.5,122,,,,,,,,,61.284047,0.999596,0.249899,4.232026,17.932489,50.323529,2.804918,0.412488,503.235294,74.00519,10.4,123.382353,1
LEG-R-04,,Thesis,n/a,Surface Lithogeochemistry of the Relincho Porphyry Copper-Molybdenum Deposit_ Atacama Region_ Chile,MSc Thesis,Greenlaw,2014,Relincho,Relincho,Cu-Mo,CA,Medium,2.4983,,,,,,,,371966,6842499,,,Syn,1,Palaeocene-Lower Eocene,64,,,64,,,,,,Greenlaw_ 2014,Chile,,,,,,,,,hornblende-biotite granodiorite,Porphyry QF1,PQF1,,,,INTRUSIVE,,68.6,15.95,2.54,,2.285492,0.75,2.44,4.58,3.11,0.35,0.16,0.05,,1.2,,,,0.04,0.01,,99.77,69.4,,1.56,1.4,1,819,0.05,0.01,,0.07,39.3,,2.6,5.8,,3.5,25,1.06,0.57,0.64,,,19.2,1.8,0.05,4.3,2.5,0.19,0.01,,20.4,6.9,0.07,0.52,,,,5.6,15.3,65,,0.16,5,4.47,,94,0.5,0.19,1,0.05,,3,0.5,611.8,0.4,0.23,0.01,5.5,,0.01,0.09,1.5,40,0.25,5.8,0.45,3.88,122,,,,,,,,,35.477941,0.84199,0.318085,7.407407,32.517581,105.482759,5.014754,0.864613,1359.555556,234.40613,40,141.206897,1
LEG-K-16,,Thesis,n/a,Surface Lithogeochemistry of the Relincho Porphyry Copper-Molybdenum Deposit_ Atacama Region_ Chile,MSc Thesis,Greenlaw,2014,Relincho,Relincho,Cu-Mo,CA,Medium,2.4983,,,,,,,,372500,6844329,,,Syn,1,Palaeocene-Lower Eocene,64,,,64,,,,,,Greenlaw_ 2014,Chile,,,,,,,,,hornblende-biotite granodiorite,Porphyry FB,PFB,,,,INTRUSIVE,,70.37,15.96,1.34,,1.205732,0.17,0.39,4.38,4.92,0.31,0.04,0.005,,1.9,,,,0.01,0.09,,99.82,158,,1.5,0.1,0.5,721,0.2,0.07,,0.03,30.8,,3.7,3.6,,3.6,341.88,1.37,0.57,0.71,,,17.3,2.13,0.05,3.2,2.5,0.25,0.04,,15.9,0.7,0.08,26.4,,,,3.5,14.2,1.4,,1.66,5,3.14,,182.9,0.5,0.13,4,0.3,,2.51,2,395.4,0.3,0.26,0.01,5.9,,0.01,0.08,1.9,40,8.6,6.1,0.56,11.3,102,,,,,,,,,51.622718,0.938762,0.284981,4.980159,20.366184,64.819672,3.876471,0.635487,706.071429,115.749415,10,,1
LEG-Q-07,,Thesis,n/a,Surface Lithogeochemistry of the Relincho Porphyry Copper-Molybdenum Deposit_ Atacama Region_ Chile,MSc Thesis,Greenlaw,2014,Relincho,Relincho,Cu-Mo,CA,Medium,2.4983,,,,,,,,370045,6842023,,,Syn,1,Palaeocene-Lower Eocene,64,,,64,,,,,,Greenlaw_ 2014,Chile,,,,,,,,,hornblende-biotite monzogranite,Porphyry QB,PQB,,,,INTRUSIVE,,67.22,15.98,2.5,,2.2495,0.76,2.12,4.2,3.55,0.35,0.16,0.14,,2.8,,,,0.36,0.01,,99.79,16,,0.2,0.1,1,932,0.2,0.01,,0.25,48,,4.4,2.8,,2.4,3.38,1.18,0.55,0.73,,,17.8,2.11,0.05,3.3,2.5,0.18,0.01,,24.2,9.4,0.09,0.3,,,,3.7,21.1,2.4,,27.78,5,5.28,,93.6,0.5,0.06,3,0.05,,3.09,0.5,664.6,0.4,0.24,0.01,5.6,,0.01,0.08,1.1,39,0.9,7.1,0.48,97,130,,,,,,,,,40.545626,0.874029,0.309552,7.152778,36.163854,93.605634,5.112308,0.720043,1384.583333,195.011737,13,131.267606,1
LEG-K-17,,Thesis,n/a,Surface Lithogeochemistry of the Relincho Porphyry Copper-Molybdenum Deposit_ Atacama Region_ Chile,MSc Thesis,Greenlaw,2014,Relincho,Relincho,Cu-Mo,CA,Medium,2.4983,,,,,,,,372768,6844252,,,Syn,1,Palaeocene-Lower Eocene,64,,,64,,,,,,Greenlaw_ 2014,Chile,,,,,,,,,hornblende-biotite granodiorite,Porphyry QF1,PQF1,,,,INTRUSIVE,,67.91,15.98,2.46,,2.213508,0.97,2.12,4.22,3.53,0.37,0.13,0.03,,1.9,,,,0.01,0.08,,99.66,712,,1.6,0.1,0.5,723,0.2,0.04,,0.03,35.2,,1.6,5.5,,2.9,1220,0.92,0.51,0.67,,,18.6,1.52,0.05,3.8,2.5,0.14,0.01,,21.6,11.8,0.06,2.37,,,,3.9,14.1,2.3,,3.73,5,3.53,,104.7,5,0.09,4,0.05,,2.03,0.5,591.6,0.3,0.17,0.02,5.7,,0.01,0.06,1.6,52,15.9,5.4,0.5,26.3,123,,,,,,,,,41.512915,1.166081,0.396467,4.511111,30.987342,109.555556,4.809756,0.890696,1183.2,219.111111,13,133.888889,1
LEG-H-02B,,Thesis,n/a,Surface Lithogeochemistry of the Relincho Porphyry Copper-Molybdenum Deposit_ Atacama Region_ Chile,MSc Thesis,Greenlaw,2014,Relincho,Relincho,Cu-Mo,CA,Medium,2.4983,,,,,,,,374503,6846046,,,Syn,1,Palaeocene-Lower Eocene,64,,,64,,,,,,Greenlaw_ 2014,Chile,,,,,,,,,hornblende-biotite monzogranite,Porphyry QB,PQB,,,,INTRUSIVE,,68.56,16.01,2.86,,2.573428,0.71,1.88,4.65,3.37,0.36,0.21,0.06,,1.1,,,,0.03,0.01,,99.78,68,,1.3,1.2,1,902,0.1,0.04,,0.59,37.1,,4.6,8.7,,2.6,27.53,0.91,0.44,0.61,,,16.8,1.84,0.05,4,2.5,0.22,0.01,,18.7,8.2,0.07,0.24,,,,4.3,15,3.1,,10.72,5,3.89,,86,0.5,0.12,3,0.05,,2.41,0.5,575.6,0.3,0.22,0.01,4.5,,0.03,0.06,1.2,40,1.2,5.1,0.5,74,136,,,,,,,,,38.454288,0.885597,0.301103,5.355556,26.827004,112.862745,4.232353,0.829873,1151.2,225.72549,13.333333,176.862745,1
LEG-Q-03,,Thesis,n/a,Surface Lithogeochemistry of the Relincho Porphyry Copper-Molybdenum Deposit_ Atacama Region_ Chile,MSc Thesis,Greenlaw,2014,Relincho,Relincho,Cu-Mo,CA,Medium,2.4983,,,,,,,,371000,6842945,,,Syn,1,Palaeocene-Lower Eocene,64,,,64,,,,,,Greenlaw_ 2014,Chile,,,,,,,,,hornblende-biotite monzogranite,Porphyry QB,PQB,,,,INTRUSIVE,,68.21,16.01,2.42,,2.177516,0.84,1.93,3.76,4.3,0.35,0.14,0.16,,1.7,,,,0.13,0.01,,99.8,106,,0.4,0.1,1,877,0.2,0.04,,1.25,42.9,,3.4,5,,4.1,81.01,1,0.58,0.66,,,18.4,1.98,0.05,4.4,2.5,0.18,0.01,,22.4,6.4,0.08,0.43,,,,4.4,18.9,2.4,,17.39,5,4.73,,167.4,0.5,0.21,4,0.05,,2.82,1,515.6,0.3,0.24,0.01,6.9,,0.07,0.09,1.4,42,2.8,6.9,0.54,124.3,131,,,,,,,,,47.460757,0.853907,0.268822,5.802469,29.754649,74.724638,3.935878,0.570417,954.814815,138.378959,10.5,127.101449,1
LEG-Q-01,,Thesis,n/a,Surface Lithogeochemistry of the Relincho Porphyry Copper-Molybdenum Deposit_ Atacama Region_ Chile,MSc Thesis,Greenlaw,2014,Relincho,Relincho,Cu-Mo,CA,Medium,2.4983,,,,,,,,369932,6843007,,,Syn,1,Palaeocene-Lower Eocene,64,,,64,,,,,,Greenlaw_ 2014,Chile,,,,,,,,,hornblende-biotite monzogranite,Porphyry QB,PQB,,,,INTRUSIVE,,67.46,16.02,2.47,,2.222506,0.74,2.39,4.49,3.47,0.34,0.14,0.07,,2.2,,,,0.34,0.01,,99.79,73,,0.3,0.6,1,936,0.1,0.05,,0.08,44.9,,3.8,4.2,,3.3,13.09,1.13,0.56,0.67,,,18.6,1.84,0.05,3.8,2.5,0.19,0.01,,23.1,7.1,0.09,0.34,,,,4.5,18.6,1.7,,8.69,5,4.91,,90.6,0.5,0.07,3,0.05,,3.05,1,696.7,0.3,0.23,0.01,5.3,,0.02,0.09,1.2,37,0.5,7,0.57,53.3,134,,,,,,,,,37.962128,0.864649,0.257878,5.945419,29.069509,99.528571,5.199254,0.742751,1222.280702,174.611529,12.333333,133.714286,1
LEG-P-06,,Thesis,n/a,Surface Lithogeochemistry of the Relincho Porphyry Copper-Molybdenum Deposit_ Atacama Region_ Chile,MSc Thesis,Greenlaw,2014,Relincho,Relincho,Cu-Mo,CA,Medium,2.4983,,,,,,,,373998,6843734,,,Syn,1,Palaeocene-Lower Eocene,64,,,64,,,,,,Greenlaw_ 2014,Chile,,,,,,,,,hornblende-biotite granodiorite,Porphyry FB,PFB,,,,INTRUSIVE,,68.58,16.03,1.84,,1.655632,0.83,0.55,3.2,6.69,0.38,0.13,0.02,,1.5,,,,0.01,0.01,,99.79,459,,0.5,0.2,0.5,764,0.2,0.2,,0.15,27.8,,4.9,6.2,,2.3,274.52,0.98,0.41,0.62,,,19.1,1.58,0.05,3.3,2.5,0.17,0.01,,14.8,4.5,0.06,5.57,,,,3.2,12.4,2.8,,6.8,5,3.28,,161,0.5,0.13,4,0.3,,2.24,0.5,369.1,0.3,0.19,0.04,4.3,,0.01,0.06,1.7,39,3,5,0.44,81,106,,,,,,,,,66.725821,1.007541,0.389277,5.656566,24.127349,73.82,3.482075,0.696415,838.863636,167.772727,9.75,152.8,1
LEG-Q-04,,Thesis,n/a,Surface Lithogeochemistry of the Relincho Porphyry Copper-Molybdenum Deposit_ Atacama Region_ Chile,MSc Thesis,Greenlaw,2014,Relincho,Relincho,Cu-Mo,CA,Medium,2.4983,,,,,,,,370048,6842476,,,Syn,1,Palaeocene-Lower Eocene,64,,,64,,,,,,Greenlaw_ 2014,Chile,,,,,,,,,hornblende-biotite monzogranite,Porphyry QB,PQB,,,,INTRUSIVE,,66.8,16.06,2.6,,2.33948,0.85,2.4,4.84,3.41,0.39,0.17,0.07,,2.2,,,,0.29,0.01,,99.77,36,,0.3,0.1,1,902,0.2,0.03,,0.15,50.3,,4.3,3.7,,2.4,19.56,1.22,0.48,0.82,,,18.8,1.99,0.05,4.1,2.5,0.19,0.01,,24.5,9.6,0.09,0.42,,,,4.5,20.8,2,,11.45,5,5.56,,88.1,0.5,0.12,4,0.05,,3.18,0.5,832.1,0.4,0.25,0.01,5.5,,0.01,0.08,1.2,44,0.25,6.4,0.53,104.4,134,,,,,,,,,37.043478,0.996546,0.319647,6.666667,33.158188,130.015625,6.209701,0.970266,1570,245.3125,11,140.9375,1
LEG-H-04,,Thesis,n/a,Surface Lithogeochemistry of the Relincho Porphyry Copper-Molybdenum Deposit_ Atacama Region_ Chile,MSc Thesis,Greenlaw,2014,Relincho,Relincho,Cu-Mo,CA,Medium,2.4983,,,,,,,,373965,6845518,,,Post,2,Palaeocene-Lower Eocene,64,,,64,,,,,,Greenlaw_ 2014,Chile,,,,,,,,,Dacite,Post Mineralization Dykes,PM,,,,INTRUSIVE,,67.66,16.08,2.73,,2.456454,0.86,2.49,4.5,3.19,0.35,0.14,0.05,,1.7,,,,0.15,0.01,,99.76,58,,0.4,0.3,2,1128,0.1,0.03,,0.08,30.9,,3.3,5,,1.8,42.98,0.98,0.56,0.58,,,17.2,1.62,0.05,3,2.5,0.18,0.01,,16.5,6,0.08,0.5,,,,3.3,13.3,2.5,,4.37,5,3.36,,86.4,0.5,0.14,4,0.05,,2.29,0.5,629.5,0.2,0.22,0.01,3.3,,0.02,0.08,1,41,0.7,5.3,0.51,88.3,115,,,,,,,,,36.684783,0.920611,0.30687,4.989107,23.206751,118.773585,5.473913,1.032814,1234.313725,232.889382,10.25,212.830189,1
LEG-J-13B,,Thesis,n/a,Surface Lithogeochemistry of the Relincho Porphyry Copper-Molybdenum Deposit_ Atacama Region_ Chile,MSc Thesis,Greenlaw,2014,Relincho,Relincho,Cu-Mo,CA,Medium,2.4983,,,,,,,,372032,6844524,,,Syn,1,Palaeocene-Lower Eocene,64,,,64,,,,,,Greenlaw_ 2014,Chile,,,,,,,,,hornblende-biotite granodiorite,Porphyry FB,PFB,,,,INTRUSIVE,,69.06,16.11,2.03,,1.826594,0.31,1.28,3.62,4.39,0.36,0.08,0.005,,2.5,,,,0.01,0.1,,99.78,277,,4,0.1,1,692,0.3,0.49,,0.02,36.6,,2.7,4.1,,2.7,423.67,0.61,0.35,0.52,,,18.4,1.23,0.05,3.9,2.5,0.12,0.01,,20,3,0.06,35.09,,,,3.2,13.3,1.5,,2.48,5,3.79,,150.7,2,0.12,4,0.1,,1.97,1,506.3,0.3,0.15,0.16,5.6,,0.01,0.05,1.8,38,7.7,3.3,0.38,12.1,117,,,,,,,,,48.958333,1.021272,0.456885,5.760234,37.752609,153.424242,4.32735,1.311318,1332.368421,403.748006,9.5,209.69697,1
LEG-S-04,,Thesis,n/a,Surface Lithogeochemistry of the Relincho Porphyry Copper-Molybdenum Deposit_ Atacama Region_ Chile,MSc Thesis,Greenlaw,2014,Relincho,Relincho,Cu-Mo,CA,Medium,2.4983,,,,,,,,372484,6842472,,,Syn,1,Palaeocene-Lower Eocene,64,,,64,,,,,,Greenlaw_ 2014,Chile,,,,,,,,,hornblende-biotite granodiorite,Porphyry QF2,PQF2,,,,INTRUSIVE,,67.17,16.12,2.83,,2.546434,1.06,2.42,4.32,3.46,0.37,0.14,0.07,,1.8,,,,0.14,0.01,,99.79,17,,1,0.1,2,761,0.3,0.01,,0.05,39,,4.8,6,,3.2,314.54,1.05,0.48,0.65,,,17.1,1.82,0.05,3.8,2.5,0.19,0.01,,20.6,11.3,0.08,0.76,,,,3,15.7,2.3,,3.37,5,4.26,,102.7,0.5,0.18,4,0.05,,2.61,0.5,513.6,0.3,0.22,0.01,5.4,,0.01,0.07,1.4,44,2.9,6.1,0.54,82.9,118,,,,,,,,,40.142096,0.911761,0.287036,5.37037,27.363651,84.196721,4.352542,0.713532,951.111111,155.919854,11,124.754098,1
LEG-G-09,,Thesis,n/a,Surface Lithogeochemistry of the Relincho Porphyry Copper-Molybdenum Deposit_ Atacama Region_ Chile,MSc Thesis,Greenlaw,2014,Relincho,Relincho,Cu-Mo,CA,Medium,2.4983,,,,,,,,372989,6845267,,,Syn,1,Palaeocene-Lower Eocene,64,,,64,,,,,,Greenlaw_ 2014,Chile,,,,,,,,,hornblende-biotite granodiorite,Porphyry FB,PFB,,,,INTRUSIVE,,68.38,16.16,2.43,,2.186514,0.61,1.81,3.85,4.55,0.32,0.13,0.04,,1.4,,,,0.06,0.01,,99.72,171,,1,0.1,1,957,0.1,0.27,,0.04,46.2,,2.4,4.7,,3.9,12.51,1.14,0.47,0.61,,,17.4,1.74,0.05,3.6,2.5,0.19,0.01,,25.8,4.6,0.07,1.11,,,,3.5,17.7,2.2,,5.94,5,4.89,,119.1,0.5,0.07,3,0.05,,2.71,0.5,606.8,0.3,0.22,0.03,6.5,,0.02,0.08,1.9,33,7.6,5.3,0.44,20.8,118,,,,,,,,,47.689464,0.858804,0.331811,6.843434,42.059839,114.490566,5.142373,0.970259,1379.090909,260.205832,11,180.566038,1
LEG-A-02,,Thesis,n/a,Surface Lithogeochemistry of the Relincho Porphyry Copper-Molybdenum Deposit_ Atacama Region_ Chile,MSc Thesis,Greenlaw,2014,Relincho,Relincho,Cu-Mo,CA,Medium,2.4983,,,,,,,,370482,6846997,,,Syn,1,Palaeocene-Lower Eocene,64,,,64,,,,,,Greenlaw_ 2014,Chile,,,,,,,,,hornblende-biotite monzogranite,Porphyry QB,PQB,,,,INTRUSIVE,,66.34,16.18,2.89,,2.600422,1.03,3.03,3.38,3.93,0.43,0.17,0.24,,2.2,,,,0.09,0.01,,99.78,281,,0.2,0.9,1,818,0.1,0.03,,0.28,43.8,,4.8,5.2,,2.5,45.8,1.11,0.65,0.68,,,16.9,1.92,0.05,3.2,6,0.23,0.01,,21.7,8.9,0.07,0.42,,,,4.1,19.5,2.4,,25.78,5,4.97,,95.5,0.5,0.08,4,0.05,,2.96,0.5,632.6,0.2,0.23,0.01,4.9,,0.01,0.06,1.1,48,2.8,6.3,0.51,107.2,138,,,,,,,,,43.623571,0.872039,0.29068,6.448802,30.520394,100.412698,4.584058,0.727628,1240.392157,196.887644,12,129.84127,1
LEG-R-03A,,Thesis,n/a,Surface Lithogeochemistry of the Relincho Porphyry Copper-Molybdenum Deposit_ Atacama Region_ Chile,MSc Thesis,Greenlaw,2014,Relincho,Relincho,Cu-Mo,CA,Medium,2.4983,,,,,,,,371491,6842485,,,Post,2,Palaeocene-Lower Eocene,64,,,64,,,,,,Greenlaw_ 2014,Chile,,,,,,,,,Dacite,Post Mineralization Dykes,PM,,,,INTRUSIVE,,67.03,16.2,2.57,,2.312486,0.78,2.56,4.3,3.6,0.36,0.16,0.05,,2.2,,,,0.29,0.01,,99.77,17,,0.3,0.1,1,973,0.2,0.01,,0.09,49.3,,3.8,6,,3.2,17.61,1.09,0.53,0.74,,,18.3,1.8,0.05,4.1,2.5,0.17,0.01,,25.2,7.8,0.09,0.32,,,,3.8,21.3,2.3,,7.24,5,5.38,,94.4,0.5,0.1,3,0.05,,3,0.5,734.7,0.3,0.23,0.01,5.5,,0.01,0.08,1.4,41,1.5,6,0.46,52.9,141,,,,,,,,,38.967972,0.97355,0.35979,7.246377,39.295542,122.45,5.210638,0.86844,1597.173913,266.195652,13.666667,162.166667,1
LEG-F-11A,,Thesis,n/a,Surface Lithogeochemistry of the Relincho Porphyry Copper-Molybdenum Deposit_ Atacama Region_ Chile,MSc Thesis,Greenlaw,2014,Relincho,Relincho,Cu-Mo,CA,Medium,2.4983,,,,,,,,372024,6845523,,,Syn,1,Palaeocene-Lower Eocene,64,,,64,,,,,,Greenlaw_ 2014,Chile,,,,,,,,,hornblende-biotite monzogranite,Porphyry QB,PQB,,,,INTRUSIVE,,68.75,16.23,2.45,,2.20451,0.61,1.73,3.97,3.93,0.33,0.16,0.03,,1.5,,,,0.06,0.01,,99.71,111,,1.7,0.1,1,778,0.1,0.6,,0.07,,,3.1,4.3,,4.7,267.21,1.12,0.5,0.66,,,18.5,1.55,0.05,3.6,2.5,0.2,0.01,,17.8,3.9,0.08,4.61,,,,3.3,13.6,2.1,,2.21,5,3.69,,121,0.5,0.11,3,0.05,,2.15,0.5,548.2,0.3,0.21,0.38,5.6,,0.04,0.07,1.6,37,3.4,5,0.51,20.4,105,,,,,,,,,44.335938,1.105306,0.368435,4.684096,25.035162,109.64,5.220952,1.04419,1074.901961,214.980392,12.333333,155.6,1
LEG-J-01,,Thesis,n/a,Surface Lithogeochemistry of the Relincho Porphyry Copper-Molybdenum Deposit_ Atacama Region_ Chile,MSc Thesis,Greenlaw,2014,Relincho,Relincho,Cu-Mo,CA,Medium,2.4983,,,,,,,,371250,6845028,,,Syn,1,Palaeocene-Lower Eocene,64,,,64,,,,,,Greenlaw_ 2014,Chile,,,,,,,,,hornblende-biotite monzogranite,Porphyry QB,PQB,,,,INTRUSIVE,,67.11,16.28,3.02,,2.717396,0.8,2.94,4.51,3.18,0.44,0.19,0.03,,1.2,,,,0.01,0.01,,99.7,123,,0.4,0.5,0.5,1004,0.1,0.04,,0.03,57.2,,4.2,5.2,,2.1,104.75,1.4,0.55,1.02,,,20.8,2.72,0.05,4.3,2.5,0.2,0.01,,29.1,6.5,0.08,0.52,,,,4.5,26.5,2.5,,3.93,5,6.98,,89.4,0.5,0.05,4,0.05,,4.24,0.5,1162.6,0.3,0.28,0.03,6,,0.01,0.07,1.2,60,1.9,5.8,0.59,24.7,146,,,,,,,,,34.820647,0.91824,0.264578,7.984934,35.378674,200.448276,7.963014,1.372933,1970.508475,339.74284,15,173.103448,1
LEG-F-07,,Thesis,n/a,Surface Lithogeochemistry of the Relincho Porphyry Copper-Molybdenum Deposit_ Atacama Region_ Chile,MSc Thesis,Greenlaw,2014,Relincho,Relincho,Cu-Mo,CA,Medium,2.4983,,,,,,,,371968,6845710,,,Syn,1,Palaeocene-Lower Eocene,64,,,64,,,,,,Greenlaw_ 2014,Chile,,,,,,,,,hornblende-biotite monzogranite,Porphyry QB,PQB,,,,INTRUSIVE,,67.31,16.31,3.47,,3.122306,0.82,1.69,3.49,4.04,0.35,0.14,0.08,,2,,,,0.14,0.01,,99.67,719,,8.8,0.7,1,755,0.1,5.38,,1.04,35.8,,2.1,5,,3.3,378.06,1.16,0.64,0.63,,,18.8,1.81,0.05,3.2,2.5,0.23,0.11,,17.8,8.9,0.07,1.15,,,,3.9,15.7,2.2,,7.31,5,4,,122.4,0.5,0.08,4,0.05,,2.38,1,488.8,0.3,0.21,0.1,5.6,,0.06,0.08,1.5,38,2,5.6,0.51,147.7,116,,,,,,,,,48.406375,0.927975,0.309325,5.185185,25.035162,87.285714,4.213793,0.752463,958.431373,171.148459,9.5,134.821429,1
LEG-K-06,,Thesis,n/a,Surface Lithogeochemistry of the Relincho Porphyry Copper-Molybdenum Deposit_ Atacama Region_ Chile,MSc Thesis,Greenlaw,2014,Relincho,Relincho,Cu-Mo,CA,Medium,2.4983,,,,,,,,372544,6844745,,,Syn,1,Palaeocene-Lower Eocene,64,,,64,,,,,,Greenlaw_ 2014,Chile,,,,,,,,,Hydrothermal Breccia,Hydrothermal Breccia,BXH,,,,BRECCIA,,67.41,16.32,2.05,,1.84459,1.56,2.98,5.15,0.88,0.45,0.15,0.02,,2.5,,,,0.01,0.07,,99.48,863,,0.4,0.1,1,172,0.2,0.17,,0.02,52.5,,4.9,10.2,,3.3,3030,1.72,0.75,0.89,,,19.5,2.92,0.05,2.8,2.5,0.28,0.03,,24.2,14.5,0.09,10,,,,3.3,24.4,5.8,,1.37,5,6.35,,71.7,3,0.09,5,0.2,,4.15,2,616.2,0.3,0.34,0.01,4.1,,0.01,0.09,1.5,65,11.8,7.4,0.65,17.7,105,,,,,,,,,23.084201,0.781625,0.204425,7.094017,26.705615,83.27027,5.868571,0.79305,948,128.108108,13,23.243243,1
LEG-T-03,,Thesis,n/a,Surface Lithogeochemistry of the Relincho Porphyry Copper-Molybdenum Deposit_ Atacama Region_ Chile,MSc Thesis,Greenlaw,2014,Relincho,Relincho,Cu-Mo,CA,Medium,2.4983,,,,,,,,374945,6843012,,,Syn,1,Palaeocene-Lower Eocene,64,,,64,,,,,,Greenlaw_ 2014,Chile,,,,,,,,,hornblende-biotite granodiorite,Porphyry QF1,PQF1,,,,INTRUSIVE,,68.12,16.34,2.08,,1.871584,0.92,2.8,4.6,2.65,0.4,0.16,0.01,,1.3,,,,0.04,0.01,,99.36,276,,0.6,4.7,0.5,822,0.05,0.36,,0.05,39.3,,4.1,7.4,,1,3310,1.36,0.64,0.78,,,18.5,1.97,0.05,3.1,2.5,0.24,0.01,,21.7,4.4,0.09,1.53,,,,4.8,17.2,3.5,,1.25,5,4.48,,47,1,0.06,4,0.3,,2.88,1,657.3,0.3,0.27,0.04,4.7,,0.03,0.1,1.1,53,1.6,6.7,0.66,14.1,110,,,,,,,,,32.5433,1.001126,0.257866,4.848485,23.583941,98.104478,5.975455,0.891859,995.909091,148.643148,13.25,122.686567,1
LEG-B-01,,Thesis,n/a,Surface Lithogeochemistry of the Relincho Porphyry Copper-Molybdenum Deposit_ Atacama Region_ Chile,MSc Thesis,Greenlaw,2014,Relincho,Relincho,Cu-Mo,CA,Medium,2.4983,,,,,,,,371439,6846961,,,Syn,1,Palaeocene-Lower Eocene,64,,,64,,,,,,Greenlaw_ 2014,Chile,,,,,,,,,hornblende-biotite granodiorite,Porphyry QF2,PQF2,,,,INTRUSIVE,,65.32,16.4,2.73,,2.456454,0.84,3.08,3.84,3.87,0.37,0.13,0.07,,3.1,,,,0.48,0.01,,99.75,266,,0.5,0.1,0.5,928,0.05,0.63,,0.85,35.2,,3.9,4.1,,2,235.03,1.03,0.57,0.69,,,17.8,1.77,0.05,4.4,2.5,0.2,0.01,,18.5,6.1,0.09,0.24,,,,3.7,14.8,2.3,,24.42,5,4,,99.6,0.5,0.11,4,0.05,,2.39,0.5,593.4,0.3,0.24,0.05,5.5,,0.01,0.08,1.4,41,1,5.5,0.5,110,114,,,,,,,,,40.49871,1.025622,0.348711,5.311111,26.540084,107.890909,5.205263,0.946411,1186.8,215.781818,10.25,168.727273,1
LEG-F-17,,Thesis,n/a,Surface Lithogeochemistry of the Relincho Porphyry Copper-Molybdenum Deposit_ Atacama Region_ Chile,MSc Thesis,Greenlaw,2014,Relincho,Relincho,Cu-Mo,CA,Medium,2.4983,,,,,,,,372272,6845185,,,Syn,1,Palaeocene-Lower Eocene,64,,,64,,,,,,Greenlaw_ 2014,Chile,,,,,,,,,hornblende-biotite granodiorite,Porphyry QF1,PQF1,,,,INTRUSIVE,,67.44,16.41,3.06,,2.753388,0.91,2.75,4.13,2.91,0.4,0.14,0.03,,1.6,,,,0.04,0.01,,99.78,370,,1.6,0.1,0.5,939,0.1,0.1,,0.06,32.5,,3.2,6.4,,6.7,86.91,0.93,0.54,0.63,,,18.9,1.45,0.05,3.1,2.5,0.17,0.01,,16.9,9,0.05,4.38,,,,3.4,15.9,3.1,,1.47,5,3.77,,108.1,0.5,0.09,4,0.05,,2.18,1,659.3,0.2,0.2,0.08,4.1,,0.01,0.07,1.1,53,3.3,5.1,0.37,12.1,124,,,,,,,,,35.700935,1.083308,0.497736,6.546547,32.763143,129.27451,5.316935,1.042536,1781.891892,349.390567,13.25,184.117647,1
LEG-Z-03,,Thesis,n/a,Surface Lithogeochemistry of the Relincho Porphyry Copper-Molybdenum Deposit_ Atacama Region_ Chile,MSc Thesis,Greenlaw,2014,Relincho,Relincho,Cu-Mo,CA,Medium,2.4983,,,,,,,,365923,6842941,,,Syn,1,Palaeocene-Lower Eocene,64,,,64,,,,,,Greenlaw_ 2014,Chile,,,,,,,,,hornblende-biotite granodiorite,Porphyry QF1,PQF1,,,,INTRUSIVE,,64.73,16.43,3.48,,3.131304,1.46,3.61,4.29,2.45,0.43,0.12,0.06,,2.7,,,,0.29,0.01,,99.79,46,,1.8,2.3,2,705,0.05,0.02,,0.03,26.8,,7.4,9.2,,4.7,23.72,1.49,0.64,0.64,,,17.1,1.83,0.05,3.5,2.5,0.2,0.01,,14.8,9.2,0.11,0.25,,,,3.4,11.2,6.7,,1.08,5,3.14,,70.7,0.5,0.21,5,0.05,,2.18,0.5,677.5,0.3,0.25,0.01,4.8,,0.02,0.09,1.1,65,0.25,6.1,0.55,39.1,111,,,,,,,,,33.107536,0.979602,0.302786,4.40404,19.30188,111.065574,6.103604,1.000591,1231.818182,201.937407,13,115.57377,1
LEG-O-09,,Thesis,n/a,Surface Lithogeochemistry of the Relincho Porphyry Copper-Molybdenum Deposit_ Atacama Region_ Chile,MSc Thesis,Greenlaw,2014,Relincho,Relincho,Cu-Mo,CA,Medium,2.4983,,,,,,,,373521,6843528,,,Syn,1,Palaeocene-Lower Eocene,64,,,64,,,,,,Greenlaw_ 2014,Chile,,,,,,,,,Hydrothermal Breccia,Hydrothermal Breccia,BXH,,,,BRECCIA,,65.28,16.5,2.98,,2.681404,1.08,2.45,4.82,3.46,0.45,0.15,0.03,,2.5,,,,0.26,0.02,,99.73,1151,,1,0.3,1,657,0.2,0.05,,1.79,35.5,,4,14.4,,2.4,636,1.15,0.61,0.67,,,18.1,1.94,0.05,3.5,2.5,0.22,0.01,,19.5,8,0.07,2.2,,,,3.2,16,5.7,,6.1,5,4.16,,86.9,0.5,0.13,4,0.05,,2.82,1,483.7,0.3,0.24,0.01,4.4,,0.02,0.08,1.2,72,5.2,6.2,0.61,98,105,,,,,,,,,38.441998,0.875736,0.244057,5.136612,22.930068,78.016129,4.606667,0.743011,792.95082,127.895293,18,105.967742,1
LEG-Z-29,,Thesis,n/a,Surface Lithogeochemistry of the Relincho Porphyry Copper-Molybdenum Deposit_ Atacama Region_ Chile,MSc Thesis,Greenlaw,2014,Relincho,Relincho,Cu-Mo,CA,Medium,2.4983,,,,,,,,366206,6841714,,,Syn,1,Palaeocene-Lower Eocene,64,,,64,,,,,,Greenlaw_ 2014,Chile,,,,,,,,,hornblende-biotite granodiorite,Porphyry QF1,PQF1,,,,INTRUSIVE,,65.51,16.51,3.41,,3.068318,1.37,3.53,4.3,2.41,0.44,0.15,0.07,,2.1,,,,0.12,0.01,,99.79,22,,2.1,0.1,1,707,0.05,0.01,,0.04,29.3,,8.6,13.9,,2.9,8.72,1.33,0.75,0.67,,,16.2,1.84,0.05,3.6,2.5,0.25,0.01,,15.2,10.5,0.11,0.26,,,,4.8,13.2,8.8,,0.97,5,3.43,,60.6,0.5,0.2,6,0.05,,2.39,0.5,758.2,0.3,0.25,0.01,4.4,,0.01,0.09,1,61,0.9,6.9,0.64,53.2,114,,,,,,,,,32.55814,0.976766,0.259453,4.149306,17.035865,109.884058,6.650877,0.963895,1184.6875,171.693841,10.166667,102.463768,1
LEG-L-11A,,Thesis,n/a,Surface Lithogeochemistry of the Relincho Porphyry Copper-Molybdenum Deposit_ Atacama Region_ Chile,MSc Thesis,Greenlaw,2014,Relincho,Relincho,Cu-Mo,CA,Medium,2.4983,,,,,,,,373690,6844251,,,Syn,1,Palaeocene-Lower Eocene,64,,,64,,,,,,Greenlaw_ 2014,Chile,,,,,,,,,hornblende-biotite granodiorite,Porphyry QF1,PQF1,,,,INTRUSIVE,,67.03,16.53,3.24,,2.915352,1.12,2.61,4.89,2.69,0.41,0.16,0.03,,1.1,,,,0.05,0.01,,99.77,173,,1.2,0.1,1,719,0.05,0.03,,0.1,32.7,,2.5,8,,4.7,230.55,1.27,0.56,0.63,,,19,1.88,0.05,2.5,2.5,0.21,0.01,,16.3,7.9,0.08,2.49,,,,3.3,14.4,3.8,,23.79,5,3.6,,60.5,0.5,0.05,4,0.05,,2.4,0.5,587.3,0.3,0.23,0.06,4.4,,0.01,0.07,1,53,5.7,5.8,0.52,79.9,109,,,,,,,,,33.687003,0.906733,0.296432,5.128205,22.484583,101.258621,5.388073,0.928978,1129.423077,194.728117,13.25,123.965517,1
LEG-1-02,,Thesis,n/a,Surface Lithogeochemistry of the Relincho Porphyry Copper-Molybdenum Deposit_ Atacama Region_ Chile,MSc Thesis,Greenlaw,2014,Relincho,Relincho,Cu-Mo,CA,Medium,2.4983,,,,,,,,370497,6844986,,,Syn,1,Palaeocene-Lower Eocene,64,,,64,,,,,,Greenlaw_ 2014,Chile,,,,,,,,,hornblende-biotite monzogranite,Porphyry QB,PQB,,,,INTRUSIVE,,69.74,16.56,1.51,,1.358698,0.22,1.55,4.33,3.5,0.36,0.09,0.005,,1.9,,,,0.1,0.01,,99.78,289,,3,2.8,1,831,0.05,0.17,,0.1,50.5,,0.5,8.4,,2.3,43.57,0.65,0.29,0.58,,,18.4,1.43,0.05,3.5,2.5,0.09,0.01,,25.5,1.3,0.05,1.29,,,,3.9,17.7,1.2,,13.42,5,5.04,,62.4,0.5,0.1,3,0.05,,2.39,0.5,743.6,0.3,0.16,0.05,5.5,,0.02,0.04,1.9,30,2.4,3.4,0.28,19.5,139,,,,,,,,,38.75,0.959146,0.582339,9.484127,65.325497,218.705882,5.34964,1.573424,2655.714286,781.092437,10,244.411765,1
LEG-A-05,,Thesis,n/a,Surface Lithogeochemistry of the Relincho Porphyry Copper-Molybdenum Deposit_ Atacama Region_ Chile,MSc Thesis,Greenlaw,2014,Relincho,Relincho,Cu-Mo,CA,Medium,2.4983,,,,,,,,370475,6846427,,,Syn,1,Palaeocene-Lower Eocene,64,,,64,,,,,,Greenlaw_ 2014,Chile,,,,,,,,,hornblende-biotite granodiorite,Porphyry QF1,PQF1,,,,INTRUSIVE,,66.53,16.56,3.36,,3.023328,0.94,3.05,3.96,3.01,0.41,0.16,0.08,,1.7,,,,0.05,0.01,,99.8,457,,0.7,0.1,1,693,0.1,0.06,,0.04,36.6,,4.2,5.8,,2.6,244.58,0.94,0.4,0.63,,,16.8,1.56,0.05,3.6,2.5,0.16,0.02,,18.5,8.4,0.05,0.71,,,,3.9,14.4,2.7,,2.17,5,3.92,,90.2,0.5,0.27,4,0.05,,2.33,0.5,538.8,0.3,0.19,0.02,4.4,,0.04,0.05,0.9,47,1.9,4.7,0.5,37.7,119,,,,,,,,,36.040146,1.010239,0.343481,5.177778,26.540084,114.638298,4.527731,0.963347,1077.6,229.276596,11.75,147.446809,1
LEG-F-09B,,Thesis,n/a,Surface Lithogeochemistry of the Relincho Porphyry Copper-Molybdenum Deposit_ Atacama Region_ Chile,MSc Thesis,Greenlaw,2014,Relincho,Relincho,Cu-Mo,CA,Medium,2.4983,,,,,,,,371517,6845493,,,Syn,1,Palaeocene-Lower Eocene,64,,,64,,,,,,Greenlaw_ 2014,Chile,,,,,,,,,hornblende-biotite granodiorite,Porphyry QF1,PQF1,,,,INTRUSIVE,,66.39,16.62,2.83,,2.546434,0.71,2.83,4.02,3.85,0.41,0.15,0.03,,1.8,,,,0.05,0.01,,99.68,100,,1.4,0.3,0.5,916,0.05,0.15,,0.05,32.7,,0.9,5.3,,1.7,122.35,1.47,0.61,0.75,,,18.4,1.87,0.05,3.6,2.5,0.22,0.01,,17.1,5.9,0.08,1.03,,,,4,14.3,1.8,,2.8,5,3.85,,112.3,0.5,0.1,4,0.05,,2.54,0.5,635.1,0.3,0.27,0.08,4.8,,0.02,0.08,1.4,44,2.3,6.2,0.59,29.6,120,,,,,,,,,39.964943,1.052076,0.303141,4.783427,20.78953,102.435484,5.2925,0.853629,1076.440678,173.619464,11,147.741935,1
LEG-F-10,,Thesis,n/a,Surface Lithogeochemistry of the Relincho Porphyry Copper-Molybdenum Deposit_ Atacama Region_ Chile,MSc Thesis,Greenlaw,2014,Relincho,Relincho,Cu-Mo,CA,Medium,2.4983,,,,,,,,371748,6845463,,,Syn,1,Palaeocene-Lower Eocene,64,,,64,,,,,,Greenlaw_ 2014,Chile,,,,,,,,,hornblende-biotite granodiorite,Porphyry QF1,PQF1,,,,INTRUSIVE,,66.44,16.62,3.22,,2.897356,0.94,3.04,4.38,2.75,0.42,0.15,0.02,,1.7,,,,0.04,0.01,,99.66,449,,3.8,0.1,1,1123,0.1,0.14,,0.08,40.1,,2.9,5.6,,4.6,91.42,1.04,0.63,0.77,,,18.6,2.04,0.05,3.4,2.5,0.2,0.01,,20.8,6.8,0.08,11.14,,,,3.6,17.4,2.9,,1.71,5,4.46,,79.8,5,0.08,4,0.05,,2.82,0.5,665.1,0.2,0.26,0.07,4.7,,0.01,0.09,1.4,49,2.8,6.5,0.53,15.8,123,,,,,,,,,33.213321,0.981465,0.314809,5.91195,28.150625,102.323077,5.407317,0.831895,1254.90566,193.062409,12.25,172.769231,1
LEG-1-08,,Thesis,n/a,Surface Lithogeochemistry of the Relincho Porphyry Copper-Molybdenum Deposit_ Atacama Region_ Chile,MSc Thesis,Greenlaw,2014,Relincho,Relincho,Cu-Mo,CA,Medium,2.4983,,,,,,,,370999,6844484,,,Pre,4,Cretaceous,64,,,64,,,,,,Greenlaw_ 2014,Chile,,,,,,,,,Andesite,Cerrillos Fm,AND,,,,VOLCANIC,,58.3,16.65,7.45,,6.70351,2.83,5.72,3.47,2.92,0.82,0.21,0.12,,1.3,,,,0.03,0.01,,99.78,73,,2,1.3,1,426,0.2,0.02,,0.06,50.1,,11.6,33.1,,2.7,10.02,4.27,2.41,1.09,,,17.5,4.51,0.1,5.9,2.5,0.83,0.01,,23.7,6.2,0.37,0.74,,,,8.1,24,6.7,,1.21,5,5.76,,138,0.5,0.11,18,0.05,,5.02,2,337.7,0.7,0.71,0.01,14.1,,0.1,0.36,3.4,179,2,24.8,2.52,46.3,197,,,,,,,,,38.487282,0.700342,0.047245,2.213404,6.746032,13.616935,1.714213,0.069121,134.007937,5.403546,9.944444,,1
LEG-O-03,,Thesis,n/a,Surface Lithogeochemistry of the Relincho Porphyry Copper-Molybdenum Deposit_ Atacama Region_ Chile,MSc Thesis,Greenlaw,2014,Relincho,Relincho,Cu-Mo,CA,Medium,2.4983,,,,,,,,372999,6844065,,,Pre-Early,2,Palaeocene-Lower Eocene,64,,,100,,,,,,Greenlaw_ 2014,Chile,,,,,,,,,biotite-hornblende quartz diorite,Granodiorite 1a,GRD1a,,,,INTRUSIVE,,66.65,16.66,2.75,,2.47445,1.28,2.89,4.49,2.44,0.46,0.18,0.03,,1.6,,,,0.04,0.01,,99.48,1172,,0.3,3.7,0.5,596,0.1,1.58,,0.08,30.9,,4.7,12.7,,3,2680,1.12,0.45,0.69,,,16.8,1.75,0.05,2.6,2.5,0.19,0.01,,16,12.6,0.07,6.55,,,,3,14.1,5.9,,1.53,5,3.47,,72.5,0.5,0.05,5,0.2,,2.25,1,613.8,0.2,0.22,0.07,3.4,,0.02,0.07,0.7,58,3.7,5.7,0.59,22,111,,,,,,,,,33.513514,1.063071,0.306309,4.237288,19.452192,107.684211,5.52973,0.970128,1040.338983,182.515611,11.6,104.561404,0
LEG-5-03,,Thesis,n/a,Surface Lithogeochemistry of the Relincho Porphyry Copper-Molybdenum Deposit_ Atacama Region_ Chile,MSc Thesis,Greenlaw,2014,Relincho,Relincho,Cu-Mo,CA,Medium,2.4983,,,,,,,,373500,6843010,,,Syn,1,Palaeocene-Lower Eocene,64,,,64,,,,,,Greenlaw_ 2014,Chile,,,,,,,,,hornblende-biotite granodiorite,Porphyry QF1,PQF1,,,,INTRUSIVE,,65.92,16.83,3.26,,2.933348,1.15,3.08,4.48,2.77,0.41,0.15,0.07,,1.7,,,,0.04,0.01,,99.77,167,,1.1,0.1,0.5,766,0.05,0.03,,0.12,40.8,,4.3,7,,1.7,200.7,1.1,0.5,0.75,,,18.5,1.77,0.05,3.3,2.5,0.19,0.01,,21.3,6.7,0.08,0.5,,,,2.7,16,3,,3.45,5,4.49,,56.6,0.5,0.08,4,0.05,,2.84,2,698.2,0.3,0.23,0.01,4.7,,0.01,0.08,1.1,50,8.6,6.1,0.52,122.2,111,,,,,,,,,34.146341,1.022678,0.334337,6.068376,29.381694,114.459016,6.29009,1.031162,1342.692308,220.113493,12.5,125.57377,1
LEG-Z-12,,Thesis,n/a,Surface Lithogeochemistry of the Relincho Porphyry Copper-Molybdenum Deposit_ Atacama Region_ Chile,MSc Thesis,Greenlaw,2014,Relincho,Relincho,Cu-Mo,CA,Medium,2.4983,,,,,,,,370208,6848787,,,Pre,4,Cretaceous,64,,,100,,,,,,Greenlaw_ 2014,Chile,,,,,,,,,Andesite,Cerrillos Fm,AND,,,,VOLCANIC,,55.98,16.92,8.82,,7.936236,3.62,6.43,3.07,1.8,1.15,0.26,0.14,,1.5,,,,0.06,0.01,,99.75,63,,5.4,0.8,2,435,0.2,0.26,,0.005,51.7,,16.9,27.9,,6.7,66.12,5.33,3.33,1.41,,,18.6,5.5,0.05,5,2.5,1.11,0.01,,23.9,21.8,0.47,0.68,,,,9.2,26.2,10.8,,1.35,5,6.48,,62.5,0.5,0.21,25,0.05,,5.92,3,417.5,0.7,0.94,0.01,9.1,,0.14,0.48,2.3,239,1.4,28.1,3.24,51.2,179,,,,,,,,,36.327078,0.755441,0.039637,2.030178,5.291191,14.857651,2.332402,0.083004,128.858025,4.585695,9.56,,0
LEG-E-04,,Thesis,n/a,Surface Lithogeochemistry of the Relincho Porphyry Copper-Molybdenum Deposit_ Atacama Region_ Chile,MSc Thesis,Greenlaw,2014,Relincho,Relincho,Cu-Mo,CA,Medium,2.4983,,,,,,,,370757,6845944,,,Pre,4,Cretaceous,64,,,100,,,,,,Greenlaw_ 2014,Chile,,,,,,,,,Andesite,Cerrillos Fm,AND,,,,VOLCANIC,,53.93,17.04,8.59,,7.729282,5.19,7.78,2.95,1.6,0.97,0.19,0.17,,1.3,,,,0.05,0.01,,99.76,61,,2.1,0.1,0.5,324,0.05,0.01,,0.15,36.9,,20.2,71.1,,3.4,10.17,4.05,2.39,1.1,,,17,4.39,0.05,4.2,6,0.81,0.01,,17.2,17.5,0.32,0.46,,,,8.1,21.5,30,,4.8,5,4.84,,53.8,0.5,0.11,26,0.5,,4.25,1,349.6,0.5,0.69,0.01,7.1,,0.11,0.36,1.6,204,0.5,22.2,2.23,99.9,159,,,,,,,,,38.755708,0.778556,0.059352,2.117588,5.532535,15.747748,2.198742,0.099042,156.7713,7.06177,7.846154,,0
LEG-Z-09,,Thesis,n/a,Surface Lithogeochemistry of the Relincho Porphyry Copper-Molybdenum Deposit_ Atacama Region_ Chile,MSc Thesis,Greenlaw,2014,Relincho,Relincho,Cu-Mo,CA,Medium,2.4983,,,,,,,,365398,6847373,,,Pre,4,Cretaceous,64,,,100,,,,,,Greenlaw_ 2014,Chile,,,,,,,,,Andesite,Cerrillos Fm,AND,,,,VOLCANIC,,50.15,17.13,10.52,,9.465896,4.38,6.67,5.17,0.22,1.19,0.2,0.13,,4.1,,,,0.37,0.01,,99.83,3,,20.5,0.1,4,71,0.2,0.03,,0.02,24.4,,21.2,33,,0.7,1.92,4,2.4,1.14,,,17.3,3.85,0.05,2.6,2.5,0.87,0.01,,11.3,26.3,0.26,0.1,,,,3.3,15.2,14.8,,4.93,5,3.37,,7.7,0.5,0.74,32,0.05,,3.69,0.5,366.2,0.1,0.62,0.01,1.9,,0.01,0.35,0.7,259,0.8,19.8,1.82,63.6,90,,,,,,,,,27.980535,0.924666,0.08637,2.252747,4.453563,18.494949,4.068889,0.205499,201.208791,10.16206,8.09375,,0
LEG-Z-08,,Thesis,n/a,Surface Lithogeochemistry of the Relincho Porphyry Copper-Molybdenum Deposit_ Atacama Region_ Chile,MSc Thesis,Greenlaw,2014,Relincho,Relincho,Cu-Mo,CA,Medium,2.4983,,,,,,,,365240,6845327,,,Pre,4,Cretaceous,64,,,100,,,,,,Greenlaw_ 2014,Chile,,,,,,,,,Andesite,Cerrillos Fm,AND,,,,VOLCANIC,,51.86,17.52,9.95,,8.95301,5,9.24,2.91,0.47,1.04,0.19,0.13,,1.5,,,,0.03,0.01,,99.78,26,,34.7,0.1,2,143,0.2,0.04,,0.02,24.3,,16.8,21.7,,1.8,10.92,3.3,1.92,1.09,,,18.4,3.47,0.05,2.5,2.5,0.77,0.01,,10.8,7.3,0.3,0.23,,,,3.2,15.1,10.3,,1.99,5,3.18,,21,0.5,0.32,31,0.05,,3.28,0.5,478.4,0.2,0.57,0.01,1.8,,0.06,0.3,0.3,304,0.25,19,1.64,28.9,94,,,,,,,,,31.044268,0.987753,0.102389,2.222222,4.72368,25.178947,5.089362,0.267861,291.707317,15.353017,9.806452,,0
LEG-A-04B,,Thesis,n/a,Surface Lithogeochemistry of the Relincho Porphyry Copper-Molybdenum Deposit_ Atacama Region_ Chile,MSc Thesis,Greenlaw,2014,Relincho,Relincho,Cu-Mo,CA,Medium,2.4983,,,,,,,,369998,6846457,,,Pre,4,Cretaceous,64,,,100,,,,,,Greenlaw_ 2014,Chile,,,,,,,,,Andesite,Cerrillos Fm,AND,,,,VOLCANIC,,52.42,17.71,10.31,,9.276938,4.06,6.69,3.57,1.34,1.19,0.2,0.16,,2.1,,,,0.03,0.01,,99.76,355,,2.7,0.5,1,283,0.05,0.17,,0.04,29.1,,18.2,11.5,,1.7,270.6,3.59,2.36,1.14,,,17.5,3.47,0.05,2.2,2.5,0.72,0.01,,13.3,14.1,0.29,0.38,,,,3.6,16.4,6.3,,1.01,5,3.72,,49,0.5,0.07,27,0.05,,3.65,0.5,392.7,0.2,0.6,0.07,2.5,,0.03,0.29,0.8,279,1.4,20.2,2.05,49,99,,,,,,,,,34.482759,0.979304,0.081211,1.97832,4.6537,19.440594,3.966667,0.19637,191.560976,9.483217,10.333333,,0
LEG-E-11,,Thesis,n/a,Surface Lithogeochemistry of the Relincho Porphyry Copper-Molybdenum Deposit_ Atacama Region_ Chile,MSc Thesis,Greenlaw,2014,Relincho,Relincho,Cu-Mo,CA,Medium,2.4983,,,,,,,,370007,6845528,,,Pre,4,Cretaceous,64,,,100,,,,,,Greenlaw_ 2014,Chile,,,,,,,,,Andesite,Cerrillos Fm,AND,,,,VOLCANIC,,52.48,18.01,9.53,,8.575094,4.23,9.62,2.91,0.74,1.06,0.2,0.15,,0.8,,,,0.01,0.01,,99.78,272,,2.2,0.1,1,181,0.05,0.01,,0.07,24.6,,12.7,36,,2.2,245.32,3.05,1.95,1.07,,,17.9,3.72,0.1,2.6,2.5,0.66,0.01,,10.3,8,0.29,0.31,,,,4.6,15.7,13.7,,1.77,5,3.4,,22.4,0.5,0.07,28,0.05,,3.57,0.5,423.2,0.2,0.58,0.01,2,,0.04,0.28,0.5,238,0.25,18.1,1.94,35.7,100,,,,,,,,,28.4,0.897639,0.078659,2.044674,3.808343,23.381215,4.232,0.233812,218.14433,12.052173,8.5,,0
LEG-E-16,,Thesis,n/a,Surface Lithogeochemistry of the Relincho Porphyry Copper-Molybdenum Deposit_ Atacama Region_ Chile,MSc Thesis,Greenlaw,2014,Relincho,Relincho,Cu-Mo,CA,Medium,2.4983,,,,,,,,369973,6845270,,,Pre,4,Cretaceous,64,,,100,,,,,,Greenlaw_ 2014,Chile,,,,,,,,,Andesite,Cerrillos Fm,AND,,,,VOLCANIC,,49.4,18.04,10.28,,9.249944,6.18,9.73,2.5,0.99,1.07,0.19,0.18,,1.2,,,,0.03,0.01,,99.76,70,,0.3,1,1,230,0.3,0.04,,0.03,21.9,,14.8,44.7,,4.4,23.87,3.39,2.09,1.14,,,18.6,3.64,0.05,2.8,2.5,0.75,0.01,,9.7,6.9,0.29,0.27,,,,3.4,15.6,21,,2.21,5,3.14,,38.1,0.5,0.03,29,0.05,,3.55,0.5,417.6,0.2,0.6,0.01,1.9,,0.19,0.31,0.5,258,0.25,19.2,2,28.2,91,,,,,,,,,36.958763,0.969535,0.08241,1.972222,3.478903,21.75,4.589011,0.239011,208.8,10.875,8.896552,,0
LEG-Z-11,,Thesis,n/a,Surface Lithogeochemistry of the Relincho Porphyry Copper-Molybdenum Deposit_ Atacama Region_ Chile,MSc Thesis,Greenlaw,2014,Relincho,Relincho,Cu-Mo,CA,Medium,2.4983,,,,,,,,369630,6850324,,,Pre,4,Cretaceous,64,,,100,,,,,,Greenlaw_ 2014,Chile,,,,,,,,,Andesite,Cerrillos Fm,AND,,,,VOLCANIC,,49.42,18.07,12.81,,11.526438,3.88,4.69,4.21,1.88,1.53,0.36,0.2,,2.5,,,,0.06,0.01,,99.57,724,,1.7,2.6,2,1117,0.6,0.32,,0.09,47.8,,20.7,15.5,,1.7,660.56,6.09,3.87,1.72,,,16.9,6.32,0.05,4.7,2.5,1.28,0.01,,21,32.4,0.58,1.19,,,,6.4,25.6,10.2,,3.55,5,6.4,,50.8,0.5,0.15,31,0.1,,6.62,2,416.5,0.5,1.06,0.01,4.3,,0.01,0.55,1.2,286,2.2,35,3.74,92.8,168,,,,,,,,,39.290587,0.812951,0.036952,1.966726,4.027618,11.9,2.479167,0.070833,111.363636,3.181818,9.225806,,0
LEG-E-02B,,Thesis,n/a,Surface Lithogeochemistry of the Relincho Porphyry Copper-Molybdenum Deposit_ Atacama Region_ Chile,MSc Thesis,Greenlaw,2014,Relincho,Relincho,Cu-Mo,CA,Medium,2.4983,,,,,,,,370236,6845990,,,Pre,4,Cretaceous,64,,,100,,,,,,Greenlaw_ 2014,Chile,,,,,,,,,Andesite,Cerrillos Fm,AND,,,,VOLCANIC,,53.11,18.37,9.15,,8.23317,3.43,7.54,3.73,1.42,1.12,0.23,0.14,,1.5,,,,0.05,0.01,,99.79,138,,8,0.6,1,283,0.05,0.05,,0.05,30.6,,15.6,21,,2.7,114.87,4.25,2.64,1.22,,,18.4,4.9,0.1,4,2.5,0.96,0.01,,13.1,20.7,0.38,0.83,,,,5.3,18.8,9.5,,2.42,5,4.31,,40.8,0.5,0.21,29,0.05,,4.57,1,397.7,0.3,0.78,0.01,5,,0.01,0.41,1.3,229,0.7,26.1,2.67,47.2,152,,,,,,,,,30.086849,0.788183,0.050184,1.901789,3.519335,15.237548,2.616447,0.100247,148.951311,5.706947,7.896552,,0
LEG-A-08B,,Thesis,n/a,Surface Lithogeochemistry of the Relincho Porphyry Copper-Molybdenum Deposit_ Atacama Region_ Chile,MSc Thesis,Greenlaw,2014,Relincho,Relincho,Cu-Mo,CA,Medium,2.4983,,,,,,,,370751,6846248,,,Pre,4,Cretaceous,64,,,100,,,,,,Greenlaw_ 2014,Chile,,,,,,,,,Andesite,Cerrillos Fm,AND,,,,VOLCANIC,,49.32,18.41,10.11,,9.096978,6.11,9.18,3.09,0.96,1.09,0.21,0.22,,1,,,,0.01,0.01,,99.75,185,,1.8,0.1,1,238,0.1,0.04,,0.02,27.5,,14.9,48,,7.9,44.24,3.49,2.51,1.23,,,19.4,3.95,0.05,3.2,2.5,0.92,0.01,,13,10.5,0.32,0.41,,,,5.2,16,19.8,,1.32,5,3.72,,44.1,0.5,0.01,28,0.05,,4.01,0.5,467.6,0.3,0.66,0.01,2.2,,0.13,0.35,0.7,274,1.5,19.6,2.1,28.4,100,,,,,,,,,36.55636,0.944839,0.076487,2.121693,4.440426,23.857143,4.676,0.238571,222.666667,11.360544,9.785714,,0
LEG-E-07B,,Thesis,n/a,Surface Lithogeochemistry of the Relincho Porphyry Copper-Molybdenum Deposit_ Atacama Region_ Chile,MSc Thesis,Greenlaw,2014,Relincho,Relincho,Cu-Mo,CA,Medium,2.4983,,,,,,,,370243,6845758,,,Pre,4,Cretaceous,64,,,100,,,,,,Greenlaw_ 2014,Chile,,,,,,,,,Andesite,Cerrillos Fm,AND,,,,VOLCANIC,,50.4,18.46,10.26,,9.231948,4.5,9.95,3.12,0.69,1.09,0.17,0.17,,1,,,,0.03,0.01,,99.78,236,,3.8,0.1,0.5,227,0.05,0.01,,0.04,20.6,,12.7,48.8,,2.5,60.52,3.35,1.91,1.09,,,18.7,3.41,0.05,1.9,2.5,0.75,0.01,,9.4,8,0.28,0.57,,,,4.9,13.1,7.2,,2.12,5,2.94,,24.3,0.5,0.05,33,0.05,,3.36,0.5,401.8,0.2,0.58,0.01,1.7,,0.01,0.27,0.6,275,0.7,18.9,2.07,39.8,77,,,,,,,,,28.422782,0.984472,0.08085,1.803543,3.257302,21.259259,5.218182,0.276094,194.10628,10.270174,8.333333,,0
LEG-AE-02A,,Thesis,n/a,Surface Lithogeochemistry of the Relincho Porphyry Copper-Molybdenum Deposit_ Atacama Region_ Chile,MSc Thesis,Greenlaw,2014,Relincho,Relincho,Cu-Mo,CA,Medium,2.4983,,,,,,,,375643,6843124,,,Syn,1,Palaeocene-Lower Eocene,64,,,64,,,,,,Greenlaw_ 2014,Chile,,,,,,,,,hornblende-biotite granodiorite,Porphyry QF1,PQF1,,,,INTRUSIVE,,66.29,15.98,2.85,,2.56443,0.92,2.4,4.01,4.27,0.4,0.16,0.09,,2.4,,,,0.24,0.01,,99.73,248,,0.5,0.1,0.5,643,0.3,0.11,,0.19,35.5,,4.7,4.8,,4.8,634.85,1.07,0.43,0.54,,,16.9,1.22,0.05,3.5,2.5,0.19,0.01,,19.2,6.9,0.05,3.49,,,,2.1,13.5,2.7,,6.63,5,3.9,,142.7,0.5,0.25,3,0.05,,2.33,0.5,441,0.1,0.19,0.03,4.6,,0.02,0.05,1.3,61,65.6,4.7,0.44,91.7,115,,,,,,,,,44.741379,0.979173,0.378317,5.883838,31.300345,93.829787,3.834783,0.815911,1002.272727,213.249516,20.333333,136.808511,1
LEG-AE-03,,Thesis,n/a,Surface Lithogeochemistry of the Relincho Porphyry Copper-Molybdenum Deposit_ Atacama Region_ Chile,MSc Thesis,Greenlaw,2014,Relincho,Relincho,Cu-Mo,CA,Medium,2.4983,,,,,,,,376105,6842971,,,Syn,1,Palaeocene-Lower Eocene,64,,,64,,,,,,Greenlaw_ 2014,Chile,,,,,,,,,hornblende-biotite granodiorite,Porphyry QF1,PQF1,,,,INTRUSIVE,,67.85,15.71,3.43,,3.086314,0.88,1.78,3.15,4.23,0.38,0.15,0.17,,1.8,,,,0.03,0.02,,99.58,1214,,0.8,0.1,2,761,0.1,0.11,,0.17,28.8,,5.6,6,,5.7,1430,0.97,0.49,0.7,,,18.2,1.45,0.05,3.5,2.5,0.18,0.03,,15.3,6.1,0.1,3.84,,,,3.4,11.8,2.7,,2.42,5,3.53,,142.9,0.5,0.2,3,0.1,,2.12,0.5,553.8,0.3,0.24,0.08,4.2,,0.02,0.12,1.4,42,8.8,5.5,0.5,243.3,112,,,,,,,,,50.896414,1.22059,0.415001,4.711111,21.949367,100.690909,4.944643,0.899026,1107.6,201.381818,14,138.363636,1
LEG-AE-04A,,Thesis,n/a,Surface Lithogeochemistry of the Relincho Porphyry Copper-Molybdenum Deposit_ Atacama Region_ Chile,MSc Thesis,Greenlaw,2014,Relincho,Relincho,Cu-Mo,CA,Medium,2.4983,,,,,,,,376376,6842910,,,Syn,1,Palaeocene-Lower Eocene,64,,,64,,,,,,Greenlaw_ 2014,Chile,,,,,,,,,hornblende-biotite granodiorite,Porphyry QF1,PQF1,,,,INTRUSIVE,,66.18,16.42,3.32,,2.987336,0.95,2.56,3.79,3.75,0.41,0.16,0.13,,2,,,,0.09,0.01,,99.72,153,,0.3,0.1,0.5,767,0.2,0.03,,0.14,38,,6.1,5.7,,2.4,300.32,0.99,0.46,0.72,,,18.3,1.9,0.05,4.5,2.5,0.2,0.01,,20.3,7.1,0.07,0.52,,,,3.6,16.8,3,,2.71,5,4.44,,111.7,6,0.37,3,0.05,,2.62,0.5,726,0.2,0.22,0.01,4,,0.01,0.08,1.4,47,3.8,6.3,0.54,112.6,122,,,,,,,,,42.533937,0.986572,0.310587,5.390947,26.965151,115.238095,5.95082,0.944575,1344.444444,213.40388,15.666667,121.746032,1
LEG-AE-04B,,Thesis,n/a,Surface Lithogeochemistry of the Relincho Porphyry Copper-Molybdenum Deposit_ Atacama Region_ Chile,MSc Thesis,Greenlaw,2014,Relincho,Relincho,Cu-Mo,CA,Medium,2.4983,,,,,,,,376376,6842910,,,Syn,1,Palaeocene-Lower Eocene,64,,,64,,,,,,Greenlaw_ 2014,Chile,,,,,,,,,hornblende-biotite granodiorite,Porphyry QF1,PQF1,,,,INTRUSIVE,,66.36,16.64,3.27,,2.942346,0.93,2.72,4.16,3.66,0.41,0.17,0.14,,1.3,,,,0.07,0.01,,99.76,125,,0.8,0.1,0.5,762,0.05,0.03,,0.15,39.6,,6.1,6.3,,2.2,172.9,0.86,0.53,0.69,,,19.7,1.76,0.1,4.1,2.5,0.2,0.01,,20.6,7.2,0.06,0.41,,,,2.4,14.1,2.8,,2.01,5,4.5,,96.9,0.5,0.19,3,0.05,,2.75,0.5,743,0.3,0.23,0.01,4.5,,0.01,0.07,1,49,3.5,6.1,0.43,111.6,126,,,,,,,,,40.017437,0.958849,0.37908,7.105943,34.363654,121.803279,5.896825,0.966693,1727.906977,283.263439,16.333333,124.918033,1
LEG-AE-05,,Thesis,n/a,Surface Lithogeochemistry of the Relincho Porphyry Copper-Molybdenum Deposit_ Atacama Region_ Chile,MSc Thesis,Greenlaw,2014,Relincho,Relincho,Cu-Mo,CA,Medium,2.4983,,,,,,,,376551,6842897,,,Syn,1,Palaeocene-Lower Eocene,64,,,64,,,,,,Greenlaw_ 2014,Chile,,,,,,,,,hornblende-biotite granodiorite,Porphyry QF1,PQF1,,,,INTRUSIVE,,66.47,16.39,3.18,,2.861364,1.07,2.3,4.01,3.74,0.41,0.15,0.15,,1.8,,,,0.06,0.01,,99.68,554,,1.1,0.1,1,931,0.3,0.03,,1.69,34.8,,5.3,5.5,,3.4,535.84,0.83,0.43,0.7,,,18.3,1.73,0.05,3.2,2.5,0.2,0.01,,17.8,7,0.06,0.69,,,,3.8,14.2,2.7,,6.31,5,4.01,,117.3,0.5,0.2,4,0.05,,2.53,0.5,734.5,0.4,0.22,0.01,4.4,,0.01,0.06,1.2,41,3.9,4.6,0.38,106.9,123,,,,,,,,,43.255396,1.022912,0.457619,7.397661,33.599822,159.673913,5.971545,1.298162,1932.894737,420.194508,10.25,202.391304,1
LEG-AE-10,,Thesis,n/a,Surface Lithogeochemistry of the Relincho Porphyry Copper-Molybdenum Deposit_ Atacama Region_ Chile,MSc Thesis,Greenlaw,2014,Relincho,Relincho,Cu-Mo,CA,Medium,2.4983,,,,,,,,376629,6842852,,,Syn,1,Palaeocene-Lower Eocene,64,,,64,,,,,,Greenlaw_ 2014,Chile,,,,,,,,,hornblende-biotite granodiorite,Porphyry QF1,PQF1,,,,INTRUSIVE,,68,16.32,2.42,,2.177516,0.88,2.71,4.78,2.98,0.35,0.12,0.03,,1.2,,,,0.05,0.01,,99.81,120,,1.3,1.6,0.5,645,0.05,0.1,,0.56,28,,3.4,6.6,,3,199.81,0.88,0.45,0.57,,,18.3,1.46,0.05,2.7,2.5,0.16,0.04,,15.9,7.5,0.07,1.18,,,,4.1,12.2,2.4,,11.11,5,3.02,,49.5,0.5,0.2,4,0.05,,2.05,0.5,552.5,0.2,0.2,0.04,6.3,,0.01,0.07,0.9,45,0.8,4.5,0.37,36,94,,,,,,,,,34.008811,1.007268,0.462799,6.156156,30.824495,122.777778,5.87766,1.306147,1493.243243,331.831832,11.25,143.333333,1
LEG-AE-12,,Thesis,n/a,Surface Lithogeochemistry of the Relincho Porphyry Copper-Molybdenum Deposit_ Atacama Region_ Chile,MSc Thesis,Greenlaw,2014,Relincho,Relincho,Cu-Mo,CA,Medium,2.4983,,,,,,,,375991,6842612,,,Syn,1,Palaeocene-Lower Eocene,64,,,64,,,,,,Greenlaw_ 2014,Chile,,,,,,,,,hornblende-biotite granodiorite,Porphyry QF1,PQF1,,,,INTRUSIVE,,66.67,17.21,2.67,,2.402466,0.98,3.3,4.68,2.97,0.39,0.15,0.02,,0.8,,,,0.01,0.01,,99.71,200,,0.8,1.3,0.5,752,0.1,0.12,,0.1,31.8,,5.3,9.6,,0.9,729.55,1.34,0.62,0.68,,,18.8,1.89,0.05,3.3,2.5,0.26,0.01,,16.8,6.3,0.11,1.74,,,,3.3,13.7,4.7,,3,5,3.58,,61.1,0.5,0.03,4,0.05,,2.51,0.5,688.3,0.3,0.26,0.03,4.6,,0.03,0.11,0.8,58,0.7,6.2,0.64,19.7,113,,,,,,,,,33.109807,0.954475,0.253533,4.357639,18.829114,111.016129,6.09115,0.982444,1075.46875,173.462702,14.5,121.290323,1
LEG-AF-06,,Thesis,n/a,Surface Lithogeochemistry of the Relincho Porphyry Copper-Molybdenum Deposit_ Atacama Region_ Chile,MSc Thesis,Greenlaw,2014,Relincho,Relincho,Cu-Mo,CA,Medium,2.4983,,,,,,,,377344,6842471,,,Syn,1,Palaeocene-Lower Eocene,64,,,64,,,,,,Greenlaw_ 2014,Chile,,,,,,,,,hornblende-biotite granodiorite,Porphyry QF1,PQF1,,,,INTRUSIVE,,65.81,17.35,3.25,,2.92435,1.03,3.63,4.92,2.49,0.43,0.15,0.05,,0.7,,,,0.01,0.01,,99.8,61,,0.8,0.1,0.5,606,0.05,0.02,,0.06,38.1,,4.7,7.7,,1,193.23,1.19,0.61,0.73,,,19.3,2.01,0.05,2.7,2.5,0.22,0.01,,19.5,7.5,0.09,0.39,,,,3.5,16.2,3.2,,2.09,5,4.19,,57.6,0.5,0.03,4,0.05,,2.74,1,644.9,0.2,0.26,0.01,4.8,,0.02,0.1,1.1,50,3.1,6,0.58,27.1,108,,,,,,,,,29.163215,0.950984,0.278737,5.249042,24.116107,107.483333,5.971296,0.995216,1111.896552,185.316092,12.5,101,1
DDH1034,,Thesis,n/a,Geological and Hydrothermal Fluid Evolution at El Teniente_ Chile,PhD thesis,Vry,2010,El Teniente,El Teniente,Cu-Mo,CA,Giant,128.5322,,,,,,,,,,,,pre,3,Miocene,6.3,,Spencer et al 2015,8.9,1.4,,,,,Vry_ 2010,Chile,,,,,,,,,,Teniente Mafic Complex,,,,,,,53.151183,20.459417,4.87129,,4.383187,4.221784,8.768321,2.598021,2.273269,1.039,0.216502,0.108251,,0.866007,,,,,,,,,,18,,,65.9,1.138411,,,,26.546939,,22.3,62.1,,13.39708,12780,2.968949,1.502019,1.360291,,,20.332235,3.645483,,,,0.580901,,,10.460811,13.126925,0.178995,8.074827,,,,3.392069,16.227053,,,3.337144,,3.875619,,152.071621,,0.457864,26.345011,,,3.972053,2.068357,715,0.611288,0.55728,,2.218915,,,0.210184,2.365229,244.734443,,13.803917,1.238973,34.493339,119.5,,,,,,,,,36.363638,1.092875,0.149954,3.562138,6.056254,51.796892,5.983264,0.433447,577.090865,41.806312,9.289594,,1
DDH1090,,Thesis,n/a,Geological and Hydrothermal Fluid Evolution at El Teniente_ Chile,PhD thesis,Vry,2010,El Teniente,El Teniente,Cu-Mo,CA,Giant,128.5322,,,,,,,,,,,,pre,3,Miocene,6.3,,Spencer et al 2016,8.9,1.4,,,,,Vry_ 2010,Chile,,,,,,,,,,Teniente Mafic Complex,,,,,,,55.947812,18.350882,6.042364,,5.436919,5.37099,5.37099,3.021182,2.573599,0.932,0.223791,0.111896,,1.678434,,,,,,,,,,20.8,,,164.3,1.3338,,,,47.5055,,35.6,,,12.4101,690.4,2.1933,1.1682,1.0551,,,19.256,2.8983,,,,0.4411,,,25.3195,14.7971,0.1291,20.0057,,,,2.6572,19.5268,23.8,,9.3141,,5.5754,,146.9341,,0.7381,15.8366,,,3.5294,1.5726,669,0.6426,0.4267,,6.3054,,,0.1578,0.9233,195.088,,10.7191,0.918,176.5639,122.5,,,,,,,,,48.630135,1.008545,0.186768,4.271847,19.783951,62.411956,5.461224,0.509485,728.75817,67.98688,12.318806,,1
DDH2200,,Thesis,n/a,Geological and Hydrothermal Fluid Evolution at El Teniente_ Chile,PhD thesis,Vry,2010,El Teniente,El Teniente,Cu-Mo,CA,Giant,128.5322,,,,,,,,,,,,pre,3,Miocene,6.3,,Spencer et al 2017,8.9,1.4,,,,,Vry_ 2010,Chile,,,,,,,,,,Teniente Mafic Complex,,,,,,,48.865805,18.2642,5.442973,,4.897587,4.475334,9.676397,4.112469,2.902919,0.815,0.24191,,,1.088595,,,,,,,,,,,,,232.8,0.8477,,,,20.261,,25.4,31.1,,13.8339,31753.5,2.2088,1.0449,0.7748,,,15.4464,2.7811,,,,0.4246,,,9.478,19.6885,0.0951,57.9869,,,,1.2803,11.9006,28.7,,6.696,,2.7376,,162.655,,0.201,18.6059,,,2.8438,1.5445,919,0.356,0.4179,,1.2473,,,0.1319,0.4143,191.871,,10.1322,0.7088,31.7844,63.69,,,,,,,,,34.857143,0.842278,0.202014,4.457926,9.591655,90.700934,14.429267,1.4241,1296.557562,127.964071,10.312374,,1
DDH2459,,Thesis,n/a,Geological and Hydrothermal Fluid Evolution at El Teniente_ Chile,PhD thesis,Vry,2010,El Teniente,El Teniente,Cu-Mo,CA,Giant,128.5322,,,,,,,,,,,,pre,3,Miocene,6.3,,Spencer et al 2018,8.9,1.4,,,,,Vry_ 2010,Chile,,,,,,,,,,Teniente Mafic Complex,,,,,,,49.124066,20.300128,5.495615,,4.944954,4.374061,7.514412,3.588973,2.91604,1.06,0.224311,,,0.448622,,,,,,,,,,,,,180.5,0.7057,,,,19.9138,,26.3,35.5,,11.1935,42620,2.8229,1.4679,1.0146,,,19.3202,3.3153,,,,0.5618,,,8.6498,20.3052,0.1529,90.9393,,,,1.24,12.4737,21.3,,3.4483,,2.8524,,133.7569,,0.1512,27.1656,,,3.2519,1.1698,731,0.3197,0.5145,,1.39,,,0.1963,0.2991,267.6175,,13.2675,1.084,32.4985,69.42,,,,,,,,,39.634145,0.944688,0.148152,3.333231,5.723707,55.097042,10.530107,0.793677,674.354244,50.827529,9.851338,,1
08/2483/12,,Thesis,n/a,Geological and Hydrothermal Fluid Evolution at El Teniente_ Chile,PhD thesis,Vry,2010,El Teniente,El Teniente,Cu-Mo,CA,Giant,128.5322,,,,,,,,,,,,pre-early,2,Miocene,6.3,,Spencer et al 2019,7.05,0.14,,,,,Vry_ 2010,Chile,,,,,,,,,,Sewell Quartz Diorite,,,,,,,64.06771,17.691084,2.79859,,2.518171,1.699144,4.397784,4.997481,2.498741,0.5568,0.199899,,,1.199396,,,,,,,,,,4.4241,,,592.7,1.471897,,,,24.918944,,8.84,11.91,,5.048332,503.743,0.697485,0.30026,0.469219,,,20.854361,1.472602,,,,0.122037,,,13.374348,22.77554,0.027791,2.279538,,,,1.907687,11.477234,9.60056,,5.861812,,2.968766,,95.828685,,0.274886,5.574642,,,1.918058,1.042854,1060,0.2859,0.15889,,3.697062,,,0.034638,1.084842,113.223111,4.242,4.642,0.226453,43.329,179,,,,,,,,,30.882356,0.853544,0.640762,9.411116,42.36382,228.349849,5.921788,1.275697,4680.883009,1008.376348,20.310382,127.682034,1
400N 1780Eá,,Thesis,n/a,Geological and Hydrothermal Fluid Evolution at El Teniente_ Chile,PhD thesis,Vry,2010,El Teniente,El Teniente,Cu-Mo,CA,Giant,128.5322,,,,,,,,,,,,pre-early,2,Miocene,6.3,,Spencer et al 2020,7.05,0.14,,,,,Vry_ 2010,Chile,,,,,,,,,,Sewell Quartz Diorite,,,,,,,61.746102,17.794546,3.889518,,3.499788,1.555807,4.570184,6.320467,1.653045,0.5741,0.194476,0.097238,,1.653045,,,,,,,,,,6.4483,,,546.4,1.236786,,,,28.641953,,10.289,23.62,,3.050089,404.905,1.021444,0.457864,0.642615,,,20.333394,2.014503,,,,0.178331,,,13.57044,8.337245,0.048645,2.292431,,,,2.082205,15.319753,12.649796,,10.271409,,3.749273,,52.588614,,0.977714,5.820144,,,2.705663,0.851237,2300,0.2913,0.222463,,1.903673,,,0.056368,0.913422,113.466831,5.817336,7.402,0.363583,124.881,100,,,,,,,,,22.758618,0.841499,0.393459,8.268517,26.772624,310.726831,23,3.107268,6325.92833,854.6242,19.495537,73.817887,1
DDH2487,,Thesis,n/a,Geological and Hydrothermal Fluid Evolution at El Teniente_ Chile,PhD thesis,Vry,2010,El Teniente,El Teniente,Cu-Mo,CA,Giant,128.5322,,,,,,,,,,,,syn,1,Miocene,6.3,,Spencer et al 2021,5.67,0.19,,,,,Vry_ 2010,Chile,,,,,,,,,,A Porphyry,,,,,,,55.663117,15.097036,2.881114,,2.592426,1.382935,13.94459,3.687826,4.840271,0.3666,0.115245,,,0.691467,,,,,,,,,,5.1655,,,551.6,0.6764,,,,53.365485,,6.363,15.04,,5.515807,9720,1.560814,0.649919,0.673077,,,15.535944,3.458014,,,,0.274265,,,24.13975,7.262787,0.053161,2.720097,,,,1.143878,27.787354,9.251309,,6.371828,,6.82652,,123.462243,,0.20298,3.417539,,,4.513995,0.915224,1260,0.5012,0.364579,,1.139851,,,0.071687,0.308196,114.433447,6.060411,13.898,0.427608,44.638,76,,,,,,,,,26.086958,0.520828,0.207061,11.729318,40.493706,90.660527,16.578947,1.192902,2946.624011,212.017845,33.484167,,1
DDH2487á,,Thesis,n/a,Geological and Hydrothermal Fluid Evolution at El Teniente_ Chile,PhD thesis,Vry,2010,El Teniente,El Teniente,Cu-Mo,CA,Giant,128.5322,,,,,,,,,,,,syn,1,Miocene,6.3,,Spencer et al 2022,5.67,0.19,,,,,Vry_ 2010,Chile,,,,,,,,,,A Porphyry,,,,,,,58.198507,14.252696,3.919491,,3.526758,1.900359,9.264252,2.969312,6.413713,0.482,0.356317,,,0.712635,,,,,,,,,,,,,534.8,0.6285,,,,54.7756,,35.9,,,10.3525,12946.1,2.095,0.8912,0.8038,,,19.6316,3.8454,,,,0.3786,,,24.5368,9.9475,0.0836,2.9959,,,,2.4299,30.2605,,,5.155,,7.5993,,197.4843,,0.293,6.4935,,,5.2862,1.2148,769,0.7511,0.4839,,6.9219,,,0.1125,1.0633,167.1301,,10.7534,0.597,32.7978,88.85,,,,,,,,,40.462426,0.545041,0.155204,9.838452,29.481133,71.512266,8.655037,0.804865,1288.107203,119.78604,25.738061,,1
DDH2487á,,Thesis,n/a,Geological and Hydrothermal Fluid Evolution at El Teniente_ Chile,PhD thesis,Vry,2010,El Teniente,El Teniente,Cu-Mo,CA,Giant,128.5322,,,,,,,,,,,,syn,1,Miocene,6.3,,Spencer et al 2023,5.67,0.19,,,,,Vry_ 2010,Chile,,,,,,,,,,A Porphyry,,,,,,,49.648581,20.391382,8.311704,,7.478871,5.430314,7.757591,3.213859,2.548923,1.246,0.221645,0.110823,,1.108227,,,,,,,,,,44.8,,,187.7,0.7833,,,,21.2651,,36.7,28.2,,14.0477,341.9,2.9404,1.6478,0.9622,,,21.6657,3.1723,,,,0.6071,,,8.97,13.4798,0.2144,2.11,,,,2.6319,12.938,26.5,,3.6596,,2.957,,137.7314,,0.4395,26.6983,,,3.2034,1.6362,808,0.4734,0.5207,,1.7328,,,0.2334,0.341,253.1258,,15.0221,1.3818,47.707,79.88,,,,,,,,,42.105265,0.922776,0.113527,2.575867,4.656374,53.78742,10.115173,0.673353,584.744536,38.925619,9.480971,,1
DDH1824,,Thesis,n/a,Geological and Hydrothermal Fluid Evolution at El Teniente_ Chile,PhD thesis,Vry,2010,El Teniente,El Teniente,Cu-Mo,CA,Giant,128.5322,,,,,,,,,,,,syn,1,Miocene,6.3,,Spencer et al 2024,6.09,0.18,,,,,Vry_ 2010,Chile,,,,,,,,,,Central Dacite,,,,,,,68.525546,16.60892,1.759886,,1.583545,1.209921,2.089864,1.649893,5.499643,0.217,0.219986,,,1.319914,,,,,,,,,,3.227323,,,747.166265,1.14428,,,,32.798968,,3.796344,14.863492,,3.086059,8150,0.583425,0.315526,0.182056,,,16.060238,1.08128,,0.116383,,0.110538,,,14.336186,8.244948,0.045,135.746876,,,,8.661425,11.462762,7.839731,,10.351059,,3.460667,,159.474884,,0.144995,3.975208,,,1.417114,1.112858,383.187013,0.141039,0.113935,,2.85994,,,0.049,2.553991,71.731034,11.882892,3.042927,0.356964,27.11,138,,,,,,,,,64.210526,0.449632,0.214132,4.411008,28.807779,125.927113,2.776717,0.912515,1073.461226,352.772586,18.044599,245.541962,1
DDH2240,,Thesis,n/a,Geological and Hydrothermal Fluid Evolution at El Teniente_ Chile,PhD thesis,Vry,2010,El Teniente,El Teniente,Cu-Mo,CA,Giant,128.5322,,,,,,,,,,,,Syn,1,Miocene,6.3,,Spencer et al 2025,6.09,0.18,,,,,Vry_ 2010,Chile,,,,,,,,,,Northern Dacite,,,,,,,64.687671,16.583766,1.317915,,1.18586,0.988436,2.416178,2.965309,8.127144,0.325,0.219653,,,1.647394,,,,,,,,,,,,,897.3,0.9613,,,,12.1535,,40.2,10.3,,3.9959,5529,0.4898,0.2271,0.4159,,,15.2709,0.7659,,,,0.0938,,,6.4202,8.5996,0.0256,343.1367,,,,1.1143,5.548,,,15.5329,,1.4462,,188.907,,0.204,3.8495,,,1.0315,1.298,747,0.6405,0.1067,,3.3471,,,0.0328,1.0173,86.617,,2.3915,0.1861,19.8711,110.8,,,,,,,,,62.878788,1.430513,1.306756,6.158577,24.745872,312.356262,6.741877,2.8191,4013.970983,1678.432358,22.500844,375.203847,1
DDH2195,,Thesis,n/a,Geological and Hydrothermal Fluid Evolution at El Teniente_ Chile,PhD thesis,Vry,2010,El Teniente,El Teniente,Cu-Mo,CA,Giant,128.5322,,,,,,,,,,,,Syn,1,Miocene,6.3,,Spencer et al 2026,6.09,0.18,,,,,Vry_ 2010,Chile,,,,,,,,,,Northern Dacite,,,,,,,68.267292,16.148054,1.002293,,0.901863,1.002293,2.895513,5.456929,2.895513,0.269,0.222732,,,1.670488,,,,,,,,,,,,,474.1,1.026,,,,10.6144,,57.6,,,2.8996,2941,0.6383,0.324,0.443,,,13.787,0.8695,,,,0.1282,,,6.1835,7.5316,0.0332,150.6857,,,,1.104,4.7202,,,3.5049,,1.236,,82.5049,,0.1586,2.9594,,,0.9801,1.0739,601,0.9445,0.1259,,2.8159,,,0.0426,0.2163,62.6383,,3.1389,0.2491,23.7394,117.3,,,,,,,,,31.81818,1.467092,1.001227,4.371738,17.805789,191.468349,5.123615,1.632296,2412.685668,768.640501,21.165878,151.040173,1
DDH2193,,Thesis,n/a,Geological and Hydrothermal Fluid Evolution at El Teniente_ Chile,PhD thesis,Vry,2010,El Teniente,El Teniente,Cu-Mo,CA,Giant,128.5322,,,,,,,,,,,,syn,1,Miocene,6.3,,Spencer et al 2027,5.28,0.1,,,,,Vry_ 2010,Chile,,,,,,,,,,Teniente Dacite Porphyry,,,,,,,72.066585,16.353138,,,,0.789462,3.157847,1.691704,3.157847,0.196,0.11278,,,1.917264,,,,,,,,,,14.30535,,,575.778313,1.489511,,,,22.677349,,1.729443,7.453968,,6.371399,3680,0.630575,0.231056,0.336536,,,17.968143,1.200852,,,,0.09987,,,10.980425,6.241435,0.03,26.454388,,,,2.687978,10.37196,4.334161,,9.367391,,2.645271,,95.500811,,1.389782,3.084953,,,1.739601,,639.102597,0.212823,0.131397,,2.611901,,,0.036,0.454157,64.252925,5.958886,2.806732,0.181086,23.361,89,,,,,,,,,44.871795,0.711845,0.668266,10.673879,43.494551,227.703463,7.180928,2.558466,3529.276681,1257.43273,20.827846,,1
DDH1954,,Thesis,n/a,Geological and Hydrothermal Fluid Evolution at El Teniente_ Chile,PhD thesis,Vry,2010,El Teniente,El Teniente,Cu-Mo,CA,Giant,128.5322,,,,,,,,,,,,syn,1,Miocene,6.3,,Spencer et al 2028,5.28,0.1,,,,,Vry_ 2010,Chile,,,,,,,,,,Teniente Dacite Porphyry,,,,,,,72.091778,16.293188,,,,0.892777,2.901527,1.673958,3.57111,0.216,0.111597,,,1.339166,,,,,,,,,,3.081976,,,647.112048,1.341684,,,,35.677108,,1.885113,6.825397,,3.39445,8080.074074,0.617784,0.209791,0.225954,,,17.968964,1.353849,,,,0.088395,,,16.797234,6.281626,0.024,18.686097,,,,4.164805,15.079168,4.176929,,13.119411,,4.032614,,85.760433,,0.356875,3.0026,,,2.113061,0.561923,733.377922,0.157998,0.134106,,3.469529,,,0.031,0.876253,59.70102,11.932173,2.546266,0.171413,33.511,138,,,,,,,,,49.382712,0.408416,0.405049,13.69701,70.29017,288.020938,5.314333,2.087108,4278.426502,1680.274764,19.883108,,1
DDH1954,,Thesis,n/a,Geological and Hydrothermal Fluid Evolution at El Teniente_ Chile,PhD thesis,Vry,2010,El Teniente,El Teniente,Cu-Mo,CA,Giant,128.5322,,,,,,,,,,,,syn,1,Miocene,6.3,,Spencer et al 2029,5.28,0.1,,,,,Vry_ 2010,Chile,,,,,,,,,,Teniente Dacite Porphyry,,,,,,,71.420625,16.798309,,,,0.889977,3.114918,1.668706,2.892424,0.275,0.111247,,,2.558683,,,,,,,,,,7.921008,,,568.381928,1.537486,,,,20.670216,,2.259567,5.555556,,4.286664,2900,0.536624,0.201878,0.251684,,,19.790437,0.957582,,0.101276,,0.083082,,,10.55863,5.060017,0.022,64.114378,,,,10.109674,8.574149,3.839243,,6.032692,,2.291239,,106.518748,,0.516856,3.012122,,,1.36322,0.488591,610.906494,0.167809,0.105138,,2.397694,,,0.029,0.669235,69.124579,17.079349,2.376382,0.162976,28.626,109,,,,,,,,,44.155848,0.673455,0.702479,9.293938,46.471265,257.074197,5.604647,2.358479,3748.444519,1577.374563,22.948798,,1
Diablo sector drift21,,Thesis,n/a,Geological and Hydrothermal Fluid Evolution at El Teniente_ Chile,PhD thesis,Vry,2010,El Teniente,El Teniente,Cu-Mo,CA,Giant,128.5322,,,,,,,,,,,,Syn,1,Miocene,6.3,,Spencer et al 2030,4.82,0.09,,,,,Vry_ 2010,Chile,,,,,,,,,,Dacite Dykes,,,,,,,67.37486,15.905209,2.173383,,1.95561,0.691531,3.457654,1.383062,4.939506,0.3124,0.09879,0.09879,,3.655234,,,,,,,,,,134.2034,,,661.5,1.422535,,,,27.46093,,4.999,8.9,,7.241023,246.795,0.504335,0.181731,0.357796,,,17.504772,1.339524,,,,0.071579,,,14.406987,7.859983,0.011632,1.429892,,,,2.048654,12.104824,2.405854,,29.636637,,3.260329,,189.579572,,11.716209,2.496918,,,1.91335,0.900107,264.02,0.331,0.132322,,2.020718,,,0.017994,0.574422,49.987672,4.092436,2.848,0.12069,48.691,105,,,,,,,,,53.773585,0.683261,0.962419,17.614918,85.625368,92.703652,2.514476,0.882892,2187.588035,768.113776,20.019749,232.268258,1
DDH2312,,Thesis,n/a,Geological and Hydrothermal Fluid Evolution at El Teniente_ Chile,PhD thesis,Vry,2010,El Teniente,El Teniente,Cu-Mo,CA,Giant,128.5322,,,,,,,,,,,,pre,3,,6.3,,Spencer et al 2031,8.2,1.4,,,,,Vry_ 2010,Chile,,,,,,,,,,Andesite Dike,,,,,,,58.320393,17.758459,5.95312,,5.356617,3.834213,6.356721,4.237814,1.715306,0.8699,0.302701,0.1009,,0.605402,,,,,,,,,,7.957,,,413.7,1.298163,,,,36.410032,,21.588,74.56,,2.532142,77.065,1.713748,0.830064,0.948572,,,19.655842,3.01,,,,0.321221,,,16.368282,20.013682,0.10543,3.767731,,,,3.388966,19.791956,44.040361,,12.576508,,4.823243,,34.421038,,0.929861,10.688417,,,3.776483,1.071508,2350,0.7234,0.361361,,2.278224,,,0.107443,0.609646,137.447033,0.002817,12.173,0.714674,129.43,126,,,,,,,,,34.375003,0.860136,0.204601,5.871337,16.428416,193.050193,18.650794,1.532144,3288.212528,270.123431,12.859438,,1
DDH2428,,Thesis,n/a,Geological and Hydrothermal Fluid Evolution at El Teniente_ Chile,PhD thesis,Vry,2010,El Teniente,El Teniente,Cu-Mo,CA,Giant,128.5322,,,,,,,,,,,,pre,3,,6.3,,Spencer et al 2032,8.2,1.4,,,,,Vry_ 2010,Chile,,,,,,,,,,Andesite Dike,,,,,,,60.938862,16.946166,5.499087,,4.948078,4.040146,5.611313,1.683394,1.571168,0.829,0.336679,0.112226,,2.244525,,,,,,,,,,6.616161,,,375.236145,1.227247,,,,37.029249,,19.575518,63.974603,,0.587917,57.324691,1.823483,0.827965,0.948024,,,21.507747,2.90707,,3.049314,,0.309356,,,16.167695,10.622752,0.10346,1.530625,,,,5.136085,19.576884,50.526254,,7.638738,,4.67306,,27.58024,,0.309346,11.636356,,,3.779987,0.836304,889.063636,0.317947,0.347608,,2.206459,,,0.115337,0.575267,149.826246,,8.68344,0.767799,79.29,135,,,,,,,,,43.478265,0.874319,0.193585,5.470163,15.104319,102.386109,6.585657,0.758416,1157.937997,133.350147,12.875701,43.212845,1
ET4,,Thesis,n/a,Magmatic and tectonic characterization of the El Teniente regi¾n.,CODELCO Internal Report,Kay & Kurtz,1995,El Teniente,El Teniente,Cu-Mo,CA,Giant,128.5322,,,,,,,,,,,,Syn,1,Miocene,6.3,,Spencer et al 2073,4.82,0.09,,,,,Kay & Kurtz (1995),Chile,,,,,,,,,,Dacite Dykes,,,,,,,66.74,17.57,2.52,,2.267496,1.27,4.17,5.09,2.03,0.43,0.16,0.02,,,,,,,,,,,,,,,,,,,,31.3,,,,,,,,,0.63,,,,,,,,,,,14.7,,0.056,,,,,,15.3,,,,,,,,,,,,,2.53,,,,0.215,,,,,,,,,,0.495,,,,,,,,,,,26.273885,,,,,,,,,,,,1
ET10,,Thesis,n/a,Magmatic and tectonic characterization of the El Teniente regi¾n.,CODELCO Internal Report,Kay & Kurtz,1995,El Teniente,El Teniente,Cu-Mo,CA,Giant,128.5322,,,,,,,,,,,,syn,1,Miocene,6.3,,Spencer et al 2074,5.28,0.1,,,,,Kay & Kurtz (1995),Chile,,,,,,,,,,Teniente Dacite Porphyry,,,,,,,68.59,17.27,2.41,,2.168518,0.93,2.61,5.19,2.68,0.39,0.15,0.02,,,,,,,,,,,,,,,842,,,,,33.3,,4,4,,6.2,,,,0.529,,,,,,2.9,,,,,16,,0.036,,,,,,13.8,4,,,,,,,,,3,,,2.4,,617,0.21,0.166,,4.2,,,,1.3,,,,0.259,,,,,,,,,,,31.638913,,,,,,,,,,,,1
ET11,,Thesis,n/a,Magmatic and tectonic characterization of the El Teniente regi¾n.,CODELCO Internal Report,Kay & Kurtz,1995,El Teniente,El Teniente,Cu-Mo,CA,Giant,128.5322,,,,,,,,,,,,syn,1,Miocene,6.3,,Spencer et al 2075,5.28,0.1,,,,,Kay & Kurtz (1995),Chile,,,,,,,,,,Teniente Dacite Porphyry,,,,,,,69.75,16.73,0.64,,0.575872,0.73,3.09,5.05,3.46,0.37,0.13,0.04,,,,,,,,,,,,,,,780,,,,,13.4,,3,3,,9,,,,0.458,,,,,,3.3,,,,,6.85,,0.048,,,,,,6.67,2,,,,,,,,,3,,,1.4,,430,0.21,0.127,,4.3,,,,1.8,,,,0.369,,,,,,,,,,,33.982157,,,,,,,,,,,,1
go-1,,Thesis,n/a,PetrografÝa y alteraci¾n del P¾rfido Dacitico_ yacimiento El Teniente,Thesis,Ossand¾n,1974,El Teniente,El Teniente,Cu-Mo,CA,Giant,128.5322,,,,,,,,,,,,syn,1,Miocene,6.3,,Spencer et al 2076,5.28,0.1,,,,,Ossand¾n (1974),Chile,,,,,,,,,,Teniente Dacite Porphyry,,,,,,,68.03,17.57,2.02,0.99,2.807596,0.66,2.37,5.12,2.18,0.24,0.05,0.02,,1.02,,,,,,,,,,,,,,,,,,,,,,,,,,,,,,,,,,,,,,,,,,,,,,,,,,,,,,,,,,,,,,,,,,,,,,,,,,,,,,,,,,,,27.49274,,,,,,,,,,,,1
go-3,,Thesis,n/a,PetrografÝa y alteraci¾n del P¾rfido Dacitico_ yacimiento El Teniente,Thesis,Ossand¾n,1974,El Teniente,El Teniente,Cu-Mo,CA,Giant,128.5322,,,,,,,,,,,,syn,1,Miocene,6.3,,Spencer et al 2077,5.28,0.1,,,,,Ossand¾n (1974),Chile,,,,,,,,,,Teniente Dacite Porphyry,,,,,,,64,14.31,0.93,,0.836814,0.74,2.5,3.54,4.95,0.14,0.26,,,2.24,,,,,,,,,,,,,,,,,,,,,,,,,,,,,,,,,,,,,,,,,,,,,,,,,,,,,,,,,,,,,,,,,,,,,,,,,,,,,,,,,,,,48.508099,,,,,,,,,,,,1
ET-1140A 1495-1500,,Thesis,n/a,Estudio petrogrßfico_ mineraloquÝmico y geoquÝmico_ de los cuerpos intrusivos de Sewell y La Huifa en el sector del Yacimiento El Teniente_ VI Regi¾n_ Chile,Thesis,Reich,2000,El Teniente,El Teniente,Cu-Mo,CA,Giant,128.5322,,,,,,,,,,,,pre-early,2,Miocene,6.3,,Spencer et al 2078,7.05,0.14,,,,,Reich (2000),Chile,,,,,,,,,,Sewell Quartz Diorite,,,,,,,61.35,18.67,4.16,,3.743168,1.72,4.6,5.73,1.62,0.582,0.22,0.075,,1.35,,,,,,,,0.2,,,,,510,,,,,35.6,,30.7,22.7,,3.6,539,1.15,0.57,0.898,,,,2.1,,2.5,,0.2,,,16.4,,0.06,13,,,,,17.5,12,,,,4.2,,64,,,6.1,,,3.11,0.5,942,0.7,0.25,,2.32,,,0.075,1.42,117,,5.7,0.43,108,82,,,,,,,,,24.433065,,,,,,,,,,,,1
ET-1140B 1646-1675,,Thesis,n/a,Estudio petrogrßfico_ mineraloquÝmico y geoquÝmico_ de los cuerpos intrusivos de Sewell y La Huifa en el sector del Yacimiento El Teniente_ VI Regi¾n_ Chile,Thesis,Reich,2000,El Teniente,El Teniente,Cu-Mo,CA,Giant,128.5322,,,,,,,,,,,,pre-early,2,Miocene,6.3,,Spencer et al 2079,7.05,0.14,,,,,Reich (2000),Chile,,,,,,,,,,Sewell Quartz Diorite,,,,,,,63.96,17.78,3.69,,3.320262,1.45,4.22,5.58,1.92,0.56,0.2,0.054,,1.03,,,,,,,,0.2,,,,,605,,,,,38,,82.8,10.5,,2.6,397,1.26,0.6,0.893,,,,2.08,,3.4,,0.22,,,18.2,,0.068,6,,,,,17.5,8,,,,4.33,,68,,,5.7,,,3.09,0.5,794,2,0.25,,4.16,,,0.08,1.65,96,,6.4,0.51,74,125,,,,,,,,,25.588459,,,,,,,,,,,,1
ET-1136B 1736-1780,,Thesis,n/a,Estudio petrogrßfico_ mineraloquÝmico y geoquÝmico_ de los cuerpos intrusivos de Sewell y La Huifa en el sector del Yacimiento El Teniente_ VI Regi¾n_ Chile,Thesis,Reich,2000,El Teniente,El Teniente,Cu-Mo,CA,Giant,128.5322,,,,,,,,,,,,pre-early,2,Miocene,6.3,,Spencer et al 2080,7.05,0.14,,,,,Reich (2000),Chile,,,,,,,,,,Sewell Quartz Diorite,,,,,,,62.89,18.37,3.6,,3.23928,1.39,4.26,5.81,1.74,0.526,0.21,0.065,,1.43,,,,,,,,0.2,,,,,587,,,,,35.9,,60.6,15,,3,379,1.13,0.54,0.845,,,,1.99,,2.6,,0.2,,,16.6,,0.055,4,,,,,16.5,8,,,,4.11,,62,,,5.5,,,2.9,0.5,945,1.3,0.25,,2.76,,,0.067,1.11,93,,6,0.41,76,101,,,,,,,,,23.712121,,,,,,,,,,,,1
ET1141 1355-1360,,Thesis,n/a,Estudio petrogrßfico_ mineraloquÝmico y geoquÝmico_ de los cuerpos intrusivos de Sewell y La Huifa en el sector del Yacimiento El Teniente_ VI Regi¾n_ Chile,Thesis,Reich,2000,El Teniente,El Teniente,Cu-Mo,CA,Giant,128.5322,,,,,,,,,,,,pre-early,2,Miocene,6.3,,Spencer et al 2081,7.05,0.14,,,,,Reich (2000),Chile,,,,,,,,,,Sewell Quartz Diorite,,,,,,,60.55,18.98,4.01,,3.608198,1.64,5.01,5.97,1.43,0.62,0.23,0.091,,1.66,,,,,,,,0.2,,,,,577,,,,,36,,68.7,19.1,,3.6,371,1.17,0.5,0.965,,,,2.11,,2.6,,0.2,,,16.9,,0.055,79,,,,,17.2,10,,,,4.14,,48,,,6.2,,,3.1,0.5,1010,1.4,0.24,,2.04,,,0.064,1.01,112,,5.4,0.39,95,97,,,,,,,,,21.850534,,,,,,,,,,,,1
ET-1116 1420-1480,,Thesis,n/a,Estudio petrogrßfico_ mineraloquÝmico y geoquÝmico_ de los cuerpos intrusivos de Sewell y La Huifa en el sector del Yacimiento El Teniente_ VI Regi¾n_ Chile,Thesis,Reich,2000,El Teniente,El Teniente,Cu-Mo,CA,Giant,128.5322,,,,,,,,,,,,pre-early,2,Miocene,6.3,,Spencer et al 2082,7.05,0.14,,,,,Reich (2000),Chile,,,,,,,,,,Sewell Quartz Diorite,,,,,,,64.71,17.12,3.18,,2.861364,1.41,4.05,5.29,1.96,0.514,0.15,0.05,,1.05,,,,,,,,0.2,,,,,588,,,,,35.5,,92.5,12.6,,2.7,272,1.19,0.61,0.807,,,,1.98,,3.4,,0.22,,,16.6,,0.072,79,,,,,15.9,8,,,,4.07,,59,,,5.7,,,2.75,0.5,702,2.1,0.25,,4.78,,,0.086,1.84,88,,6.3,0.5,102,123,,,,,,,,,26.514555,,,,,,,,,,,,1
ET-1144 1418-1425,,Thesis,n/a,Estudio petrogrßfico_ mineraloquÝmico y geoquÝmico_ de los cuerpos intrusivos de Sewell y La Huifa en el sector del Yacimiento El Teniente_ VI Regi¾n_ Chile,Thesis,Reich,2000,El Teniente,El Teniente,Cu-Mo,CA,Giant,128.5322,,,,,,,,,,,,pre-early,2,Miocene,6.3,,Spencer et al 2083,7.05,0.14,,,,,Reich (2000),Chile,,,,,,,,,,Sewell Quartz Diorite,,,,,,,65.46,17.44,3.11,,2.798378,1.07,3.63,5.62,1.78,0.453,0.18,0.06,,1.34,,,,,,,,0.2,,,,,605,,,,,45.1,,79.2,12,,2.9,241,1.23,0.56,0.945,,,,2.1,,4,,0.2,,,21.5,,0.066,6,,,,,19.2,6,,,,4.89,,62,,,4.4,,,3.3,0.5,816,2.1,0.26,,4.07,,,0.077,2.32,75,,6.5,0.49,85,121,,,,,,,,,23.553719,,,,,,,,,,,,1
ET-1107 919-1010,,Thesis,n/a,Estudio petrogrßfico_ mineraloquÝmico y geoquÝmico_ de los cuerpos intrusivos de Sewell y La Huifa en el sector del Yacimiento El Teniente_ VI Regi¾n_ Chile,Thesis,Reich,2000,El Teniente,El Teniente,Cu-Mo,CA,Giant,128.5322,,,,,,,,,,,,pre-early,2,Miocene,6.3,,Spencer et al 2084,7.05,0.14,,,,,Reich (2000),Chile,,,,,,,,,,Sewell Quartz Diorite,,,,,,,63.53,16.14,4.3,,3.86914,1.14,1.91,1.24,4.67,0.41,0.17,0.04,,5.51,,,,,,,,2,,,,,6127,,,,,25.9,,45.1,16.1,,5.6,10313,0.85,0.39,0.482,,,,1.5,,3,,0.2,,,11.4,,0.053,28,,,,,12.5,9,,,,3.02,,191,,,3.9,,,2.1,3,294,0.9,0.17,,3.4,,,0.055,2.03,102,,4.4,0.36,433,97,,,,,,,,,64.84375,,,,,,,,,,,,1
DDH1716 563-566ft,,Thesis,n/a,Porfido Teniente: dos fases intrusivas caracteristicas geol¾gicas_ Petrogrßficas y geoquÝmicas_ Yacimiento El Teniente.,Conference Proceedings,Rojas,2003,El Teniente,El Teniente,Cu-Mo,CA,Giant,128.5322,,,,,,,,,,,,syn,1,Miocene,6.3,,Spencer et al 2100,5.28,0.1,,,,,Rojas (2003),Chile,,,,,,,,,,Teniente Dacite Porphyry,,,,,,,65.5,16.77,2.18,,1.961564,0.85,3.11,5.32,2.48,0.35,0.14,0.01,,1.79,,,,,0.22,,,,,,,,677,,,,,31.1,,20,,,3.8,758,0.8,0.4,0.54,,,,1.4,,2.9,,0.1,,,16.9,,0.06,,,,,,14.4,,,10,,3.65,,57,,,3,,,2.3,,740,3.9,0.2,,4.5,,,0.06,1.4,55,218,3,0.4,,102,,,,,,,,,28.316327,,,,,,,,,,,,1
DDH1943 273-276ft,,Thesis,n/a,Porfido Teniente: dos fases intrusivas caracteristicas geol¾gicas_ Petrogrßficas y geoquÝmicas_ Yacimiento El Teniente.,Conference Proceedings,Rojas,2003,El Teniente,El Teniente,Cu-Mo,CA,Giant,128.5322,,,,,,,,,,,,syn,1,Miocene,6.3,,Spencer et al 2101,5.28,0.1,,,,,Rojas (2003),Chile,,,,,,,,,,Teniente Dacite Porphyry,,,,,,,64.1,16.41,0.79,,0.710842,0.87,3.27,6.09,2.38,0.37,0.14,0.01,,3.6,,,,,0.85,,,,,,,,557,,,,,28.1,,14,,,5.1,2550,0.9,0.4,0.57,,,,1.6,,2.5,,0.2,,,15.3,,0.06,9,,,,,14.1,,,,,3.43,,64,,,3,,,2.3,,737,3.1,0.2,,3.9,,,0.06,0.9,60,188,5,0.4,,91,,,,,,,,,25.773196,,,,,,,,,,,,1
DDH1913 394-397ft,,Thesis,n/a,Porfido Teniente: dos fases intrusivas caracteristicas geol¾gicas_ Petrogrßficas y geoquÝmicas_ Yacimiento El Teniente.,Conference Proceedings,Rojas,2003,El Teniente,El Teniente,Cu-Mo,CA,Giant,128.5322,,,,,,,,,,,,syn,1,Miocene,6.3,,Spencer et al 2102,5.28,0.1,,,,,Rojas (2003),Chile,,,,,,,,,,Teniente Dacite Porphyry,,,,,,,65.76,17.03,2.07,,1.862586,0.72,3.19,5.47,2.41,0.36,0.13,0.01,,1.66,,,,,0.19,,,,,,,,680,,,,,26,,28,,,4.5,316,0.8,0.4,0.54,,,,1.4,,3,,0.1,,,13.7,,0.05,3,,,,,12.3,,,8,,3.13,,54,,,3,,,2.1,,825,6.1,0.2,,4,,,0.06,1.3,53,330,3,0.4,,105,,,,,,,,,26.547922,,,,,,,,,,,,1
DDH1125 279-282ft,,Thesis,n/a,Porfido Teniente: dos fases intrusivas caracteristicas geol¾gicas_ Petrogrßficas y geoquÝmicas_ Yacimiento El Teniente.,Conference Proceedings,Rojas,2003,El Teniente,El Teniente,Cu-Mo,CA,Giant,128.5322,,,,,,,,,,,,syn,1,Miocene,6.3,,Spencer et al 2103,5.28,0.1,,,,,Rojas (2003),Chile,,,,,,,,,,Teniente Dacite Porphyry,,,,,,,63.64,16.77,2.74,,2.465452,1.01,3.53,5.29,2.35,0.42,0.16,0.01,,2.87,,,,,0.89,,,,,11,,,627,,,,,30.4,,34,,,3.5,1660,0.9,0.4,0.63,,,,1.7,,2.4,,0.2,,,15.6,,0.06,5,,,,,15.5,,,14,,3.75,,68,,0.7,4,,,2.6,,835,4.8,0.2,,3.6,,,0.06,2.2,80,292,4,0.4,54,88,,,,,,,,,27.586207,,,,,,,,,,,,1
DDH1475 9-10m,,Thesis,n/a,Porfido Teniente: dos fases intrusivas caracteristicas geol¾gicas_ Petrogrßficas y geoquÝmicas_ Yacimiento El Teniente.,Conference Proceedings,Rojas,2003,El Teniente,El Teniente,Cu-Mo,CA,Giant,128.5322,,,,,,,,,,,,syn,1,Miocene,6.3,,Spencer et al 2104,5.28,0.1,,,,,Rojas (2003),Chile,,,,,,,,,,Teniente Dacite Porphyry,,,,,,,66.36,16.9,1.51,,1.358698,0.83,3.17,5.65,2.72,0.36,0.14,0.01,,1.82,,,,,0.39,,,,,,,,778,,,,,24.1,,17,,,2,1650,0.8,0.4,0.52,,,,1.4,,3,,0.1,,,12.5,,0.06,29,,,,,12.1,,,11,,2.95,,49,,,3,,,2.1,,829,0.7,0.2,,3.3,,,0.06,1,56,266,3,0.3,15,112,,,,,,,,,28.698464,,,,,,,,,,,,1
DDH1943 637-640.5ft,,Thesis,n/a,Porfido Teniente: dos fases intrusivas caracteristicas geol¾gicas_ Petrogrßficas y geoquÝmicas_ Yacimiento El Teniente.,Conference Proceedings,Rojas,2003,El Teniente,El Teniente,Cu-Mo,CA,Giant,128.5322,,,,,,,,,,,,syn,1,Miocene,6.3,,Spencer et al 2105,5.28,0.1,,,,,Rojas (2003),Chile,,,,,,,,,,Teniente Dacite Porphyry,,,,,,,64.31,16.72,1.75,,1.57465,0.86,3.16,5.77,2.6,0.37,0.15,0.01,,2.85,,,,,0.5,,,,,,,,639,,,,,26.2,,9,,,4.1,919,0.7,0.3,0.51,,,,1.5,,2.4,,0.1,,,14.2,,0.05,8,,,,,12.8,,,11,,3.2,,61,,0.7,3,,,2.1,,785,0.6,0.2,,3.5,,,0.05,1,64,141,3,0.5,15,87,,,,,,,,,27.925747,,,,,,,,,,,,1
DDH1332 276-279ft,,Thesis,n/a,Porfido Teniente: dos fases intrusivas caracteristicas geol¾gicas_ Petrogrßficas y geoquÝmicas_ Yacimiento El Teniente.,Conference Proceedings,Rojas,2003,El Teniente,El Teniente,Cu-Mo,CA,Giant,128.5322,,,,,,,,,,,,syn,1,Miocene,6.3,,Spencer et al 2106,5.28,0.1,,,,,Rojas (2003),Chile,,,,,,,,,,Teniente Dacite Porphyry,,,,,,,63.66,15.93,4.18,,3.761164,1.04,2.34,4.01,2.96,0.36,0.14,0.04,,4.38,,,,,1.1,,,,,,,,437,,,,,40.2,,22,,,3.8,2110,0.7,0.4,0.46,,,,1.1,,2.6,,0.1,,,24.2,,0.08,13,,,,,14.2,,,,,4.01,,110,,0.7,4,,,1.9,,331,3.1,0.1,,3.7,,,0.06,2.2,61,211,3,0.5,83,95,,,,,,,,,38.647343,,,,,,,,,,,,1
DDH1326 267-270.5ft,,Thesis,n/a,Porfido Teniente: dos fases intrusivas caracteristicas geol¾gicas_ Petrogrßficas y geoquÝmicas_ Yacimiento El Teniente.,Conference Proceedings,Rojas,2003,El Teniente,El Teniente,Cu-Mo,CA,Giant,128.5322,,,,,,,,,,,,syn,1,Miocene,6.3,,Spencer et al 2107,5.28,0.1,,,,,Rojas (2003),Chile,,,,,,,,,,Teniente Dacite Porphyry,,,,,,,63.8,17.22,3.38,,3.041324,1.47,3.88,5.79,1.87,0.5,0.2,0.02,,2.32,,,,,0.48,,,,,6,,,594,,,,,34.2,,30,,,2.6,590,1.1,0.5,0.66,,,,1.9,,2.8,,0.2,,,17.5,,0.07,3,,,,,17.4,,,10,,4.2,,59,,0.6,6,,,2.8,,977,5.3,0.2,,3.3,,,0.08,1.2,93,295,4,0.5,33,102,,,,,,,,,25.67256,,,,,,,,,,,,1
DDH1561 136.5-137.2ft,,Thesis,n/a,Porfido Teniente: dos fases intrusivas caracteristicas geol¾gicas_ Petrogrßficas y geoquÝmicas_ Yacimiento El Teniente.,Conference Proceedings,Rojas,2003,El Teniente,El Teniente,Cu-Mo,CA,Giant,128.5322,,,,,,,,,,,,syn,1,Miocene,6.3,,Spencer et al 2108,5.28,0.1,,,,,Rojas (2003),Chile,,,,,,,,,,Teniente Dacite Porphyry,,,,,,,63.13,16.91,2.51,,2.258498,1.43,4.05,5.73,1.95,0.47,0.2,0.02,,3.39,,,,,0.78,,,,,,,,550,,,,,30.9,,12,,,3.4,693,1.1,0.5,0.68,,,,1.9,,2.6,,0.2,,,16,,0.07,4,,,,,16.2,,,9,,3.94,,67,,0.5,5,,,2.7,,911,0.6,0.2,,3,,,0.08,1.4,90,109,3,0.5,31,97,,,,,,,,,25.683891,,,,,,,,,,,,1
DDH1561 177.5-178.5ft,,Thesis,n/a,Porfido Teniente: dos fases intrusivas caracteristicas geol¾gicas_ Petrogrßficas y geoquÝmicas_ Yacimiento El Teniente.,Conference Proceedings,Rojas,2003,El Teniente,El Teniente,Cu-Mo,CA,Giant,128.5322,,,,,,,,,,,,syn,1,Miocene,6.3,,Spencer et al 2109,5.28,0.1,,,,,Rojas (2003),Chile,,,,,,,,,,Teniente Dacite Porphyry,,,,,,,62.93,17,2.664,,2.397067,1.39,4.02,5.63,2.29,0.46,0.19,0.02,,3.41,,,,,0.77,,,,,,,,601,,,,,27.7,,14,,,4.5,582,1,0.5,0.62,,,,1.6,,2.5,,0.2,,,14.9,,0.07,2,,,,,14,,,8,,3.42,,72,,0.9,5,,,2.3,,915,2.1,0.2,,2.9,,,0.07,1.1,97,137,4,0.5,15,96,,,,,,,,,27.606902,,,,,,,,,,,,1
AM-2,,Thesis,n/a,Inclusiones fluidas de la secci¾n 124 de El Teniente,CODELCO Internal Report,Skewes,1997,El Teniente,El Teniente,Cu-Mo,CA,Giant,128.5322,,,,,,,,,,,,pre,3,Miocene,6.3,,Spencer et al 2110,5.28,0.1,,,,,Skewes (1997),Chile,,,,,,,,,,Teniente Mafic Complex,,,,,,,49.3,20.67,,9.71,9.71,3.78,9.33,4.4,0.52,0.98,0.25,0.13,,0.58,,,,,,,,,,,,,490,,,,,49.6,,60.6,36.7,,1.3,,,,1.44,,,,,,5.4,,,,,24.8,,0.37,,,,,,27.1,39.5,,,,,,40.7,,,26.1,,,6.57,,935,2.5,0.87,,7.6,,,,5,,,,2.92,,,,,,,,,,,23.84914,,,,,,,,,,,,1
SG8-998,,Thesis,n/a,Inclusiones fluidas de la secci¾n 124 de El Teniente,CODELCO Internal Report,Skewes,1997,El Teniente,El Teniente,Cu-Mo,CA,Giant,128.5322,,,,,,,,,,,,pre,3,Miocene,6.3,,Spencer et al 2111,5.28,0.1,,,,,Skewes (1997),Chile,,,,,,,,,,Teniente Mafic Complex,,,,,,,47.03,21.51,,11.6,11.6,3.52,9.93,2.84,0.73,1.19,0.29,0.17,,1.04,,,,,,,,,,,,,105,,,,,22.4,,24.9,40.5,,5.1,,,,1.16,,,,,,2,,,,,9.7,,0.22,,,,,,14.8,29.5,,,,,,37.3,,,26.8,,,3.57,,459,1.46,0.47,,1.2,,,,,,,,1.61,,,,,,,,,,,24.970623,,,,,,,,,,,,1
1529-1182,,Thesis,n/a,Inclusiones fluidas de la secci¾n 124 de El Teniente,CODELCO Internal Report,Skewes,1997,El Teniente,El Teniente,Cu-Mo,CA,Giant,128.5322,,,,,,,,,,,,pre,3,Miocene,6.3,,Spencer et al 2112,5.28,0.1,,,,,Skewes (1997),Chile,,,,,,,,,,Teniente Mafic Complex,,,,,,,46.57,20.56,,9.7,9.7,4.54,10.84,4.05,1.02,1.11,0.29,0.12,,0.54,,,,,,,,,,,,,195,,,,,27.9,,33,34.5,,4.7,,,,1.15,,,,,,2.3,,,,,11.4,,0.31,,,,,,17.8,,,,,,,57.6,,,25,,,4.03,,594,1.07,0.55,,1.8,,,,,,,,2.18,,,,,,,,,,,27.188264,,,,,,,,,,,,1
1698-1022,,Thesis,n/a,Inclusiones fluidas de la secci¾n 124 de El Teniente,CODELCO Internal Report,Skewes,1997,El Teniente,El Teniente,Cu-Mo,CA,Giant,128.5322,,,,,,,,,,,,pre,3,Miocene,6.3,,Spencer et al 2113,5.28,0.1,,,,,Skewes (1997),Chile,,,,,,,,,,Teniente Mafic Complex,,,,,,,48.62,20.39,,9.22,9.22,4.74,10.14,3.28,1.27,1.16,0.2,0.17,,0.75,,,,,,,,,,,,,143,,,,,23.9,,64.6,47.2,,6.1,,,,1.28,,,,,,2.4,,,,,10.4,,0.29,,,,,,16.4,,,,,,,58.6,,,27.9,,,4.02,,458,2.49,0.63,,1.5,,,,,,,,1.91,,,,,,,,,,,30.931549,,,,,,,,,,,,1
1698-1157,,Thesis,n/a,Inclusiones fluidas de la secci¾n 124 de El Teniente,CODELCO Internal Report,Skewes,1997,El Teniente,El Teniente,Cu-Mo,CA,Giant,128.5322,,,,,,,,,,,,pre,3,Miocene,6.3,,Spencer et al 2114,5.28,0.1,,,,,Skewes (1997),Chile,,,,,,,,,,Teniente Mafic Complex,,,,,,,49.88,20.56,,9.03,9.03,3.65,9.06,3.53,1.23,1.07,0.21,0.14,,1.6,,,,,,,,,,,,,119,,,,,18.2,,27.6,42.9,,5.6,,,,1.01,,,,,,2.5,,,,,7.36,,0.28,,,,,,10.2,,,,,,,71.2,,,25.4,,,2.96,,433,1.55,0.55,,1.8,,,,,,,,1.9,,,,,,,,,,,27.9336,,,,,,,,,,,,1
SG8-831,,Thesis,n/a,Inclusiones fluidas de la secci¾n 124 de El Teniente,CODELCO Internal Report,Skewes,1997,El Teniente,El Teniente,Cu-Mo,CA,Giant,128.5322,,,,,,,,,,,,pre,3,Miocene,6.3,,Spencer et al 2115,5.28,0.1,,,,,Skewes (1997),Chile,,,,,,,,,,Teniente Mafic Complex,,,,,,,49.29,20.29,,9.8,9.8,4.67,8.15,2.96,1.33,1.09,0.32,0.1,,2.07,,,,,,,,,,,,,162,,,,,19.6,,32.6,51.8,,7.5,,,,1.07,,,,,,2.4,,,,,8.8,,0.18,,,,,,12.4,,,,,,,68.5,,,21.6,,,4.01,,476,0.6,0.46,,1.9,,,,,,,,1.44,,,,,,,,,,,35.067212,,,,,,,,,,,,1
1313-204.8,,Thesis,n/a,Inclusiones fluidas de la secci¾n 124 de El Teniente,CODELCO Internal Report,Skewes,1997,El Teniente,El Teniente,Cu-Mo,CA,Giant,128.5322,,,,,,,,,,,,pre,3,Miocene,6.3,,Spencer et al 2116,5.28,0.1,,,,,Skewes (1997),Chile,,,,,,,,,,Teniente Mafic Complex,,,,,,,50.73,19.53,,8.1,8.1,4.12,9.35,2.97,1.73,0.88,0.23,0.08,,2.1,,,,,,,,,,,,,91,,,,,16.6,,12.3,66.6,,9.35,,,,0.92,,,,,,1.8,,,,,7.96,,0.19,,,,,,11.1,,,,,,,105,,,23.4,,,3.08,,519,0.74,0.42,,1.3,,,,1.5,,,,1.51,,,,,,,,,,,32.195927,,,,,,,,,,,,1
1331-91,,Thesis,n/a,Inclusiones fluidas de la secci¾n 124 de El Teniente,CODELCO Internal Report,Skewes,1997,El Teniente,El Teniente,Cu-Mo,CA,Giant,128.5322,,,,,,,,,,,,pre,3,Miocene,6.3,,Spencer et al 2117,5.28,0.1,,,,,Skewes (1997),Chile,,,,,,,,,,Teniente Mafic Complex,,,,,,,47.4,21.55,,6.85,6.85,6.2,8.42,2.64,4.03,1.05,0.25,0.06,,1.29,,,,,,,,,,,,,192,,,,,9.74,,29.1,38.6,,21.7,,,,0.76,,,,,,1.9,,,,,4.45,,0.17,,,,,,6,,,,,,,201,,,26.5,,,1.65,,468,0.77,0.26,,1,,,,,,,,1.04,,,,,,,,,,,48.050728,,,,,,,,,,,,1
DDH1394 92ft,,Thesis,n/a,Inclusiones fluidas de la secci¾n 124 de El Teniente,CODELCO Internal Report,Skewes,1998,El Teniente,El Teniente,Cu-Mo,CA,Giant,128.5322,,,,,,,,,,,,Syn,1,Miocene,6.3,,Spencer et al 2118,4.82,0.09,,,,,Skewes (1998),Chile,,,,,,,,,,Dacite Dykes,,,,,,,60.93,17.24,2.14,,1.925572,1.86,4.61,4.76,2.23,0.63,0.21,0.02,,5.74,,,,,0.142,,,0.25,,2.5,,,311,,,,,30.9,,20,42,,2.7,1250,1.1,0.5,0.83,,,,2.3,,2.9,,0.2,,,14.6,,0.1,4,,,,,15.3,86,,2.5,,4,,80.5,,0.6,8,,,2.8,9,742,1.6,0.2,,2.3,,,0.1,1.2,116,199,6,0.4,46,108,,,,,,,,,30.38633,,,,,,,,,,,,1
DDH2105 919ft,,Thesis,n/a,Inclusiones fluidas de la secci¾n 124 de El Teniente,CODELCO Internal Report,Skewes,1998,El Teniente,El Teniente,Cu-Mo,CA,Giant,128.5322,,,,,,,,,,,,Syn,1,Miocene,6.3,,Spencer et al 2119,4.82,0.09,,,,,Skewes (1998),Chile,,,,,,,,,,Dacite Dykes,,,,,,,63.13,17.15,0.83,0.38,1.126834,1.15,3.39,4.78,3.48,0.43,0.16,0.07,,4.73,,,,,0.11,,,0.25,,683,,,442,,,,,18.3,,36,10,,7.1,1910,0.7,0.4,0.5,,,,1.1,,2.7,,0.1,,,9.7,,0.05,18,,,,,8.2,10,,6,,2.25,,161,,9.2,7,,,1.6,0.5,339,5.1,0.1,,3.3,,,0.05,1.6,76,322,8,0.3,140,81,,,,,,,,,36.171875,,,,,,,,,,,,1
DDH1446 266ft,,Thesis,n/a,Inclusiones fluidas de la secci¾n 124 de El Teniente,CODELCO Internal Report,Skewes,2006,El Teniente,El Teniente,Cu-Mo,CA,Giant,128.5322,,,,,,,,,,,,syn,1,Miocene,6.3,,Spencer et al 2120,5.67,0.19,,,,,Skewes (2006),Chile,,,,,,,,,,A Porphyry,,,,,,,56.34,13.86,2.74,,2.465452,1.41,6.72,3.8,5.68,0.42,0.17,0.02,,7.99,,,,,3.35,,,,,,,,601,,,,,53.7,,35,27,,5.3,2380,1.9,0.9,0.79,,,,3.2,,2.6,,0.3,,,24.1,,0.11,,,,,,26.1,,,,,6.29,,187,,,5,,,4.6,,455,2.1,0.4,,3.9,,,0.13,5.9,169,153,9,0.8,35,81,,,,,,,,,40.261215,,,,,,,,,,,,1
DDH1446 637ft,,Thesis,n/a,Inclusiones fluidas de la secci¾n 124 de El Teniente,CODELCO Internal Report,Skewes,2006,El Teniente,El Teniente,Cu-Mo,CA,Giant,128.5322,,,,,,,,,,,,syn,1,Miocene,6.3,,Spencer et al 2121,5.67,0.19,,,,,Skewes (2006),Chile,,,,,,,,,,A Porphyry,,,,,,,53.52,13.23,1.92,,1.727616,1.64,11.26,2.33,5.36,0.38,0.19,0.02,,9.74,,,,,5.6,,,0.7,,,,,627,,,,,108,,16,,,7.4,5560,1.9,0.8,0.98,,,,4.1,,2.2,,0.3,,,54.6,,0.1,12,,,,,45.2,,,647,,12.1,,227,,,8,,,6.7,11,566,2.1,0.4,,4,,,0.11,4.5,95,129,9,0.7,103,81,,,,,,,,,33.997086,,,,,,,,,,,,1
DDH1473 1418ft,,Thesis,n/a,Inclusiones fluidas de la secci¾n 124 de El Teniente,CODELCO Internal Report,Skewes,2006,El Teniente,El Teniente,Cu-Mo,CA,Giant,128.5322,,,,,,,,,,,,syn,1,Miocene,6.3,,Spencer et al 2122,5.67,0.19,,,,,Skewes (2006),Chile,,,,,,,,,,A Porphyry,,,,,,,48.91,11.52,2.7,,2.42946,1.56,12.04,1.48,7.91,0.35,0.2,0.01,,11.97,,,,,6.5,,,,,8,,,603,,,,,82.5,,11,,,8,4010,2,0.8,0.91,,,,3.7,,2,,0.3,,,42.8,,0.1,5,,,,,39.5,,,70,,9.72,,236,,,5,,,5.8,2,575,1.2,0.4,,3.6,,,0.11,1.1,131,76,10,0.7,,65,,,,,,,,,41.191823,,,,,,,,,,,,1
DDH1824 655ft,,Thesis,n/a,Inclusiones fluidas de la secci¾n 124 de El Teniente,CODELCO Internal Report,Skewes,2006,El Teniente,El Teniente,Cu-Mo,CA,Giant,128.5322,,,,,,,,,,,,syn,1,Miocene,6.3,,Spencer et al 2123,6.09,0.18,,,,,Skewes (2006),Chile,,,,,,,,,,Central Dacite,,,,,,,62.9,16.16,1.32,0.11,1.297736,0.89,2.74,3.84,5.98,0.43,0.14,0.04,,4.89,,,,,0.65,,,0.25,,10,,,815,,,,,24,,22,10,,2.9,2520,0.4,0.2,0.36,,,,0.6,,2.7,,,,,13.3,,0.04,100.1,,,,,7.4,10,,2.5,,2.47,,142,,0.9,3,,,1,0.5,415,2.2,,,2.8,,,0.025,2,7.6,262,2,0.3,40,95,,,,,,,,,51.078067,,,,,,,,,,,,1
DDH1824 795ft,,Thesis,n/a,Inclusiones fluidas de la secci¾n 124 de El Teniente,CODELCO Internal Report,Skewes,2006,El Teniente,El Teniente,Cu-Mo,CA,Giant,128.5322,,,,,,,,,,,,syn,1,Miocene,6.3,,Spencer et al 2124,6.09,0.18,,,,,Skewes (2006),Chile,,,,,,,,,,Central Dacite,,,,,,,63.09,16.01,1.97,0.2,1.972606,1.2,2.24,2.8,7.07,0.44,0.14,0.01,,4.42,,,,,0.61,,,0.25,,2.5,,,867,,,,,27.7,,61,10,,2.2,3370,0.8,0.4,0.7,,,,1.2,,2.6,,0.1,,,11.8,,0.1,49,,,,,11,10,,2.5,,3.23,,142,,0.6,5,,,1.8,1,395,3.8,0.1,,3,,,0.08,5.4,78,378,4,0.6,15,90,,,,,,,,,62.133734,,,,,,,,,,,,1
DDH2105 260.3m,,Thesis,n/a,Inclusiones fluidas de la secci¾n 124 de El Teniente,CODELCO Internal Report,Skewes,2006,El Teniente,El Teniente,Cu-Mo,CA,Giant,128.5322,,,,,,,,,,,,syn,1,Miocene,6.3,,Spencer et al 2125,6.09,0.18,,,,,Skewes (2006),Chile,,,,,,,,,,Central Dacite,,,,,,,66.22,15.49,0.25,0.11,0.33495,0.54,3.06,4.64,4.36,0.219,0.09,0.02,,4.8,,,,,0.11,,,0.25,,683,,,770,,,,,18.3,,36,10,,7.1,1910,0.7,0.4,0.5,,,,1.1,,2.7,,0.1,,,9.7,,0.05,18,,,,,8.2,10,,6,,2.25,,161,,9.2,3,,,1.6,0.5,390,5.1,0.1,,3.3,,,0.05,1.6,28,322,4,0.3,140,80,,,,,,,,,38.888889,,,,,,,,,,,,1
DDH2370 45.5m,,Thesis,n/a,Inclusiones fluidas de la secci¾n 124 de El Teniente,CODELCO Internal Report,Skewes,2006,El Teniente,El Teniente,Cu-Mo,CA,Giant,128.5322,,,,,,,,,,,,Syn,1,Miocene,6.3,,Spencer et al 2126,6.09,0.18,,,,,Skewes (2006),Chile,,,,,,,,,,Northern Dacite,,,,,,,63.11,16.7,1.68,,1.511664,1.07,2.79,4.65,3.52,0.4,0.17,0.02,,4.92,,,,,1.18,,,,,,,,781,,,,,19.8,,26,,,4.7,3270,0.7,0.4,0.54,,,,1.1,,2.8,,0.1,,,9.6,,0.07,36,,,,,8.9,,,,,2.31,,121,,0.6,5,,,1.6,1,476,3.8,0.1,,3.3,,,0.06,0.8,74,234,5,0.4,45,92,,,,,,,,,38.154613,,,,,,,,,,,,1
DDH2370 159m,,Thesis,n/a,Inclusiones fluidas de la secci¾n 124 de El Teniente,CODELCO Internal Report,Skewes,2006,El Teniente,El Teniente,Cu-Mo,CA,Giant,128.5322,,,,,,,,,,,,Syn,1,Miocene,6.3,,Spencer et al 2127,6.09,0.18,,,,,Skewes (2006),Chile,,,,,,,,,,Northern Dacite,,,,,,,63.96,16.3,2.57,,2.312486,1.08,2.7,5.19,3.11,0.38,0.14,0.04,,3.44,,,,,0.73,,,,,,,,564,,,,,24.3,,22,,,7,2210,0.8,0.4,0.63,,,,1.3,,2.8,,0.1,,,12.8,,0.07,4,,,,,10.2,,,7,,2.66,,124,,,4,,,1.8,,568,2.9,0.2,,3.4,,,0.06,1.4,62,168,6,0.4,44,96,,,,,,,,,34.68543,,,,,,,,,,,,1
DDH2370 228.4m,,Thesis,n/a,Inclusiones fluidas de la secci¾n 124 de El Teniente,CODELCO Internal Report,Skewes,2006,El Teniente,El Teniente,Cu-Mo,CA,Giant,128.5322,,,,,,,,,,,,Syn,1,Miocene,6.3,,Spencer et al 2128,6.09,0.18,,,,,Skewes (2006),Chile,,,,,,,,,,Northern Dacite,,,,,,,58.07,16.92,5.66,,5.092868,2.56,3.79,4.17,2.8,0.66,0.25,0.04,,3.95,,,,,1.29,,,,,,,,360,,,,,35.5,,16,32,,10.6,2860,1.6,0.8,0.86,,,,2.6,,2.8,,0.3,,,16.8,,0.1,4,,,,,17.2,,,6,,4.22,,149,,,7,,,3.4,,727,0.4,0.3,,2.2,,,0.11,3.7,104,124,10,0.7,54,99,,,,,,,,,40.24024,,,,,,,,,,,,1
DDH2370 113.44m,,Thesis,n/a,Inclusiones fluidas de la secci¾n 124 de El Teniente,CODELCO Internal Report,Skewes,2006,El Teniente,El Teniente,Cu-Mo,CA,Giant,128.5322,,,,,,,,,,,,Syn,1,Miocene,6.3,,Spencer et al 2129,6.09,0.18,,,,,Skewes (2006),Chile,,,,,,,,,,Northern Dacite,,,,,,,60.79,17.02,4.56,,4.103088,2.12,2.98,5.13,2.25,0.59,0.2,0.04,,3.57,,,,,0.63,,,,,,,,347,,,,,31.5,,22,,,6.2,1910,1.2,0.6,0.76,,,,1.8,,2.8,,0.2,,,15.3,,0.08,7,,,,,14.2,,,9,,3.61,,117,,0.6,8,,,2.7,,757,0.4,0.2,,2.6,,,0.09,1.8,104,154,8,0.5,53,101,,,,,,,,,35.016026,,,,,,,,,,,,1
DDH1309 1033ft,,Thesis,n/a,Inclusiones fluidas de la secci¾n 124 de El Teniente,CODELCO Internal Report,Skewes,2006,El Teniente,El Teniente,Cu-Mo,CA,Giant,128.5322,,,,,,,,,,,,Syn,1,Miocene,6.3,,Spencer et al 2130,6.09,0.18,,,,,Skewes (2006),Chile,,,,,,,,,,Northern Dacite,,,,,,,63.02,16.68,0.64,2.03,2.605872,2.17,3.5,5.3,2.02,0.57,0.17,0.03,,3.29,,,,,0.24,,,0.25,,,,,309,,,,,29.9,,35,10,,6.3,2950,1.3,0.6,0.85,,,,2,,2.8,,0.2,,,15.1,,0.09,82,,,,,14,10,,8,,3.77,,108,,0.8,7,,,2.7,,614,3.2,0.3,,3,,,0.09,1.2,115,304,7,0.6,40,96,,,,,,,,,32.255581,,,,,,,,,,,,1
DDH2331 195.2,,Thesis,n/a,Inclusiones fluidas de la secci¾n 124 de El Teniente,CODELCO Internal Report,Skewes,2006,El Teniente,El Teniente,Cu-Mo,CA,Giant,128.5322,,,,,,,,,,,,Syn,1,Miocene,6.3,,Spencer et al 2131,6.09,0.18,,,,,Skewes (2006),Chile,,,,,,,,,,Northern Dacite,,,,,,,56.78,16.32,2.68,,2.411464,2.43,5.67,4.59,1.89,0.69,0.22,0.02,,7.48,,,,,1.53,,,0.6,,,,,400,,,,,31.5,,39,27,,5,2220,1.8,0.9,0.92,,,,2.4,,2.8,,0.3,,,14.7,,0.12,33,,,,,15,,,5,,3.74,,99,,,10,,,2.9,,791,3.8,0.3,,2.1,,,0.12,0.7,153,245,11,0.8,42,101,,,,,,,,,29.62963,,,,,,,,,,,,1
C8-UCL Centro,,Thesis,n/a,Inclusiones fluidas de la secci¾n 124 de El Teniente,CODELCO Internal Report,Skewes,2006,El Teniente,El Teniente,Cu-Mo,CA,Giant,128.5322,,,,,,,,,,,,Syn,1,Miocene,6.3,,Spencer et al 2132,6.09,0.18,,,,,Skewes (2006),Chile,,,,,,,,,,Northern Dacite,,,,,,,65.41,16.52,2.34,,2.105532,1.26,2.38,5.76,3.14,0.4,0.15,0.02,,2.62,,,,,2.5,,,,,,,,606,,,,,16.4,,21,,,4.2,311,1.3,0.7,0.68,,,,1.6,,2.9,,0.2,,,8.4,,0.08,24,,,,,9,,,,,2.06,,127,,,3,,,2,,404,2.1,0.2,,4.9,,,0.09,2.6,83,254,7,0.6,,94,,,,,,,,,35.087719,,,,,,,,,,,,1
C8-UCL border,,Thesis,n/a,Inclusiones fluidas de la secci¾n 124 de El Teniente,CODELCO Internal Report,Skewes,2006,El Teniente,El Teniente,Cu-Mo,CA,Giant,128.5322,,,,,,,,,,,,Syn,1,Miocene,6.3,,Spencer et al 2133,6.09,0.18,,,,,Skewes (2006),Chile,,,,,,,,,,Northern Dacite,,,,,,,49.08,17.02,3.77,,3.392246,2.62,8.03,5.63,2.84,0.39,0.21,0.02,,9.42,,,,,3.5,,,,,,,,222,,,,,25.1,,16,26,,8.7,481,2.2,1.2,0.94,,,,2.7,,3.3,,0.4,,,14.4,,0.13,21,,,,,12.5,53,,5,,2.97,,167,,,8,,,3.1,,654,0.9,0.4,,3.1,,,0.16,2.6,145,100,13,0.9,36,108,,,,,,,,,28.556485,,,,,,,,,,,,1
DDH1331 305ft,,Thesis,n/a,Inclusiones fluidas de la secci¾n 124 de El Teniente,CODELCO Internal Report,Skewes,2006,El Teniente,El Teniente,Cu-Mo,CA,Giant,128.5322,,,,,,,,,,,,pre-early,2,Miocene,6.3,,Spencer et al 2134,7.05,0.14,,,,,Skewes (2006),Chile,,,,,,,,,,Sewell Quartz Diorite,,,,,,,63.58,17.29,4.29,,3.860142,1.55,3.9,4.27,1.78,0.54,0.18,0.004,,4.15,,,,,1.15,,,1,,6,,,435,,,,,33.6,,57,13,,3.6,1340,1.28,0.67,0.86,,,,2.39,,2.7,,0.23,,,16.3,,0.09,7,,,,,16.5,35,,5,,4.25,,65.7,,0.8,7,,,3.02,3,629,7.3,0.28,,3.5,,,0.09,1.7,88,973,7,0.57,48,106,,,,,,,,,28.956522,,,,,,,,,,,,1
DDH1334 291.5ft,,Thesis,n/a,Inclusiones fluidas de la secci¾n 124 de El Teniente,CODELCO Internal Report,Skewes,2006,El Teniente,El Teniente,Cu-Mo,CA,Giant,128.5322,,,,,,,,,,,,pre-early,2,Miocene,6.3,,Spencer et al 2135,7.05,0.14,,,,,Skewes (2006),Chile,,,,,,,,,,Sewell Quartz Diorite,,,,,,,64.23,15.83,2.86,,2.573428,1.36,3.7,4.16,2.73,0.51,0.16,0.02,,4.02,,,,,1.41,,,0.25,,11,,,526,,,,,24.1,,50.4,12,,3.3,3440,0.78,0.4,0.59,,,,1.65,,3,,0.14,,,12.6,,0.05,29.6,,,,,11.1,44,,7,,2.9,,120.8,,0.6,6,,,1.93,3.6,559,6.9,0.17,,4.7,,,0.05,1.6,110,845,5,0.32,39,116,,,,,,,,,34.225941,,,,,,,,,,,,1
Ttc5 130N/1770E,,Thesis,n/a,Inclusiones fluidas de la secci¾n 124 de El Teniente,CODELCO Internal Report,Skewes,2006,El Teniente,El Teniente,Cu-Mo,CA,Giant,128.5322,,,,,,,,,,,,pre-early,2,Miocene,6.3,,Spencer et al 2136,7.05,0.14,,,,,Skewes (2006),Chile,,,,,,,,,,Sewell Quartz Diorite,,,,,,,63.7,17.1,1.9,2.4,4.10962,1.5,3.9,4.93,2.2,0.39,0.21,0.08,,1.8,,,,,0.11,,,0.25,,2.5,,,528,,,,,14.7,,19,14,,6.1,480,1.8,0.9,0.88,,,,2.9,,3.2,,0.3,,,14.4,,0.09,5,,,,,19.2,7.5,,5,,34.7,,95.6,,1.7,6,,,3.39,2,699,4.9,0.29,,4.3,,,0.12,1.6,115,474,11,0.92,91,94,,,,,,,,,29.52913,,,,,,,,,,,,1
190N/   1740E,,Thesis,n/a,Inclusiones fluidas de la secci¾n 124 de El Teniente,CODELCO Internal Report,Skewes,2006,El Teniente,El Teniente,Cu-Mo,CA,Giant,128.5322,,,,,,,,,,,,pre-early,2,Miocene,6.3,,Spencer et al 2137,7.05,0.14,,,,,Skewes (2006),Chile,,,,,,,,,,Sewell Quartz Diorite,,,,,,,64.72,16.55,0.47,1.72,2.142906,1.24,3.37,5.89,1.54,0.46,0.15,0.03,,3.27,,,,,0.24,,,0.25,,8,,,432,,,,,36.7,,53,10,,1.9,1050,1,0.4,0.72,,,,1.9,,3.1,,0.2,,,17.8,,0.06,100.1,,,,,17.3,10,,2.5,,4.67,,57,,1.1,5,,,3.2,0.5,633,6.1,0.2,,4,,,0.06,1.2,71,573,5,0.4,50,116,,,,,,,,,23.089701,,,,,,,,,,,,1
400S/     1780E,,Thesis,n/a,Inclusiones fluidas de la secci¾n 124 de El Teniente,CODELCO Internal Report,Skewes,2006,El Teniente,El Teniente,Cu-Mo,CA,Giant,128.5322,,,,,,,,,,,,pre-early,2,Miocene,6.3,,Spencer et al 2138,7.05,0.14,,,,,Skewes (2006),Chile,,,,,,,,,,Sewell Quartz Diorite,,,,,,,62.05,18.38,1.71,1.72,3.258658,1.58,4.41,5.98,1.47,0.57,0.19,0.07,,1.5,,,,,0.04,,,0.25,,11,,,501,,,,,33.3,,71,50,,7.4,250,1,0.5,0.88,,,,1.9,,2.7,,0.2,,,16.4,,0.06,2,,,,,16.2,10,,6,,4.32,,60,,1.3,6,,,2.9,0.5,946,6.6,0.2,,1.7,,,0.07,1.2,106,583,6,0.4,70,104,,,,,,,,,22.693452,,,,,,,,,,,,1
500S/    1725E,,Thesis,n/a,Inclusiones fluidas de la secci¾n 124 de El Teniente,CODELCO Internal Report,Skewes,2006,El Teniente,El Teniente,Cu-Mo,CA,Giant,128.5322,,,,,,,,,,,,pre-early,2,Miocene,6.3,,Spencer et al 2139,7.05,0.14,,,,,Skewes (2006),Chile,,,,,,,,,,Sewell Quartz Diorite,,,,,,,66.35,15.82,0.91,1.72,2.538818,1.02,2.86,4.68,2.71,0.38,0.14,0.04,,2.85,,,,,0.08,,,0.25,,6,,,605,,,,,27.3,,102,10,,4.8,880,0.8,0.4,0.59,,,,1.3,,2.7,,0.1,,,14.2,,0.05,1,,,,,12.3,10,,2.5,,3.38,,78,,3,4,,,2.1,0.5,585,5.3,0.2,,4.8,,,0.06,1.5,67,516,4,0.4,50,91,,,,,,,,,33.096717,,,,,,,,,,,,1
1826-2280,,Thesis,n/a,Inclusiones fluidas de la secci¾n 124 de El Teniente,CODELCO Internal Report,Skewes,2006,El Teniente,El Teniente,Cu-Mo,CA,Giant,128.5322,,,,,,,,,,,,pre-early,2,Miocene,6.3,,Spencer et al 2140,7.05,0.14,,,,,Skewes (2006),Chile,,,,,,,,,,Sewell Quartz Diorite,,,,,,,62.74,17.59,1.78,1.85,3.451644,1.52,4.47,5.63,1.82,0.58,0.18,0.03,,1.45,,,,,0.05,,,0.25,,2.5,,,530,,,,,29.3,,55,10,,3.3,60,1.1,0.5,0.77,,,,1.8,,3,,0.2,,,14.4,,0.07,1,,,,,14.3,10,,2.5,,3.79,,65,,1.2,5,,,2.6,0.5,773,5.2,0.2,,3.7,,,0.08,1.4,97,481,5,0.5,30,109,,,,,,,,,24.85119,,,,,,,,,,,,1
1182-1535 294S/11296E,,Thesis,n/a,Inclusiones fluidas de la secci¾n 124 de El Teniente,CODELCO Internal Report,Skewes,2006,El Teniente,El Teniente,Cu-Mo,CA,Giant,128.5322,,,,,,,,,,,,syn,1,Miocene,6.3,,Spencer et al 2141,6.09,0.18,,,,,Skewes (2006),Chile,,,,,,,,,,Southern Dacite,,,,,,,66.23,15.86,0.83,0.2,0.946834,0.64,2.57,4.38,3.69,0.292,0.11,0.005,,4.21,,,,,1.05,,,0.7,,2.5,,,704,,,,,25,,33,10,,4.3,1870,0.8,0.5,0.56,,,,1.4,,2.6,,0.2,,,12.6,,0.07,15,,,,,10.4,10,,33,,2.9,,126,,4.7,2,,,1.9,0.5,510,5.3,0.2,,4.1,,,0.07,1.5,50,478,4,0.05,15,113,,,,,,,,,38.386525,,,,,,,,,,,,1
1311-1869 304S/1210E,,Thesis,n/a,Inclusiones fluidas de la secci¾n 124 de El Teniente,CODELCO Internal Report,Skewes,2006,El Teniente,El Teniente,Cu-Mo,CA,Giant,128.5322,,,,,,,,,,,,syn,1,Miocene,6.3,,Spencer et al 2142,6.09,0.18,,,,,Skewes (2006),Chile,,,,,,,,,,Southern Dacite,,,,,,,69.35,14.73,0.18,0.24,0.401964,0.26,2.35,4.37,3.56,0.147,0.06,0.112,,3.49,,,,,0.56,,,0.25,,366,,,467,,,,,11.6,,47,10,,3.5,750,0.5,0.3,0.34,,,,0.7,,2.5,,0.1,,,6.6,,0.06,83,,,,,4.7,10,,35,,1.29,,123,,7.1,2,,,0.9,2,276,12.3,,,4,,,0.025,1.2,16,653,3,0.4,50,88,,,,,,,,,36.242884,,,,,,,,,,,,1
DDH1300 403ft,,Thesis,n/a,Inclusiones fluidas de la secci¾n 124 de El Teniente,CODELCO Internal Report,Skewes,2006,El Teniente,El Teniente,Cu-Mo,CA,Giant,128.5322,,,,,,,,,,,,syn,1,Miocene,6.3,,Spencer et al 2143,5.28,0.1,,,,,Skewes (2006),Chile,,,,,,,,,,Teniente Dacite Porphyry,,,,,,,66.26,16.85,1.83,0.02,1.666634,2.82,5.53,2.64,0.14,0.38,1.95,1.01,,,,,,,0.92,,,1,,2.5,,,644,,,,,20.1,,61,11,,1.5,6000,0.8,0.5,0.65,,,,1.4,,2.4,,0.2,,,10.4,,0.1,166,,,,,8.99,34,,9,,2.42,,66.7,,0.6,4,,,1.58,2,699,1.3,0.2,,2.8,,,0.07,0.9,60,1130,5,0.4,56,94,,,,,,,,,26.594789,,,,,,,,,,,,1
DDH1134 302ft,,Thesis,n/a,Inclusiones fluidas de la secci¾n 124 de El Teniente,CODELCO Internal Report,Skewes,2006,El Teniente,El Teniente,Cu-Mo,CA,Giant,128.5322,,,,,,,,,,,,syn,1,Miocene,6.3,,Spencer et al 2144,5.28,0.1,,,,,Skewes (2006),Chile,,,,,,,,,,Teniente Dacite Porphyry,,,,,,,64.42,17.76,0.9,,0.80982,3.69,6.8,2.67,0.2,0.53,3.35,1.02,,,,,,,0.86,,,0.25,,2.5,,,464,,,,,30.7,,19,58,,3.9,2410,0.8,0.4,0.69,,,,1.9,,2.6,,0.1,,,15.2,,,23,,,,,15.11,78,,6,,3.92,,54.6,,0.2,4,,,2.51,4,823,1,0.2,,2.7,,,0.04,1,79,370,4,0.3,20,95,,,,,,,,,29.116766,,,,,,,,,,,,1
DDH1134 365ft,,Thesis,n/a,Inclusiones fluidas de la secci¾n 124 de El Teniente,CODELCO Internal Report,Skewes,2006,El Teniente,El Teniente,Cu-Mo,CA,Giant,128.5322,,,,,,,,,,,,syn,1,Miocene,6.3,,Spencer et al 2145,5.28,0.1,,,,,Skewes (2006),Chile,,,,,,,,,,Teniente Dacite Porphyry,,,,,,,65.18,16.79,0.91,,0.818818,3.45,6.13,2.66,0.14,0.4,3.5,0.91,,,,,,,0.89,,,1,,2.5,,,557,,,,,25.4,,67,12,,3.6,2410,0.7,0.4,0.58,,,,1.6,,2.8,,0.1,,,12.9,,0.1,14,,,,,12,58,,9,,3.12,,60.6,,0.2,4,,,2.09,3,758,8.9,0.2,,2.6,,,0.05,0.9,72,902,4,0.3,19,104,,,,,,,,,28.998384,,,,,,,,,,,,1
Ttc8,,GEOROC,n/a,The Giant El Teniente Breccia Deposit: Hypogene Copper Distribution and Emplacement.,Soc. Econ. Geol. Spec. Pub.,Skewes et al.,2002,El Teniente,El Teniente,Cu-Mo,CA,Giant,128.5322,,,,,,,,,,,,post,2,Pliocene,6.3,,Spencer et al 2146,3.85,0.18,,,,,Skewes et al. (2002),Chile,,,,,,,,,,Lamprophyre dykes,,,,,,,61.1,17.2,2.6,2,4.33948,3.2,5.5,5.14,2,0.67,0.21,0.05,,0.9,,,,,,,,,,,,,644,,,,,35.1,,,19,,1.9,,,,1.1,,,,,,5,,,,,16.5,,0.3,,,,,,21.2,,,,,,,35,,,7,,,4,,129,,0.4,,,,,,,,,12,1.2,,130,,,,,,,,,32.828283,,,,,,,,,,,,1
DDH1337 298m,,GEOROC,n/a,The Giant El Teniente Breccia Deposit: Hypogene Copper Distribution and Emplacement.,Soc. Econ. Geol. Spec. Pub.,Skewes et al.,2002,El Teniente,El Teniente,Cu-Mo,CA,Giant,128.5322,,,,,,,,,,,,syn,1,Miocene,6.3,,Spencer et al 2147,5.67,0.19,,,,,Skewes et al. (2002),Chile,,,,,,,,,,A Porphyry,,,,,,,51.14,18.66,6.88,,6.190624,3.47,5.69,5.08,2.94,1.02,0.14,0.04,,4.7,,,,,,,,,,,,,981,,,,,18,,,22,,11,,,,0.8,,,,,,,,,,,9.5,,0.1,,,,,,10,,,,,,,185,,,0.8,,,2.3,,569,,0.4,,2.7,,,,,,,11,0.8,,81,,,,,,,,,37.310827,,,,,,,,,,,,1
540-2082,,GEOROC,https://doi.org/10.1093/petrology/egq029,Magmatic Evolution of the Giant El Teniente CuûMo Deposit_ Central Chile,Econ. Geol,Stern et al,2011,El Teniente,El Teniente,Cu-Mo,CA,Giant,128.5322,,,,,,,,,,,,Pre,3,Oligocene,6.3,,Spencer et al 2151,23.9,,,,,,Stern et al 2011,Chile,,,,,,,,,,Abanico,,,,,,,51.3,18.68,9.89,,8.899022,5.23,9,3.21,1,1.07,0.22,0.15,,1.07,,,,,0.07,,,,,,,,158,,,,,20.3,,,263,,5.3,204,3.3,1.9,1.29,,,,3.5,,1.9,,0.6,,,9.2,,0.24,,,,,,13.3,75,,,,2.8,,54,,,27,,,3.3,,535,,0.6,,1.3,,,0.3,,,,17,1.7,,73,,,,,,,,,33.785249,,,,,,,,,,,,0
1411-1630,,GEOROC,https://doi.org/10.1093/petrology/egq029,Magmatic Evolution of the Giant El Teniente CuûMo Deposit_ Central Chile,Econ. Geol,Stern et al,2011,El Teniente,El Teniente,Cu-Mo,CA,Giant,128.5322,,,,,,,,,,,,Pre,3,Oligocene,6.3,,Spencer et al 2152,23.9,,,,,,Stern et al 2011,Chile,,,,,,,,,,Abanico,,,,,,,51.08,17.07,11.04,,9.933792,5.75,6.58,2.15,2.56,1.09,0.19,0.08,,1.46,,,,,1.112,,,,,,,,100,,,,,26.4,,,292,,18,1325,3,1.6,1.04,,,,3.11,,1.7,,0.6,,,11.4,,0.21,,,,,,15.5,198,,,,3.4,,159,,,30,,,3.71,,383,,0.51,,1.2,,,0.24,,,,15,1.48,,56,,,,,,,,,48.767606,,,,,,,,,,,,0
EX2004-04,,GEOROC,https://doi.org/10.1093/petrology/egq029,Magmatic Evolution of the Giant El Teniente CuûMo Deposit_ Central Chile,Econ. Geol,Stern et al,2011,El Teniente,El Teniente,Cu-Mo,CA,Giant,128.5322,,,,,,,,,,,,Pre,3,Oligocene,6.3,,Spencer et al 2153,23.9,,,,,,Stern et al 2011,Chile,,,,,,,,,,Abanico,,,,,,,51.94,18.19,,8.78,8.78,5.71,7.87,3.82,1.01,0.92,0.2,0.13,,0.98,,,,,0.04,,,,,,,,235,,,,,30.3,,,268,,7,115,3.4,1.9,1.22,,,,3.7,,2.7,,0.7,,,13.4,,0.25,,,,,,16.6,134,,,,3.72,,26,,,21,,,4,,468,,0.6,,3.7,,,0.28,,,,15,1.7,,86,,,,,,,,,36.501901,,,,,,,,,,,,0
QT-4,,GEOROC,https://doi.org/10.1093/petrology/egq029,Magmatic Evolution of the Giant El Teniente CuûMo Deposit_ Central Chile,Econ. Geol,Stern et al,2011,El Teniente,El Teniente,Cu-Mo,CA,Giant,128.5322,,,,,,,,,,,,Pre,3,Oligocene,6.3,,Spencer et al 2154,23.9,,,,,,Stern et al 2011,Chile,,,,,,,,,,Abanico,,,,,,,49.65,17.96,,9.9,9.9,5.29,6.56,4.3,1.03,1,0.22,0.53,,4.53,,,,,0.02,,,,,,,,310,,,,,26.5,,,41,,0.8,20,3.3,2,1.16,,,,3.4,,2.5,,0.7,,,11.5,,0.25,,,,,,15.8,30,,,,3.2,,29,,,24,,,3.9,,595,,0.6,,2.9,,,0.27,,,,17,1.6,,74,,,,,,,,,36.786962,,,,,,,,,,,,0
AS-99-1C,,GEOROC,https://doi.org/10.1093/petrology/egq029,Magmatic Evolution of the Giant El Teniente CuûMo Deposit_ Central Chile,Econ. Geol,Stern et al,2011,El Teniente,El Teniente,Cu-Mo,CA,Giant,128.5322,,,,,,,,,,,,Pre,3,Oligocene,6.3,,Spencer et al 2155,23.9,,,,,,Stern et al 2011,Chile,,,,,,,,,,Abanico,,,,,,,59.78,17.67,3.5,3.46,6.6093,1.72,4.12,3.97,2.05,0.74,0.2,0.2,,2.4,,,,,0.03,,,,,,,,517,,,,,34,,,,,11.7,125,3.1,1.8,1.05,,,,3.4,,4.9,,0.6,,,15.8,,0.22,,,,,,18.9,,,,,4.22,,73,,,14,,,3.8,,547,,0.5,,11.1,,,0.25,,,,18,1.5,,164,,,,,,,,,31.787521,,,,,,,,,,,,0
400S/1780E,,GEOROC,https://doi.org/10.1093/petrology/egq029,Magmatic Evolution of the Giant El Teniente CuûMo Deposit_ Central Chile,Econ. Geol,Stern et al,2011,El Teniente,El Teniente,Cu-Mo,CA,Giant,128.5322,,,,,,,,,,,,pre-early,2,Miocene,6.3,,Spencer et al 2156,7.05,0.14,,,,,Stern et al 2011,Chile,,,,,,,,,,Sewell,,,,,,,62.05,18.38,1.71,1.72,3.258658,1.58,4.41,5.98,1.47,0.57,0.19,0.07,,1.5,,,,,0.04,,,,,,,,501,,,,,33.3,,,50,,7.4,250,1,0.5,0.88,,,,1.9,,2.7,,0.2,,,16.4,,0.06,,,,,,16.2,,,,,4.32,,60,,,6,,,2.9,,946,,0.2,,1.7,,,0.07,,,,6,0.4,,104,,,,,,,,,22.693452,,,,,,,,,,,,1
1529-1182,,GEOROC,https://doi.org/10.1093/petrology/egq029,Magmatic Evolution of the Giant El Teniente CuûMo Deposit_ Central Chile,Econ. Geol,Stern et al,2011,El Teniente,El Teniente,Cu-Mo,CA,Giant,128.5322,,,,,,,,,,,,Pre,3,Oligocene,6.3,,Spencer et al 2157,23.9,,,,,,Stern et al 2011,Chile,,,,,,,,,,Abanico,,,,,,,46.57,20.56,,9.7,9.7,4.54,10.84,4.05,1.02,1.11,0.29,0.12,,0.54,,,,,0.5628,,,,,,,,195,,,,,27.9,,,35,,4.7,1084,,,1.15,,,,,,2.3,,,,,11.4,,0.31,,,,,,17.8,13,,,,,,58,,,25,,,4.03,,594,,0.55,,1.8,,,,,,,,2.18,,54,,,,,,,,,27.188264,,,,,,,,,,,,0
1698-1022,,GEOROC,https://doi.org/10.1093/petrology/egq029,Magmatic Evolution of the Giant El Teniente CuûMo Deposit_ Central Chile,Econ. Geol,Stern et al,2011,El Teniente,El Teniente,Cu-Mo,CA,Giant,128.5322,,,,,,,,,,,,Pre,3,Oligocene,6.3,,Spencer et al 2158,23.9,,,,,,Stern et al 2011,Chile,,,,,,,,,,Abanico,,,,,,,48.62,20.39,,9.22,9.22,4.74,10.14,3.28,1.27,1.16,0.2,0.17,,0.75,,,,,0.134,,,,,,,,143,,,,,23.9,,,47,,6.1,599,,,1.28,,,,,,2.4,,,,,10.4,,0.29,,,,,,16.4,,,,,,,59,,,27.9,,,4.02,,458,,0.63,,1.5,,,,,,,,1.91,,,,,,,,,,,30.931549,,,,,,,,,,,,0
1411-1651,,GEOROC,https://doi.org/10.1093/petrology/egq029,Magmatic Evolution of the Giant El Teniente CuûMo Deposit_ Central Chile,Econ. Geol,Stern et al,2011,El Teniente,El Teniente,Cu-Mo,CA,Giant,128.5322,,,,,,,,,,,,Pre,3,Oligocene,6.3,,Spencer et al 2159,23.9,,,,,,Stern et al 2011,Chile,,,,,,,,,,Abanico,,,,,,,48.97,16.99,,10.52,10.52,5.81,9.57,3.42,0.69,1.22,0.2,0.15,,1.11,,,,,0.168,,,,,,,,66,,,,,26.8,,,304,,2.6,240,3.5,1.9,1.37,,,,3.51,,1.7,,0.7,,,11.8,,0.27,,,,,,15.8,103,,,,3.4,,32,,,31,,,3.88,,472,,0.58,,1.3,,,0.3,,,,18,1.76,,56,,,,,,,,,33.350436,,,,,,,,,,,,0
1826-367,,GEOROC,https://doi.org/10.1093/petrology/egq029,Magmatic Evolution of the Giant El Teniente CuûMo Deposit_ Central Chile,Econ. Geol,Stern et al,2011,El Teniente,El Teniente,Cu-Mo,CA,Giant,128.5322,,,,,,,,,,,,Pre,3,Oligocene,6.3,,Spencer et al 2160,23.9,,,,,,Stern et al 2011,Chile,,,,,,,,,,Abanico,,,,,,,50.65,19.11,,8.85,8.85,4.17,7.8,1.68,2.23,1.01,0.21,0.09,,1.76,,,,,0.16,,,,,,,,95,,,,,23.6,,,,,14.9,184,3.8,2.1,1.08,,,,3.7,,2.4,,0.7,,,9.3,,0.26,,,,,,14.1,,,,,2.9,,159,,,22,,,3.6,,392,,0.6,,1.8,,,0.29,,,,18,1.7,,80,,,,,,,,,40.302267,,,,,,,,,,,,0
1591-24,,GEOROC,https://doi.org/10.1093/petrology/egq029,Magmatic Evolution of the Giant El Teniente CuûMo Deposit_ Central Chile,Econ. Geol,Stern et al,2011,El Teniente,El Teniente,Cu-Mo,CA,Giant,128.5322,,,,,,,,,,,,Pre,3,Oligocene,6.3,,Spencer et al 2161,23.9,,,,,,Stern et al 2011,Chile,,,,,,,,,,Abanico,,,,,,,51.02,17.84,,7.6,7.6,5.7,9.82,3.03,0.89,0.92,0.19,0.12,,1.87,,,,,0.55,,,,,,,,90,,,,,16.6,,,243,,3.5,1910,3.8,1.9,1.1,,,,3,,1.7,,0.7,,,6.3,,0.2,,,,,,9.9,79,,,,2,,46,,,28,,,2.8,,485,,0.6,,1.1,,,0.3,,,,17,1.7,,62,,,,,,,,,33.899177,,,,,,,,,,,,0
1899-1506,,GEOROC,https://doi.org/10.1093/petrology/egq029,Magmatic Evolution of the Giant El Teniente CuûMo Deposit_ Central Chile,Econ. Geol,Stern et al,2011,El Teniente,El Teniente,Cu-Mo,CA,Giant,128.5322,,,,,,,,,,,,Pre,3,Oligocene,6.3,,Spencer et al 2162,23.9,,,,,,Stern et al 2011,Chile,,,,,,,,,,Abanico,,,,,,,49.73,18.24,,8,8,5.15,10.75,3.02,0.46,1.1,0.21,0.13,,2.03,,,,,0.59,,,,,,,,67,,,,,20,,,98,,1.7,785,3.1,1.8,1.1,,,,3.6,,2,,0.6,,,8.1,,0.24,,,,,,14,20,,,,2.9,,19,,,32,,,3.4,,534,,0.6,,1.9,,,0.27,,,,17,1.5,,56,,,,,,,,,28.947368,,,,,,,,,,,,0
1515-480,,GEOROC,https://doi.org/10.1093/petrology/egq029,Magmatic Evolution of the Giant El Teniente CuûMo Deposit_ Central Chile,Econ. Geol,Stern et al,2011,El Teniente,El Teniente,Cu-Mo,CA,Giant,128.5322,,,,,,,,,,,,Pre,3,Oligocene,6.3,,Spencer et al 2163,23.9,,,,,,Stern et al 2011,Chile,,,,,,,,,,Abanico,,,,,,,49.2,18.64,,8.22,8.22,5.33,9.08,1.91,2,1.16,0.23,0.11,,2.39,,,,,0.35,,,,,,,,104,,,,,29.4,,,276,,11.7,725,3.8,2,1.3,,,,4,,2.5,,0.7,,,12.2,,0.3,,,,,,17.2,71,,,,3.6,,116,,,27,,,4,,469,,0.7,,1.5,,,0.3,,,,19,1.7,,86,,,,,,,,,40.010917,,,,,,,,,,,,0
1914-162,,GEOROC,https://doi.org/10.1093/petrology/egq029,Magmatic Evolution of the Giant El Teniente CuûMo Deposit_ Central Chile,Econ. Geol,Stern et al,2011,El Teniente,El Teniente,Cu-Mo,CA,Giant,128.5322,,,,,,,,,,,,Pre,3,Oligocene,6.3,,Spencer et al 2164,23.9,,,,,,Stern et al 2011,Chile,,,,,,,,,,Abanico,,,,,,,51.96,18.7,,5.39,5.39,4.68,5.86,3.41,3.37,1.07,0.22,0.04,,3.43,,,,,1.45,,,,,,,,413,,,,,28,,,259,,12.4,3540,4.2,2.3,1.18,,,,4.2,,2.8,,0.8,,,11.4,,0.32,,,,,,16.1,,,,,3.4,,159,,,24,,,3.9,,419,,0.7,,2,,,0.36,,,,22,2.2,,99,,,,,,,,,46.47806,,,,,,,,,,,,0
QT5,,GEOROC,https://doi.org/10.1093/petrology/egq029,Magmatic Evolution of the Giant El Teniente CuûMo Deposit_ Central Chile,Econ. Geol,Stern et al,2011,El Teniente,El Teniente,Cu-Mo,CA,Giant,128.5322,,,,,,,,,,,,Pre,3,Oligocene,6.3,,Spencer et al 2165,23.9,,,,,,Stern et al 2011,Chile,,,,,,,,,,Abanico,,,,,,,50.28,18.32,,8.75,8.75,3.81,9.43,2.93,2.08,0.99,0.2,0.37,,1.88,,,,,0.03,,,,,,,,414,,,,,28.3,,,43,,4,47,4.2,2.6,1.52,,,,4.1,,2.6,,0.9,,,12.6,,0.34,,,,,,17.3,28,,,,3.5,,78,,,25,,,4.4,,549,,0.7,,2.6,,,0.36,,,,23,2.2,,71,,,,,,,,,32.273973,,,,,,,,,,,,0
AM2,,GEOROC,https://doi.org/10.1093/petrology/egq029,Magmatic Evolution of the Giant El Teniente CuûMo Deposit_ Central Chile,Econ. Geol,Stern et al,2011,El Teniente,El Teniente,Cu-Mo,CA,Giant,128.5322,,,,,,,,,,,,Pre,3,Oligocene,6.3,,Spencer et al 2166,23.9,,,,,,Stern et al 2011,Chile,,,,,,,,,,Abanico,,,,,,,49.3,20.67,,8.74,8.74,3.78,9.33,4.4,0.52,0.98,0.25,0.13,,0.58,,,,,0.05,,,,,,,,490,,,,,49.6,,,37,,1.3,,,,1.44,,,,5.6,,5.4,,,,,24.8,,0.37,,,,,,27.1,40,,,,,,41,,,26,,,6.57,,935,,0.87,,7.6,,,,,,,25,2.92,,107,,,,,,,,,23.84914,,,,,,,,,,,,0
AS99-11A,,GEOROC,https://doi.org/10.1093/petrology/egq029,Magmatic Evolution of the Giant El Teniente CuûMo Deposit_ Central Chile,Econ. Geol,Stern et al,2011,El Teniente,El Teniente,Cu-Mo,CA,Giant,128.5322,,,,,,,,,,,,Pre,3,Oligocene,6.3,,Spencer et al 2167,23.9,,,,,,Stern et al 2011,Chile,,,,,,,,,,Abanico,,,,,,,56.15,17.9,,6.32,6.32,3.17,5.79,4.22,1.62,0.84,0.25,0.12,,2.4,,,,,0.03,,,,,,,,456,,,,,36.7,,,,,1.3,407,,,1.3,,,,4,,3.1,,,,,16.7,,0.2,,,,,,20.2,29,,,,,,31,,,15,,,4.3,,581,,0.6,,4.3,,,,,,,17,1.3,,120,,,,,,,,,32.364865,,,,,,,,,,,,0
AS99-10,,GEOROC,https://doi.org/10.1093/petrology/egq029,Magmatic Evolution of the Giant El Teniente CuûMo Deposit_ Central Chile,Econ. Geol,Stern et al,2011,El Teniente,El Teniente,Cu-Mo,CA,Giant,128.5322,,,,,,,,,,,,Pre,3,Oligocene,6.3,,Spencer et al 2168,23.9,,,,,,Stern et al 2011,Chile,,,,,,,,,,Abanico,,,,,,,57.78,18.24,,7.26,7.26,3.42,4.65,3.01,0.16,0.88,0.25,0.16,,3.41,,,,,0.05,,,,,,,,152,,,,,35.1,,,23,,1.4,246,2.7,1.4,1.2,,,,3.5,,2.7,,0.5,,,16.4,,0.2,,,,,,18.9,24,,,,4.4,,5,,,15,,,4,,483,,0.5,,4.2,,,0.2,,,,14,1.2,,103,,,,,,,,,31.850534,,,,,,,,,,,,0
ES85-95,,GEOROC,https://doi.org/10.1093/petrology/egq029,Magmatic Evolution of the Giant El Teniente CuûMo Deposit_ Central Chile,Econ. Geol,Stern et al,2011,El Teniente,El Teniente,Cu-Mo,CA,Giant,128.5322,,,,,,,,,,,,Pre,3,Oligocene,6.3,,Spencer et al 2169,23.9,,,,,,Stern et al 2011,Chile,,,,,,,,,,Abanico,,,,,,,57.75,18.19,,8.76,8.76,2.45,4.16,4.59,0.44,0.87,0.25,0.06,,1.97,,,,,0.02,,,,,,,,217,,,,,29.9,,,,,2.8,311,3,1.6,1.2,,,,3.5,,3.6,,0.6,,,14,,0.2,,,,,,16.1,23,,,,3.8,,19,,,17,,,3.4,,510,,0.6,,5.8,,,0.22,,,,16,1.4,,143,,,,,,,,,24.828179,,,,,,,,,,,,0
AS99-4,,GEOROC,https://doi.org/10.1093/petrology/egq029,Magmatic Evolution of the Giant El Teniente CuûMo Deposit_ Central Chile,Econ. Geol,Stern et al,2011,El Teniente,El Teniente,Cu-Mo,CA,Giant,128.5322,,,,,,,,,,,,Pre,3,Oligocene,6.3,,Spencer et al 2170,23.9,,,,,,Stern et al 2011,Chile,,,,,,,,,,Abanico,,,,,,,59.03,17.78,,5.64,5.64,2.41,5.93,3.94,1.84,0.78,0.22,0.08,,1.63,,,,,0.05,,,,,,,,443,,,,,35.4,,,21,,2.3,259,2.7,1.5,1,,,,3.1,,3.7,,0.5,,,16,,0.2,,,,,,17.7,29,,,,4.3,,55,,,15,,,3.7,,549,,0.5,,6.8,,,0.21,,,,14,1.4,,147,,,,,,,,,30.09915,,,,,,,,,,,,0
AS99-13C,,GEOROC,https://doi.org/10.1093/petrology/egq029,Magmatic Evolution of the Giant El Teniente CuûMo Deposit_ Central Chile,Econ. Geol,Stern et al,2011,El Teniente,El Teniente,Cu-Mo,CA,Giant,128.5322,,,,,,,,,,,,Pre,3,Oligocene,6.3,,Spencer et al 2171,23.9,,,,,,Stern et al 2011,Chile,,,,,,,,,,Abanico,,,,,,,60.3,16.86,3.37,2.49,5.522326,2.69,5.4,3.84,2.36,0.72,0.2,0.1,,1.73,,,,,0.01,,,,,,,,428,,,,,35.3,,,,,1.8,55,,,1.03,,,,3.3,,4.8,,,,,15.9,,0.22,,,,,,20,,,,,,,80,,,13,,,4,,476,,0.5,,9.2,,,,,,,16,1.5,,167,,,,,,,,,35.339398,,,,,,,,,,,,0
1826-2280,,GEOROC,https://doi.org/10.1093/petrology/egq029,Magmatic Evolution of the Giant El Teniente CuûMo Deposit_ Central Chile,Econ. Geol,Stern et al,2011,El Teniente,El Teniente,Cu-Mo,CA,Giant,128.5322,,,,,,,,,,,,pre-early,2,Miocene,6.3,,Spencer et al 2172,7.05,0.14,,,,,Stern et al 2011,Chile,,,,,,,,,,Sewell,,,,,,,62.74,17.59,1.78,,1.601644,1.52,4.47,5.63,1.82,0.58,0.18,,,1.45,,,,,0.05,,,,,,,,530,,,,,29.3,,,,,3.3,60,1.04,0.5,0.77,,,,1.8,,3,,0.2,,,14.4,,0.07,,,,,,14.3,,,,,3.79,,65,,,5,,,2.6,,773,,0.2,,3.7,,,0.08,,,,5,0.5,,109,,,,,,,,,24.85119,,,,,,,,,,,,1
1331-305,,GEOROC,https://doi.org/10.1093/petrology/egq029,Magmatic Evolution of the Giant El Teniente CuûMo Deposit_ Central Chile,Econ. Geol,Stern et al,2011,El Teniente,El Teniente,Cu-Mo,CA,Giant,128.5322,,,,,,,,,,,,pre-early,2,Miocene,6.3,,Spencer et al 2173,7.05,0.14,,,,,Stern et al 2011,Chile,,,,,,,,,,Sewell,,,,,,,63.58,17.29,,,3.86,1.55,3.9,4.27,1.78,0.54,0.18,0.04,,4.15,,,,,1.15,,,,,,,,435,,,,,33.6,,,13,,3.6,1340,1.28,0.67,0.86,,,,2.39,,2.7,,0.23,,,16.3,,0.09,,,,,,16.5,35,,,,4.25,,65.7,,,7,,,3.02,,629,,0.28,,3.5,,,0.09,,,,7,0.57,,106,,,,,,,,,28.956522,,,,,,,,,,,,1
1334-291.5,,GEOROC,https://doi.org/10.1093/petrology/egq029,Magmatic Evolution of the Giant El Teniente CuûMo Deposit_ Central Chile,Econ. Geol,Stern et al,2011,El Teniente,El Teniente,Cu-Mo,CA,Giant,128.5322,,,,,,,,,,,,pre-early,2,Miocene,6.3,,Spencer et al 2174,7.05,0.14,,,,,Stern et al 2011,Chile,,,,,,,,,,Sewell,,,,,,,64.23,15.83,,,2.57,1.36,3.7,4.16,2.73,0.51,0.16,0.02,,4.02,,,,,1.41,,,,,,,,526,,,,,24.1,,,12,,3.3,3440,0.78,0.37,0.59,,,,1.65,,3,,0.14,,,12.6,,0.05,,,,,,11.1,44,,,,2.91,,120.8,,,6,,,1.93,,559,,0.17,,4.7,,,0.05,,,,5,0.32,,116,,,,,,,,,34.225941,,,,,,,,,,,,1
190N/1740E,,GEOROC,https://doi.org/10.1093/petrology/egq029,Magmatic Evolution of the Giant El Teniente CuûMo Deposit_ Central Chile,Econ. Geol,Stern et al,2011,El Teniente,El Teniente,Cu-Mo,CA,Giant,128.5322,,,,,,,,,,,,pre-early,2,Miocene,6.3,,Spencer et al 2175,7.05,0.14,,,,,Stern et al 2011,Chile,,,,,,,,,,Sewell,,,,,,,64.92,16.55,0.47,1.72,2.142906,1.24,3.37,5.89,1.54,0.46,0.15,0.03,,3.27,,,,,0.24,,,,,,,,432,,,,,36.7,,,,,1.9,1050,1,0.4,0.72,,,,1.9,,3.1,,0.2,,,17.8,,0.06,,,,,,17.3,,,,,4.67,,57,,,5,,,3.2,,633,,0.2,,4,,,0.06,,,,5,0.4,,116,,,,,,,,,23.089701,,,,,,,,,,,,1
500S/1725E,,GEOROC,https://doi.org/10.1093/petrology/egq029,Magmatic Evolution of the Giant El Teniente CuûMo Deposit_ Central Chile,Econ. Geol,Stern et al,2011,El Teniente,El Teniente,Cu-Mo,CA,Giant,128.5322,,,,,,,,,,,,pre-early,2,Miocene,6.3,,Spencer et al 2176,7.05,0.14,,,,,Stern et al 2011,Chile,,,,,,,,,,Sewell,,,,,,,66.35,15.82,0.91,1.72,2.538818,1.02,2.86,4.68,2.71,0.38,0.14,0.04,,2.85,,,,,0.08,,,,,,,,605,,,,,27.3,,,,,4.8,880,0.8,0.4,0.59,,,,1.3,,2.7,,0.15,,,14.2,,0.05,,,,,,12.3,,,,,3.38,,78,,,4,,,2.1,,585,,0.2,,4.8,,,0.06,,,,4,0.4,,91,,,,,,,,,33.096717,,,,,,,,,,,,1
1824-655,,GEOROC,https://doi.org/10.1093/petrology/egq029,Magmatic Evolution of the Giant El Teniente CuûMo Deposit_ Central Chile,Econ. Geol,Stern et al,2011,El Teniente,El Teniente,Cu-Mo,CA,Giant,128.5322,,,,,,,,,,,,Syn,1,Miocene,6.3,,Spencer et al 2177,6.09,0.18,,,,,Stern et al 2011,Chile,,,,,,,,,,Dacitic porphyries,,,,,,,62.9,16.16,1.43,,1.286714,0.89,2.74,3.84,5.98,0.43,0.14,0.04,,4.89,,,,,0.65,,,,,,,,815,,,,,24,,,,,2.9,2520,0.4,0.2,0.36,,,,0.6,,2.7,,,,,13.3,,0.04,,,,,,7.4,,,,,2.47,,142,,,3,,,1,,415,,,,2.8,,,,,,,3,0.3,,95,,,,,,,,,51.078067,,,,,,,,,,,,1
1473-970,,GEOROC,https://doi.org/10.1093/petrology/egq029,Magmatic Evolution of the Giant El Teniente CuûMo Deposit_ Central Chile,Econ. Geol,Stern et al,2011,El Teniente,El Teniente,Cu-Mo,CA,Giant,128.5322,,,,,,,,,,,,syn,1,Miocene,6.3,,Spencer et al 2178,5.67,0.19,,,,,Stern et al 2011,Chile,,,,,,,,,,A Porphyry,,,,,,,48.45,18.62,7.54,,6.784492,4.73,5.73,4.33,3.63,1.01,0.22,0.03,,4.66,,,,,1.44,,,,,,,,244,,,,,21.4,,,,,16.3,899,2.69,1.39,1,,,,2.96,,2.8,,0.5,,,10.6,,0.16,,,,,,13.43,,,,,2.84,,209,,,21,,,3.44,,499,,0.51,,0.8,,,0.19,,,,13,1.12,,95,,,,,,,,,45.385451,,,,,,,,,,,,1
1300-403,,GEOROC,https://doi.org/10.1093/petrology/egq029,Magmatic Evolution of the Giant El Teniente CuûMo Deposit_ Central Chile,Econ. Geol,Stern et al,2011,El Teniente,El Teniente,Cu-Mo,CA,Giant,128.5322,,,,,,,,,,,,syn,1,Miocene,6.3,,Spencer et al 2179,5.28,0.1,,,,,Stern et al 2011,Chile,,,,,,,,,,Teniente Dacite Porphyry,,,,,,,66.26,16.85,1.83,,1.646634,1.01,2.82,5.53,2.64,0.38,0.14,0.02,,1.95,,,,,0.92,,,,,,,,644,,,,,20.1,,,11,,1.5,6000,0.8,0.5,0.65,,,,1.4,,2.4,,0.18,,,10.4,,0.06,,,,,,9,34,,,,2.42,,66.7,,,4,,,1.58,,699,,0.2,,2.8,,,0.07,,,,5,0.4,,94,,,,,,,,,30.416667,,,,,,,,,,,,1
1134-302,,GEOROC,https://doi.org/10.1093/petrology/egq029,Magmatic Evolution of the Giant El Teniente CuûMo Deposit_ Central Chile,Econ. Geol,Stern et al,2011,El Teniente,El Teniente,Cu-Mo,CA,Giant,128.5322,,,,,,,,,,,,syn,1,Miocene,6.3,,Spencer et al 2180,5.28,0.1,,,,,Stern et al 2011,Chile,,,,,,,,,,Teniente Dacite Porphyry,,,,,,,64.42,17.76,0.9,,0.80982,1.02,3.69,6.8,2.67,0.53,0.2,,,3.35,,,,,0.86,,,,,,,,464,,,,,30.74,,,58,,3.9,2410,0.76,0.35,0.69,,,,1.9,,2.6,,0.13,,,15.15,,0.05,,,,,,15.11,78,,,,3.92,,54.6,,,4,,,2.51,,823,,0.17,,2.7,,,0.04,,,,4,0.28,,95,,,,,,,,,26.022567,,,,,,,,,,,,1
1134-79,,GEOROC,https://doi.org/10.1093/petrology/egq029,Magmatic Evolution of the Giant El Teniente CuûMo Deposit_ Central Chile,Econ. Geol,Stern et al,2011,El Teniente,El Teniente,Cu-Mo,CA,Giant,128.5322,,,,,,,,,,,,syn,1,Miocene,6.3,,Spencer et al 2181,5.28,0.1,,,,,Stern et al 2011,Chile,,,,,,,,,,Teniente Dacite Porphyry,,,,,,,59.89,16.73,1.7,,1.52966,2.22,4.77,5.55,2.93,0.61,0.17,0.01,,4.83,,,,,0.28,,,,,,,,762,,,,,27.9,,,40,,3.9,310,1.5,0.8,0.78,,,,2.2,,2.5,,0.3,,,13.9,,0.11,,,,,,14.1,,,,,3.68,,87,,,9,,,2.8,,680,,0.3,,2.6,,,0.12,,,,8,0.8,,90,,,,,,,,,33.290239,,,,,,,,,,,,1
1394-92,,GEOROC,https://doi.org/10.1093/petrology/egq029,Magmatic Evolution of the Giant El Teniente CuûMo Deposit_ Central Chile,Econ. Geol,Stern et al,2011,El Teniente,El Teniente,Cu-Mo,CA,Giant,128.5322,,,,,,,,,,,,late-syn,2,Miocene,6.3,,Spencer et al 2182,4.82,0.09,,,,,Stern et al 2011,Chile,,,,,,,,,,Latite Dike,,,,,,,60.93,17.24,2.14,,1.925572,1.86,4.61,4.76,2.23,0.63,0.21,0.02,,5.74,,,,,0.142,,,,,,,,311,,,,,30.9,,,42,,2.7,1250,1,0.5,0.83,,,,2.3,,2.9,,0.2,,,14.6,,0.07,,,,,,15.3,86,,,,4,,80.5,,,8,,,2.8,,742,,0.2,,2.3,,,0.07,,,,6,0.4,,108,,,,,,,,,30.38633,,,,,,,,,,,,1
1309-1033,,GEOROC,https://doi.org/10.1093/petrology/egq029,Magmatic Evolution of the Giant El Teniente CuûMo Deposit_ Central Chile,Econ. Geol,Stern et al,2011,El Teniente,El Teniente,Cu-Mo,CA,Giant,128.5322,,,,,,,,,,,,Syn,1,Miocene,6.3,,Spencer et al 2183,6.09,0.18,,,,,Stern et al 2011,Chile,,,,,,,,,,Northern Dacitic Porphyries,,,,,,,63.02,16.68,,2.56,2.56,2.17,3.5,5.3,2.02,0.57,0.17,0.03,,3.29,,,,,0.24,,,,,,,,309,,,,,29.9,,,,,6.3,2950,1.3,0.6,0.85,,,,2,,2.8,,0.2,,,15.1,,0.09,,,,,,14,,,,,3.77,,108,,,7,,,2.7,,614,,0.3,,3,,,0.09,,,,7,0.6,,96,,,,,,,,,32.255581,,,,,,,,,,,,1
2331-195.2M,,GEOROC,https://doi.org/10.1093/petrology/egq029,Magmatic Evolution of the Giant El Teniente CuûMo Deposit_ Central Chile,Econ. Geol,Stern et al,2011,El Teniente,El Teniente,Cu-Mo,CA,Giant,128.5322,,,,,,,,,,,,Syn,1,Miocene,6.3,,Spencer et al 2184,6.09,0.18,,,,,Stern et al 2011,Chile,,,,,,,,,,Northern Dacitic Porphyries,,,,,,,56.78,16.32,,2.41,2.41,2.43,5.67,4.59,1.89,0.69,0.22,0.02,,7.48,,,,,1.53,,,,,,,,400,,,,,31.5,,,,,5,2220,1.75,0.87,0.92,,,,2.38,,2.8,,0.31,,,14.7,,0.12,,,,,,15,,,,,3.74,,99,,,10,,,2.91,,791,,0.33,,2.1,,,0.12,,,,11,0.81,,101,,,,,,,,,29.62963,,,,,,,,,,,,1
1824-795,,GEOROC,https://doi.org/10.1093/petrology/egq029,Magmatic Evolution of the Giant El Teniente CuûMo Deposit_ Central Chile,Econ. Geol,Stern et al,2011,El Teniente,El Teniente,Cu-Mo,CA,Giant,128.5322,,,,,,,,,,,,syn,1,Miocene,6.3,,Spencer et al 2185,6.09,0.18,,,,,Stern et al 2011,Chile,,,,,,,,,,Central Dacite,,,,,,,63.09,16.01,,1.95,1.95,1.2,2.24,2.8,7.07,0.44,0.14,0.01,,4.42,,,,,0.61,,,,,,,,867,,,,,27.7,,,,,2.2,3370,0.8,0.4,0.7,,,,1.2,,2.6,,0.1,,,11.8,,0.1,,,,,,11,,,,,3.23,,142,,,5,,,1.8,,395,,0.1,,3,,,0.08,,,,4,0.6,,90,,,,,,,,,62.133734,,,,,,,,,,,,1
2105-260.3M,,GEOROC,https://doi.org/10.1093/petrology/egq029,Magmatic Evolution of the Giant El Teniente CuûMo Deposit_ Central Chile,Econ. Geol,Stern et al,2011,El Teniente,El Teniente,Cu-Mo,CA,Giant,128.5322,,,,,,,,,,,,syn,1,Miocene,6.3,,Spencer et al 2186,6.09,0.18,,,,,Stern et al 2011,Chile,,,,,,,,,,Central Dacite,,,,,,,66.22,15.49,,0.32,0.32,0.54,3.06,4.64,4.36,0.219,0.09,0.02,,4.8,,,,,0.11,,,,,,,,770,,,,,18.3,,,,,7.1,1910,0.65,0.4,0.5,,,,1.1,,2.7,,0.13,,,9.7,,0.05,,,,,,8.2,,,,,2.25,,161,,,3,,,1.6,,390,,0.1,,3.3,,,0.05,,,,4,0.31,,80,,,,,,,,,38.888889,,,,,,,,,,,,1
1134-365,,GEOROC,https://doi.org/10.1093/petrology/egq029,Magmatic Evolution of the Giant El Teniente CuûMo Deposit_ Central Chile,Econ. Geol,Stern et al,2011,El Teniente,El Teniente,Cu-Mo,CA,Giant,128.5322,,,,,,,,,,,,syn,1,Miocene,6.3,,Spencer et al 2187,5.28,0.1,,,,,Stern et al 2011,Chile,,,,,,,,,,Teniente Dacite Porphyry,,,,,,,65.18,16.79,,0.82,0.82,0.91,3.45,6.13,2.66,0.4,0.14,,,3.5,,,,,0.89,,,,,,,,557,,,,,25.4,,,12,,3.6,2410,0.7,0.35,0.58,,,,1.6,,2.8,,0.12,,,12.9,,0.05,,,,,,12,58,,,,3.12,,60.6,,,4,,,2.09,,758,,0.2,,2.6,,,0.05,,,,4,0.3,,104,,,,,,,,,27.148289,,,,,,,,,,,,1
2105-919,,GEOROC,https://doi.org/10.1093/petrology/egq029,Magmatic Evolution of the Giant El Teniente CuûMo Deposit_ Central Chile,Econ. Geol,Stern et al,2011,El Teniente,El Teniente,Cu-Mo,CA,Giant,128.5322,,,,,,,,,,,,late-syn,2,Miocene,6.3,,Spencer et al 2188,4.82,0.09,,,,,Stern et al 2011,Chile,,,,,,,,,,Latite Dike,,,,,,,63.13,17.15,,1.15,1.15,1.15,3.39,4.78,3.48,0.43,0.16,0.07,,4.73,,,,,0.11,,,,,,,,442,,,,,18.3,,,,,7.1,1910,0.7,0.33,0.5,,,,1.1,,2.7,,0.1,,,9.7,,0.05,,,,,,8.2,,,,,2.25,,161,,,7,,,1.6,,339,,0.1,,3.3,,,0.05,,,,8,0.3,,81,,,,,,,,,36.171875,,,,,,,,,,,,1
1529-86,,GEOROC,https://doi.org/10.1093/petrology/egq029,Magmatic Evolution of the Giant El Teniente CuûMo Deposit_ Central Chile,Econ. Geol,Stern et al,2011,El Teniente,El Teniente,Cu-Mo,CA,Giant,128.5322,,,,,,,,,,,,syn,1,Miocene,6.3,,Spencer et al 2189,5.67,0.19,,,,,Stern et al 2011,Chile,,,,,,,,,,A Porphyry (Andesite breccia),,,,,,,47.35,19.33,,7.57,7.57,6.35,4.59,3.77,4.45,1.07,0.24,0.04,,3.08,,,,,0.69,,,,,,,,207,,,,,24.8,,,,,24,648,3.35,2.05,0.97,,,,3.32,,3.1,,0.66,,,11.9,,0.27,,,,,,15.05,,,,,3.18,,228,,,22,,,3.59,,390,,0.58,,3.1,,,0.3,,,,17,1.82,,100,,,,,,,,,56.367432,,,,,,,,,,,,1
1521-94,,GEOROC,https://doi.org/10.1093/petrology/egq029,Magmatic Evolution of the Giant El Teniente CuûMo Deposit_ Central Chile,Econ. Geol,Stern et al,2011,El Teniente,El Teniente,Cu-Mo,CA,Giant,128.5322,,,,,,,,,,,,syn,1,Miocene,6.3,,Spencer et al 2190,5.67,0.19,,,,,Stern et al 2011,Chile,,,,,,,,,,A Porphyry (Andesite breccia),,,,,,,50.01,17.4,,7.33,7.33,6.03,4.66,3.32,3.94,0.99,0.18,0.05,,4.02,,,,,1.11,,,,,,,,205,,,,,20.2,,,,,22,730,2.59,1.47,0.75,,,,2.61,,2.2,,0.49,,,9.64,,0.2,,,,,,10.16,,,,,2.44,,208,,,26,,,2.52,,358,,0.46,,2.2,,,0.22,,,,18,1.34,,71,,,,,,,,,55.543175,,,,,,,,,,,,1
1473-970,,GEOROC,https://doi.org/10.1093/petrology/egq029,Magmatic Evolution of the Giant El Teniente CuûMo Deposit_ Central Chile,Econ. Geol,Stern et al,2011,El Teniente,El Teniente,Cu-Mo,CA,Giant,128.5322,,,,,,,,,,,,syn,1,Miocene,6.3,,Spencer et al 2191,5.67,0.19,,,,,Stern et al 2011,Chile,,,,,,,,,,A Porphyry (Andesite breccia),,,,,,,48.45,18.62,,6.78,6.78,4.73,5.73,4.33,3.63,1.01,0.22,0.03,,4.66,,,,,1.44,,,,,,,,244,,,,,21.4,,,,,16.3,899,2.69,1.39,1,,,,2.96,,2.8,,0.5,,,10.6,,0.16,,,,,,13.43,,,,,2.84,,209,,,21,,,3.44,,499,,0.51,,0.8,,,0.19,,,,13,1.12,,95,,,,,,,,,45.385451,,,,,,,,,,,,1
1337-298M,,GEOROC,https://doi.org/10.1093/petrology/egq029,Magmatic Evolution of the Giant El Teniente CuûMo Deposit_ Central Chile,Econ. Geol,Stern et al,2011,El Teniente,El Teniente,Cu-Mo,CA,Giant,128.5322,,,,,,,,,,,,syn,1,Miocene,6.3,,Spencer et al 2192,5.67,0.19,,,,,Stern et al 2011,Chile,,,,,,,,,,A Porphyry (Andesite breccia),,,,,,,51.14,18.66,,6.19,6.19,3.47,5.69,5.08,2.94,1.02,0.14,0.04,,4.7,,,,,1.56,,,,,,,,366,,,,,18,,,,,19.3,3810,1.8,1,0.79,,,,2.3,,2.7,,0.3,,,9.5,,0.1,,,,,,10,,,,,2.24,,185,,,22,,,2.3,,566,,0.4,,0.8,,,0.14,,,,10,0.8,,76,,,,,,,,,37.310827,,,,,,,,,,,,1
1337-363M,,GEOROC,https://doi.org/10.1093/petrology/egq029,Magmatic Evolution of the Giant El Teniente CuûMo Deposit_ Central Chile,Econ. Geol,Stern et al,2011,El Teniente,El Teniente,Cu-Mo,CA,Giant,128.5322,,,,,,,,,,,,syn,1,Miocene,6.3,,Spencer et al 2193,5.67,0.19,,,,,Stern et al 2011,Chile,,,,,,,,,,A Porphyry (Andesite breccia),,,,,,,51.65,16.07,,5.61,5.61,4.38,6.68,3.43,3.05,0.92,0.13,0.04,,6.28,,,,,2.27,,,,,,,,195,,,,,24,,,,,19.7,4720,1.55,0.77,0.76,,,,2.09,,2.2,,0.28,,,11,,0.12,,,,,,11.91,,,,,2.84,,221,,,15,,,2.38,,493,,0.29,,4,,,0.11,,,,10,0.7,,77,,,,,,,,,42.360319,,,,,,,,,,,,1
1337-219M,,GEOROC,https://doi.org/10.1093/petrology/egq029,Magmatic Evolution of the Giant El Teniente CuûMo Deposit_ Central Chile,Econ. Geol,Stern et al,2011,El Teniente,El Teniente,Cu-Mo,CA,Giant,128.5322,,,,,,,,,,,,syn,1,Miocene,6.3,,Spencer et al 2194,5.67,0.19,,,,,Stern et al 2011,Chile,,,,,,,,,,A Porphyry (Andesite breccia),,,,,,,48.12,16.61,,6.01,6.01,5.32,6.5,3.95,3.6,0.89,0.27,0.03,,6.63,,,,,2.35,,,,,,,,150,,,,,32.9,,,,,22.5,1420,3.75,2.11,0.95,,,,4.21,,2.3,,0.73,,,14.6,,0.31,,,,,,17.48,,,,,4.12,,207,,,18,,,4.2,,511,,0.69,,2.4,,,0.31,,,,26,1.96,,80,,,,,,,,,46.050594,,,,,,,,,,,,1
1446-266,,GEOROC,https://doi.org/10.1093/petrology/egq029,Magmatic Evolution of the Giant El Teniente CuûMo Deposit_ Central Chile,Econ. Geol,Stern et al,2011,El Teniente,El Teniente,Cu-Mo,CA,Giant,128.5322,,,,,,,,,,,,syn,1,Miocene,6.3,,Spencer et al 2195,5.67,0.19,,,,,Stern et al 2011,Chile,,,,,,,,,,A Porphyry,,,,,,,56.34,13.86,,2.47,2.47,1.41,6.72,3.8,5.68,0.42,0.17,0.02,,7.99,,,,,3.35,,,,,,,,601,,,,,53.7,,,,,5.3,2380,1.89,0.94,0.79,,,,3.17,,3.9,,0.34,,,24.1,,0.11,,,,,,26.12,,,,,6.29,,187,,,2.6,,,4.63,,456,,0.38,,5.9,,,0.13,,,,9,0.79,,81,,,,,,,,,40.261215,,,,,,,,,,,,1
1446-306,,GEOROC,https://doi.org/10.1093/petrology/egq029,Magmatic Evolution of the Giant El Teniente CuûMo Deposit_ Central Chile,Econ. Geol,Stern et al,2011,El Teniente,El Teniente,Cu-Mo,CA,Giant,128.5322,,,,,,,,,,,,syn,1,Miocene,6.3,,Spencer et al 2196,5.67,0.19,,,,,Stern et al 2011,Chile,,,,,,,,,,A Porphyry,,,,,,,55.06,13.83,,2.97,2.97,1.48,5.82,3.26,6.09,0.41,0.16,0.02,,8.04,,,,,2.85,,,,,,,,585,,,,,41.2,,,,,6.7,2610,1.47,0.73,0.56,,,,2.5,,2.6,,0.26,,,20.5,,0.09,,,,,,21.66,,,,,5.06,,175,,,4,,,3.78,,393,,0.32,,2.9,,,0.11,,,,8,0.65,,80,,,,,,,,,45.465465,,,,,,,,,,,,1
1446-637,,GEOROC,https://doi.org/10.1093/petrology/egq029,Magmatic Evolution of the Giant El Teniente CuûMo Deposit_ Central Chile,Econ. Geol,Stern et al,2011,El Teniente,El Teniente,Cu-Mo,CA,Giant,128.5322,,,,,,,,,,,,syn,1,Miocene,6.3,,Spencer et al 2197,5.67,0.19,,,,,Stern et al 2011,Chile,,,,,,,,,,A Porphyry,,,,,,,53.52,13.23,,1.73,1.73,1.64,11.26,2.33,5.36,0.38,0.19,0.02,,9.74,,,,,5.6,,,,,,,,627,,,,,108.4,,,,,7.4,5560,1.6,0.85,0.98,,,,4.1,,2.2,,0.32,,,54.6,,0.1,,,,,,45.21,,,,,12.06,,227,,,8,,,6.74,,541,,0.43,,4,,,0.11,,,,9,0.68,,77,,,,,,,,,33.997086,,,,,,,,,,,,1
1337-396M,,GEOROC,https://doi.org/10.1093/petrology/egq029,Magmatic Evolution of the Giant El Teniente CuûMo Deposit_ Central Chile,Econ. Geol,Stern et al,2011,El Teniente,El Teniente,Cu-Mo,CA,Giant,128.5322,,,,,,,,,,,,syn,1,Miocene,6.3,,Spencer et al 2198,5.67,0.19,,,,,Stern et al 2011,Chile,,,,,,,,,,A Porphyry,,,,,,,46.97,11.32,,2.16,2.16,1.51,12.86,1.9,6.22,0.39,0.19,0.02,,10.43,,,,,7.1,,,,,,,,627,,,,,62.3,,,,,6.6,6640,1.5,0.75,0.73,,,,3.6,,1.8,,0.3,,,28.7,,0.09,,,,,,29.6,,,,,7.38,,167,,,5,,,4.86,,615,,0.4,,3.6,,,0.1,,,,12,0.7,,71,,,,,,,,,34.370831,,,,,,,,,,,,1
2370-159,,GEOROC,https://doi.org/10.1093/petrology/egq029,Magmatic Evolution of the Giant El Teniente CuûMo Deposit_ Central Chile,Econ. Geol,Stern et al,2011,El Teniente,El Teniente,Cu-Mo,CA,Giant,128.5322,,,,,,,,,,,,Syn,1,Miocene,6.3,,Spencer et al 2199,6.09,0.18,,,,,Stern et al 2011,Chile,,,,,,,,,,Dacitic porphyries,,,,,,,63.96,16.3,2.57,,2.312486,1.08,2.7,5.19,3.11,0.38,0.14,0.04,,3.44,,,,,0.73,,,,,,,,564,,,,,24.3,,,,,7,2210,0.82,0.43,0.63,,,,1.26,,2.8,,0.15,,,12.8,,0.07,,,,,,10.2,,,,,2.66,,124,,,4,,,1.83,,568,,0.16,,3.4,,,0.06,,,,6,0.42,,96,,,,,,,,,34.68543,,,,,,,,,,,,1
1446-266,,GEOROC,https://doi.org/10.1093/petrology/egq029,Magmatic Evolution of the Giant El Teniente CuûMo Deposit_ Central Chile,Econ. Geol,Stern et al,2011,El Teniente,El Teniente,Cu-Mo,CA,Giant,128.5322,,,,,,,,,,,,syn,1,Miocene,6.3,,Spencer et al 2200,5.67,0.19,,,,,Stern et al 2011,Chile,,,,,,,,,,A Porphyry,,,,,,,56.34,13.86,2.74,,2.465452,1.41,6.72,3.8,5.68,0.42,0.17,0.02,,7.99,,,,,3.35,,,,,,,,601,,,,,53.7,,,,,5.3,2380,1.89,0.94,0.79,,,,3.17,,3.9,,0.34,,,24.1,,0.11,,,,,,26.12,,,,,6.29,,187,,,2.6,,,4.63,,456,,0.38,,5.9,,,0.13,,,,9,0.79,,81,,,,,,,,,40.261215,,,,,,,,,,,,1
KET-74,,GEOROC,10.1130/B25431.1,Episodic arc migration_ crustal thickening_ subduction erosion_ and magmatism in the south-central Andes,Geol. Soc. Am. Bull.,Kay et al,2005,El Teniente,El Teniente,Cu-Mo,CA,Giant,128.5322,,,,,,,,,,,,Pre,3,,6.3,,Spencer et al 2201,10.45,,,,,,Kay et al 2005,Chile,,,,,,,,,,Teniente Volcanic Complex,,,,,,,47.75,16.59,,,7.88,2.32,9.21,3.04,2.14,0.98,0.2,0.22,,,,,,,,,,,,,,,520,,,,,22.3,,25,19,,8.4,,,,1.07,,,,,,2,,,,,10,,0.261,,,,,,14.3,9,,2,,,,104,,,20,,,3.94,,270,0.21,0.546,,2.1,,,,0.5,,,,1.76,,,,,,,,,,,26.690604,,,,,,,,,,,,0
KET-69,,GEOROC,10.1130/B25431.1,Episodic arc migration_ crustal thickening_ subduction erosion_ and magmatism in the south-central Andes,Geol. Soc. Am. Bull.,Kay et al,2005,El Teniente,El Teniente,Cu-Mo,CA,Giant,128.5322,,,,,,,,,,,,Pre,3,,6.3,,Spencer et al 2202,10.45,,,,,,Kay et al 2005,Chile,,,,,,,,,,Teniente Volcanic Complex,,,,,,,51.1,20.37,,,8.37,2.87,10.79,3.13,0.37,1.2,0.22,0.19,,,,,,,,,,,,,,,280,,,,,21,,44,20,,0.3,,,,1.27,,,,,,2,,,,,8.8,,0.245,,,,,,14.1,20,,0.5,,,,8,,,23,,,4.17,,520,0.23,0.559,,1.7,,,,0.5,,,,1.81,,,,,,,,,,,18.881119,,,,,,,,,,,,0
KET-52,,GEOROC,10.1130/B25431.1,Episodic arc migration_ crustal thickening_ subduction erosion_ and magmatism in the south-central Andes,Geol. Soc. Am. Bull.,Kay et al,2005,El Teniente,El Teniente,Cu-Mo,CA,Giant,128.5322,,,,,,,,,,,,Pre,3,,6.3,,Spencer et al 2203,10.45,,,,,,Kay et al 2005,Chile,,,,,,,,,,Teniente Volcanic Complex,,,,,,,56.47,18.37,,,7.02,3.45,7.17,3.69,1.01,0.93,0.2,0.17,,,,,,,,,,,,,,,240,,,,,34.9,,38,38,,1.4,,,,1.1,,,,,,4,,,,,16,,0.273,,,,,,20,72,,21,,,,32,,,18,,,5.1,,470,0.59,0.65,,6.3,,,,1.9,,,,1.9,,,,,,,,,,,29.112272,,,,,,,,,,,,0
KET-25,,GEOROC,10.1130/B25431.1,Episodic arc migration_ crustal thickening_ subduction erosion_ and magmatism in the south-central Andes,Geol. Soc. Am. Bull.,Kay et al,2005,El Teniente,El Teniente,Cu-Mo,CA,Giant,128.5322,,,,,,,,,,,,Pre,3,,6.3,,Spencer et al 2204,10.45,,,,,,Kay et al 2005,Chile,,,,,,,,,,Teniente Volcanic Complex,,,,,,,63.7,17.54,,,4.14,1.38,3.71,4.34,2.86,0.57,0.19,0.1,,,,,,,,,,,,,,,470,,,,,37.4,,21,12,,12.9,,,,0.99,,,,,,4.2,,,,,21.4,,0.3,,,,,,19,25,,10,,,,104,,,8,,,4.33,,360,0.69,0.53,,10.1,,,,2.5,,,,2.08,,,,,,,,,,,34.499593,,,,,,,,,,,,0
TTE-75,,GEOROC,10.1130/B25431.1,Episodic arc migration_ crustal thickening_ subduction erosion_ and magmatism in the south-central Andes,Geol. Soc. Am. Bull.,Kay et al,2005,El Teniente,El Teniente,Cu-Mo,CA,Giant,128.5322,,,,,,,,,,,,Pre,3,,6.3,,Spencer et al 2205,10.45,,,,,,Kay et al 2005,Chile,,,,,,,,,,Teniente Volcanic Complex,,,,,,,70.53,13.9,,,1.32,0.36,1.57,3.61,3.84,0.2,0.07,0.06,,,,,,,,,,,,,,,530,,,,,29.7,,2,5,,7.3,,,,0.41,,,,,,8,,,,,17.2,,0.13,,,,,,9.5,1,,12,,,,100,,,2,,,1.8,,240,0.47,0.189,,13.4,,,,3.9,,,,0.85,,,,,,,,,,,44.776119,,,,,,,,,,,,0
TTE-72,,GEOROC,10.1130/B25431.1,Episodic arc migration_ crustal thickening_ subduction erosion_ and magmatism in the south-central Andes,Geol. Soc. Am. Bull.,Kay et al,2005,El Teniente,El Teniente,Cu-Mo,CA,Giant,128.5322,,,,,,,,,,,,Pre,3,,6.3,,Spencer et al 2206,10.45,,,,,,Kay et al 2005,Chile,,,,,,,,,,Teniente Volcanic Complex,,,,,,,74.52,13.85,,,1.24,0.22,1.51,3.8,3.54,0.19,0.08,0.04,,,,,,,,,,,,,,,510,,,,,29.8,,1,5,,5.2,,,,0.42,,,,,,6.9,,,,,18.5,,0.122,,,,,,10.1,1,,13,,,,93,,,2,,,1.82,,220,0.44,0.175,,13,,,,3.8,,,,0.85,,,,,,,,,,,41.455347,,,,,,,,,,,,0
KET-157A,,GEOROC,10.1130/B25431.1,Episodic arc migration_ crustal thickening_ subduction erosion_ and magmatism in the south-central Andes,Geol. Soc. Am. Bull.,Kay et al,2005,El Teniente,El Teniente,Cu-Mo,CA,Giant,128.5322,,,,,,,,,,,,pre-early,2,Miocene,6.3,,Spencer et al 2207,7.05,0.14,,,,,Kay et al 2005,Chile,,,,,,,,,,Sewell (Lower),,,,,,,53.42,18.93,,,7.79,3.58,8.13,4.25,1.19,1.04,0.21,0.14,,,,,,,,,,,,,,,300,,,,,27,,24,22,,0.7,,,,1.15,,,,,,2.7,,,,,13.4,,0.245,,,,,,15.6,22,,2,,,,26,,,21,,,4.13,,540,0.23,0.538,,2.7,,,,0.7,,,,1.7,,,,,,,,,,,27.813411,,,,,,,,,,,,1
TTE-70,,GEOROC,10.1130/B25431.1,Episodic arc migration_ crustal thickening_ subduction erosion_ and magmatism in the south-central Andes,Geol. Soc. Am. Bull.,Kay et al,2005,El Teniente,El Teniente,Cu-Mo,CA,Giant,128.5322,,,,,,,,,,,,pre-early,2,Miocene,6.3,,Spencer et al 2208,7.05,0.14,,,,,Kay et al 2005,Chile,,,,,,,,,,Sewell (Lower),,,,,,,53.59,17.45,,,8.64,4.36,7.51,3.42,1.98,1.09,0.26,0.14,,,,,,,,,,,,,,,320,,,,,32,,28,58,,5.8,,,,1.08,,,,,,5.3,,,,,15.4,,0.316,,,,,,20.1,32,,3,,,,64,,,23,,,5.05,,450,0.33,0.671,,6.9,,,,1.8,,,,2.22,,,,,,,,,,,36.71106,,,,,,,,,,,,1
KET-29,,GEOROC,10.1130/B25431.1,Episodic arc migration_ crustal thickening_ subduction erosion_ and magmatism in the south-central Andes,Geol. Soc. Am. Bull.,Kay et al,2005,El Teniente,El Teniente,Cu-Mo,CA,Giant,128.5322,,,,,,,,,,,,pre-early,2,Miocene,6.3,,Spencer et al 2209,7.05,0.14,,,,,Kay et al 2005,Chile,,,,,,,,,,Sewell (Lower),,,,,,,59.9,17.96,,,5.28,1.86,5.1,4.39,2.17,0.83,0.2,0.09,,,,,,,,,,,,,,,660,,,,,29.8,,35,9,,3.6,,,,0.91,,,,,,4.5,,,,,13.8,,0.28,,,,,,15.5,9,,10,,,,78,,,15,,,3.97,,380,0.68,0.53,,6.3,,,,1.9,,,,1.83,,,,,,,,,,,29.807692,,,,,,,,,,,,1
KET-156,,GEOROC,10.1130/B25431.1,Episodic arc migration_ crustal thickening_ subduction erosion_ and magmatism in the south-central Andes,Geol. Soc. Am. Bull.,Kay et al,2005,El Teniente,El Teniente,Cu-Mo,CA,Giant,128.5322,,,,,,,,,,,,pre-early,2,Miocene,6.3,,Spencer et al 2210,7.05,0.14,,,,,Kay et al 2005,Chile,,,,,,,,,,Sewell (Lower),,,,,,,64.63,15.51,,,5.3,1.39,4.13,3.3,2.86,0.63,0.16,0.1,,,,,,,,,,,,,,,370,,,,,36.9,,26,23,,2,,,,0.96,,,,,,4.3,,,,,18.5,,0.358,,,,,,18.3,23,,24,,,,75,,,13,,,4.54,,270,0.38,0.633,,9.1,,,,2.3,,,,2.52,,,,,,,,,,,36.386986,,,,,,,,,,,,1
KET-113,,GEOROC,10.1130/B25431.1,Episodic arc migration_ crustal thickening_ subduction erosion_ and magmatism in the south-central Andes,Geol. Soc. Am. Bull.,Kay et al,2005,El Teniente,El Teniente,Cu-Mo,CA,Giant,128.5322,,,,,,,,,,,,pre-early,2,Miocene,6.3,,Spencer et al 2211,7.05,0.14,,,,,Kay et al 2005,Chile,,,,,,,,,,Sewell (Upper),,,,,,,53.66,18.64,,,8.1,3.33,7.01,4.4,1.29,1.03,0.3,0.19,,,,,,,,,,,,,,,390,,,,,31.9,,20,2.5,,0.7,,,,1.2,,,,,,3.5,,,,,15.1,,0.22,,,,,,18.2,4,,8,,,,30,,,16,,,4.39,,560,0.22,0.551,,3.9,,,,1.1,,,,1.65,,,,,,,,,,,28.820961,,,,,,,,,,,,1
KET-110,,GEOROC,10.1130/B25431.1,Episodic arc migration_ crustal thickening_ subduction erosion_ and magmatism in the south-central Andes,Geol. Soc. Am. Bull.,Kay et al,2005,El Teniente,El Teniente,Cu-Mo,CA,Giant,128.5322,,,,,,,,,,,,pre-early,2,Miocene,6.3,,Spencer et al 2212,7.05,0.14,,,,,Kay et al 2005,Chile,,,,,,,,,,Sewell (Upper),,,,,,,55.39,18.27,,,6.59,3.96,7.41,4.26,1.4,0.93,0.23,0.14,,,,,,,,,,,,,,,350,,,,,29.6,,32,85,,0.9,,,,1.01,,,,,,3,,,,,13.6,,0.18,,,,,,16,85,,4,,,,36,,,17,,,4.01,,580,0.39,0.443,,4,,,,1.2,,,,1.29,,,,,,,,,,,31.47387,,,,,,,,,,,,1
KET-207,,GEOROC,10.1130/B25431.1,Episodic arc migration_ crustal thickening_ subduction erosion_ and magmatism in the south-central Andes,Geol. Soc. Am. Bull.,Kay et al,2005,El Teniente,El Teniente,Cu-Mo,CA,Giant,128.5322,,,,,,,,,,,,pre-early,2,Miocene,6.3,,Spencer et al 2213,7.05,0.14,,,,,Kay et al 2005,Chile,,,,,,,,,,Sewell (Upper),,,,,,,58.76,18.49,,,5.36,2.6,6.56,4.48,1.96,0.86,0.08,0.08,,,,,,,,,,,,,,,511,,,,,40,,18,31,,2.6,,,,1.21,,,,,,4.3,,,,,18.7,,0.243,,,,,,25.5,22,,8,,,,68,,,15,,,4.83,,621,0.33,0.605,,7.2,,,,2.2,,,,1.67,,,,,,,,,,,29.230769,,,,,,,,,,,,1
KET-139A,,GEOROC,10.1130/B25431.1,Episodic arc migration_ crustal thickening_ subduction erosion_ and magmatism in the south-central Andes,Geol. Soc. Am. Bull.,Kay et al,2005,El Teniente,El Teniente,Cu-Mo,CA,Giant,128.5322,,,,,,,,,,,,pre-early,2,Miocene,6.3,,Spencer et al 2214,7.05,0.14,,,,,Kay et al 2005,Chile,,,,,,,,,,Sewell (Upper),,,,,,,59.73,19.62,,,5.03,1.61,5.19,4.36,2.23,0.7,0.17,0.06,,,,,,,,,,,,,,,490,,,,,39.4,,15,126,,2.9,,,,1.04,,,,,,4.3,,,,,19.5,,0.219,,,,,,21.2,126,,10,,,,99,,,11,,,4.61,,540,0.37,0.508,,7.9,,,,2.2,,,,1.48,,,,,,,,,,,28.678118,,,,,,,,,,,,1
KET-144,,GEOROC,10.1130/B25431.1,Episodic arc migration_ crustal thickening_ subduction erosion_ and magmatism in the south-central Andes,Geol. Soc. Am. Bull.,Kay et al,2005,El Teniente,El Teniente,Cu-Mo,CA,Giant,128.5322,,,,,,,,,,,,pre-early,2,Miocene,6.3,,Spencer et al 2215,7.05,0.14,,,,,Kay et al 2005,Chile,,,,,,,,,,Sewell (Upper),,,,,,,63.38,16.29,,,4.08,2.01,4.67,3.55,2.68,0.56,0.14,0.08,,,,,,,,,,,,,,,484,,,,,30.1,,14,19,,8.5,,,,0.7,,,,,,3.6,,,,,13.9,,0.154,,,,,,12.4,11,,,,,,,,,10,,,2.95,,393,0.32,0.406,,10.7,,,,3.4,,,,1.08,,,,,,,,,,,36.328428,,,,,,,,,,,,1
ET-2,,GEOROC,10.1130/B25431.1,Episodic arc migration_ crustal thickening_ subduction erosion_ and magmatism in the south-central Andes,Geol. Soc. Am. Bull.,Kay et al,2005,El Teniente,El Teniente,Cu-Mo,CA,Giant,128.5322,,,,,,,,,,,,Post?,2,Miocene,6.3,,Spencer et al 2216,3.85,0.18,,,,,Kay et al 2005,Chile,,,,,,,,,,Late Hbld dyke,,,,,,,58.28,17.61,,,5.34,3.46,7.96,3.76,2.19,0.92,0.31,0.16,,,,,,,,,,,,,,,461,,,,,41.8,,19,77,,15.6,,,,1.12,,,,,,3.6,,,,,17.9,,0.109,,,,,,22,49,,,,,,,,,12,,,4.24,,762,0.23,0.408,,2.6,,,,0.7,,,,0.83,,,,,,,,,,,32.527346,,,,,,,,,,,,1
ET-17,,GEOROC,10.1130/B25431.1,Episodic arc migration_ crustal thickening_ subduction erosion_ and magmatism in the south-central Andes,Geol. Soc. Am. Bull.,Kay et al,2005,El Teniente,El Teniente,Cu-Mo,CA,Giant,128.5322,,,,,,,,,,,,Post?,2,Miocene,6.3,,Spencer et al 2217,3.85,0.18,,,,,Kay et al 2005,Chile,,,,,,,,,,Late Hbld dyke,,,,,,,67.13,17.68,,,2.83,1.39,2.65,5.32,2.21,0.49,0.19,0.12,,,,,,,,,,,,,,,597,,,,,22.3,,2,12,,6.3,,,,0.59,,,,,,2.9,,,,,10,,0.038,,,,,,11.4,10,,,,,,,,,4,,,2.1,,580,0.18,0.158,,3.4,,,,1.4,,,,0.29,,,,,,,,,,,31.114952,,,,,,,,,,,,1
ET-12C,,GEOROC,10.1130/B25431.1,Episodic arc migration_ crustal thickening_ subduction erosion_ and magmatism in the south-central Andes,Geol. Soc. Am. Bull.,Kay et al,2005,El Teniente,El Teniente,Cu-Mo,CA,Giant,128.5322,,,,,,,,,,,,Post?,2,Miocene,6.3,,Spencer et al 2218,3.85,0.18,,,,,Kay et al 2005,Chile,,,,,,,,,,Late Hbld dyke,,,,,,,67.24,17.09,,,2.53,0.82,5.03,2.41,4.02,0.42,0.15,0.31,,,,,,,,,,,,,,,871,,,,,41,,2,11,,6.4,,,,0.94,,,,,,2.8,,,,,18.3,,0.051,,,,,,20.7,5,,,,,,,,,4,,,3.69,,341,0.17,0.271,,3.5,,,,1.5,,,,0.42,,,,,,,,,,,39.413681,,,,,,,,,,,,1
ET-4,,GEOROC,10.1130/B25431.1,Episodic arc migration_ crustal thickening_ subduction erosion_ and magmatism in the south-central Andes,Geol. Soc. Am. Bull.,Kay et al,2005,El Teniente,El Teniente,Cu-Mo,CA,Giant,128.5322,,,,,,,,,,,,syn,1,Miocene,6.3,,Spencer et al 2219,5.28,0.1,,,,,Kay et al 2005,Chile,,,,,,,,,,Teniente dacite porphyry?,,,,,,,66.74,17.57,,,2.52,1.27,4.17,5.09,2.03,0.43,0.16,0.02,,,,,,,,,,,,,,,763,,,,,31.3,,6,9,,3.8,,,,0.63,,,,,,3.4,,,,,14.7,,0.056,,,,,,15.3,7,,,,,,,,,5,,,2.53,,798,0.16,0.215,,4,,,,1.8,,,,0.5,,,,,,,,,,,26.273885,,,,,,,,,,,,1
CM-11,,GEOROC,10.1130/B25431.1,Episodic arc migration_ crustal thickening_ subduction erosion_ and magmatism in the south-central Andes,Geol. Soc. Am. Bull.,Kay et al,2005,El Teniente,El Teniente,Cu-Mo,CA,Giant,128.5322,,,,,,,,,,,,pre,3,Oligocene,6.3,,Spencer et al 2220,23.9,,Hollings,,,,Kay et al 2005,Chile,,,,,,,,,,Abanico,,,,,,,50.66,18.71,,,9.51,3.7,10.3,3.34,0.24,1.24,0.29,0.23,,,,,,,,,,,,,,,146,,,,,30,,28,43,,0.2,,,,1.3,,,,,,2.7,,,,,12.4,,0.359,,,,,,18.5,11,,,,,,,,,32,,,4.5,,417,0.42,0.741,,2.2,,,,0.8,,,,2.52,,,,,,,,,,,22.411832,,,,,,,,,,,,0
CM-8,,GEOROC,10.1130/B25431.1,Episodic arc migration_ crustal thickening_ subduction erosion_ and magmatism in the south-central Andes,Geol. Soc. Am. Bull.,Kay et al,2005,El Teniente,El Teniente,Cu-Mo,CA,Giant,128.5322,,,,,,,,,,,,pre,3,Oligocene,6.3,,Spencer et al 2221,23.9,,Hollings,,,,Kay et al 2005,Chile,,,,,,,,,,Abanico,,,,,,,56.41,17.57,,,8.06,2.38,6.61,4.55,1.59,1.2,0.48,0.14,,,,,,,,,,,,,,,465,,,,,49.5,,16,3,,0.3,,,,2.02,,,,,,4.5,,,,,21,,0.545,,,,,,31.7,7,,,,,,,,,23,,,7.29,,396,0.54,1.098,,3.8,,,,1.3,,,,3.88,,,,,,,,,,,26.23926,,,,,,,,,,,,0
CM-5,,GEOROC,10.1130/B25431.1,Episodic arc migration_ crustal thickening_ subduction erosion_ and magmatism in the south-central Andes,Geol. Soc. Am. Bull.,Kay et al,2005,El Teniente,El Teniente,Cu-Mo,CA,Giant,128.5322,,,,,,,,,,,,pre,3,Oligocene,6.3,,Spencer et al 2222,23.9,,Hollings,,,,Kay et al 2005,Chile,,,,,,,,,,Abanico,,,,,,,59.3,17.87,,,7.73,2.76,7.02,3.81,0.17,0.92,0.22,0.19,,,,,,,,,,,,,,,146,,,,,22.5,,17,2,,0.1,,,,1.19,,,,,,2.4,,,,,9.1,,0.316,,,,,,13.1,0.5,,,,,,,,,21,,,3.66,,429,0.17,0.649,,1.4,,,,0.4,,,,2.39,,,,,,,,,,,21.293605,,,,,,,,,,,,0
CM-7B,,GEOROC,10.1130/B25431.1,Episodic arc migration_ crustal thickening_ subduction erosion_ and magmatism in the south-central Andes,Geol. Soc. Am. Bull.,Kay et al,2005,El Teniente,El Teniente,Cu-Mo,CA,Giant,128.5322,,,,,,,,,,,,pre,3,Oligocene,6.3,,Spencer et al 2223,23.9,,Hollings,,,,Kay et al 2005,Chile,,,,,,,,,,Abanico,,,,,,,60.95,16.67,,,8.13,1.93,4.33,4.83,1.48,1.16,0.35,0.16,,,,,,,,,,,,,,,535,,,,,32.9,,13,1,,0.4,,,,1.63,,,,,,3.4,,,,,13.5,,0.475,,,,,,20.4,4,,,,,,,,,29,,,5.53,,388,0.28,0.919,,2.6,,,,0.9,,,,3.37,,,,,,,,,,,27.128083,,,,,,,,,,,,0
CM-7A,,GEOROC,10.1130/B25431.1,Episodic arc migration_ crustal thickening_ subduction erosion_ and magmatism in the south-central Andes,Geol. Soc. Am. Bull.,Kay et al,2005,El Teniente,El Teniente,Cu-Mo,CA,Giant,128.5322,,,,,,,,,,,,pre,3,Oligocene,6.3,,Spencer et al 2224,23.9,,Hollings,,,,Kay et al 2005,Chile,,,,,,,,,,Abanico,,,,,,,59.9,16.8,,,8.19,2.49,5.23,4.23,1.54,1.15,0.28,0.2,,,,,,,,,,,,,,,494,,,,,33.2,,13,1,,0.4,,,,1.6,,,,,,3.5,,,,,13.8,,0.515,,,,,,20,4,,,,,,,,,28,,,5.39,,403,0.27,0.997,,2.6,,,,0.9,,,,3.61,,,,,,,,,,,29.873981,,,,,,,,,,,,0
CM-4,,GEOROC,10.1130/B25431.1,Episodic arc migration_ crustal thickening_ subduction erosion_ and magmatism in the south-central Andes,Geol. Soc. Am. Bull.,Kay et al,2005,El Teniente,El Teniente,Cu-Mo,CA,Giant,128.5322,,,,,,,,,,,,pre,3,Oligocene,6.3,,Spencer et al 2225,23.9,,Hollings,,,,Kay et al 2005,Chile,,,,,,,,,,Abanico,,,,,,,66.96,16.77,,,4.72,1.18,5.64,2.87,0.86,0.75,0.19,0.06,,,,,,,,,,,,,,,223,,,,,54.4,,6,0.5,,4,,,,2.07,,,,,,6.3,,,,,22.2,,0.687,,,,,,28.3,0.5,,,,,,,,,19,,,7.49,,340,0.6,1.324,,4.9,,,,1.4,,,,4.9,,,,,,,,,,,19.336493,,,,,,,,,,,,0
ETP-10B,,GEOROC,10.1130/B25431.1,Episodic arc migration_ crustal thickening_ subduction erosion_ and magmatism in the south-central Andes,Geol. Soc. Am. Bull.,Kay et al,2005,El Teniente,El Teniente,Cu-Mo,CA,Giant,128.5322,,,,,,,,,,,,pre,3,Oligocene,6.3,,Spencer et al 2226,23.9,,Hollings,,,,Kay et al 2005,Chile,,,,,,,,,,Abanico,,,,,,,57.69,18.47,,,6.04,3.32,8.16,4.65,0.48,0.82,0.26,0.12,,,,,,,,,,,,,,,218,,,,,14.1,,9,2,,0.3,,,,0.86,,,,,,4.2,,,,,5.8,,0.217,,,,,,9.1,8,,,,,,,,,14,,,2.57,,647,0.36,0.413,,5.3,,,,1.4,,,,1.42,,,,,,,,,,,22.877784,,,,,,,,,,,,0
TF-4,,GEOROC,10.1130/B25431.1,Episodic arc migration_ crustal thickening_ subduction erosion_ and magmatism in the south-central Andes,Geol. Soc. Am. Bull.,Kay et al,2005,El Teniente,El Teniente,Cu-Mo,CA,Giant,128.5322,,,,,,,,,,,,Pre,3,Miocene,6.3,,Spencer et al 2227,16.5,,Hollings,,,,Kay et al 2005,Chile,,,,,,,,,,Farallones,,,,,,,50.62,19.42,,,8.32,5.41,9.61,3.47,0.93,1.06,0.25,0.14,,,,,,,,,,,,,,,256,,,,,22.2,,32,54,,0.2,,,,1.03,,,,,,2,,,,,9.2,,0.211,,,,,,13.9,27,,,,,,,,,28,,,3.37,,677,0.12,0.49,,1.5,,,,0.4,,,,1.48,,,,,,,,,,,32.646756,,,,,,,,,,,,0
TF-7,,GEOROC,10.1130/B25431.1,Episodic arc migration_ crustal thickening_ subduction erosion_ and magmatism in the south-central Andes,Geol. Soc. Am. Bull.,Kay et al,2005,El Teniente,El Teniente,Cu-Mo,CA,Giant,128.5322,,,,,,,,,,,,Pre,3,Miocene,6.3,,Spencer et al 2228,16.5,,Hollings,,,,Kay et al 2005,Chile,,,,,,,,,,Farallones,,,,,,,52.32,18.1,,,9.37,4.96,8.77,3.73,1.03,1.05,0.19,0.25,,,,,,,,,,,,,,,466,,,,,28.1,,33,142,,0.7,,,,1.13,,,,,,3.2,,,,,11.9,,0.375,,,,,,16.6,21,,,,,,,,,36,,,4.22,,439,0.2,0.715,,3.1,,,,1,,,,2.7,,,,,,,,,,,32.39589,,,,,,,,,,,,0
TF-3,,GEOROC,10.1130/B25431.1,Episodic arc migration_ crustal thickening_ subduction erosion_ and magmatism in the south-central Andes,Geol. Soc. Am. Bull.,Kay et al,2005,El Teniente,El Teniente,Cu-Mo,CA,Giant,128.5322,,,,,,,,,,,,Pre,3,Miocene,6.3,,Spencer et al 2229,16.5,,Hollings,,,,Kay et al 2005,Chile,,,,,,,,,,Farallones,,,,,,,53.52,18.55,,,8.81,3.14,7.34,4.09,1.57,0.98,0.26,0.21,,,,,,,,,,,,,,,524,,,,,31.4,,24,35,,0.5,,,,1.3,,,,,,3.9,,,,,13.2,,0.397,,,,,,19.5,10,,,,,,,,,29,,,4.9,,387,0.27,0.853,,3.8,,,,1.2,,,,2.95,,,,,,,,,,,29.182156,,,,,,,,,,,,0
TF-10,,GEOROC,10.1130/B25431.1,Episodic arc migration_ crustal thickening_ subduction erosion_ and magmatism in the south-central Andes,Geol. Soc. Am. Bull.,Kay et al,2005,El Teniente,El Teniente,Cu-Mo,CA,Giant,128.5322,,,,,,,,,,,,Pre,3,Miocene,6.3,,Spencer et al 2230,16.5,,Hollings,,,,Kay et al 2005,Chile,,,,,,,,,,Farallones,,,,,,,55.77,18.09,,,7.72,3.74,7.2,3.9,1.38,0.95,0.19,0.17,,,,,,,,,,,,,,,391,,,,,30.7,,24,15,,1.2,,,,1.1,,,,,,3.4,,,,,13.4,,0.334,,,,,,18.5,6,,,,,,,,,22,,,4.23,,379,0.28,0.637,,3.9,,,,1.3,,,,2.37,,,,,,,,,,,31.565968,,,,,,,,,,,,0
TF-2,,GEOROC,10.1130/B25431.1,Episodic arc migration_ crustal thickening_ subduction erosion_ and magmatism in the south-central Andes,Geol. Soc. Am. Bull.,Kay et al,2005,El Teniente,El Teniente,Cu-Mo,CA,Giant,128.5322,,,,,,,,,,,,Pre,3,Miocene,6.3,,Spencer et al 2231,16.5,,Hollings,,,,Kay et al 2005,Chile,,,,,,,,,,Farallones,,,,,,,59.9,17.08,,,6.66,2.4,5.7,4.46,1.92,1.04,0.33,0.14,,,,,,,,,,,,,,,602,,,,,46.9,,15,13,,0.9,,,,1.59,,,,,,4.8,,,,,19.6,,0.42,,,,,,26.6,11,,,,,,,,,20,,,6.31,,385,0.46,0.912,,5.8,,,,1.9,,,,2.9,,,,,,,,,,,29.834254,,,,,,,,,,,,0
TF-11,,GEOROC,10.1130/B25431.1,Episodic arc migration_ crustal thickening_ subduction erosion_ and magmatism in the south-central Andes,Geol. Soc. Am. Bull.,Kay et al,2005,El Teniente,El Teniente,Cu-Mo,CA,Giant,128.5322,,,,,,,,,,,,Pre,3,Miocene,6.3,,Spencer et al 2232,16.5,,Hollings,,,,Kay et al 2005,Chile,,,,,,,,,,Farallones,,,,,,,60.96,16.99,,,6.51,2.29,5.84,4.06,2.09,0.9,0.22,0.15,,,,,,,,,,,,,,,477,,,,,35.1,,17,5,,1,,,,1.12,,,,,,4.1,,,,,15.9,,0.357,,,,,,19.4,4,,,,,,,,,19,,,4.48,,312,0.37,0.708,,6.5,,,,2.2,,,,2.65,,,,,,,,,,,30.672269,,,,,,,,,,,,0
E1a,,Thesis,n/a,IGNEOUS PETROLOGY OF THE COLOSA GOLD-RICH PORPHYRY SYSTEM (TOLIMA_ COLOMBIA),Masters thesis,Gil-Rodriguez,2010,La Colosa,La Colosa,Cu-Au,K,,,,,,,,,,,,,,early-syn,1,Miocene,7.95,0.6,Naranjo 2018,7.95,0.6,Naranjo 2018,,,,Gil-Rodriguez 2010,Colombia,,,,,,,,,,,NDE1,,,,,,55.2,16.85,0.46,,0.413908,3.49,6.75,3.63,2.45,0.805,,0.063,,3.1,,,,,,,98.33,0.25,,10,,,1333,1,1.8,,,34.1,,10,10,,0.7,190,3.52,2.08,1.38,,,20,3.69,2.4,2.6,,0.72,0.1,,17.5,,0.294,1,,,,4.7,17.2,10,,5,,4.59,,49,,0.1,23,,,3.98,2,520,0.29,0.68,,3.05,,0.45,0.352,1.47,229,5.6,19.4,2.02,60,85,,,,,,,,,36.397059,1.1009,0.09265,2.189219,6.214229,26.804124,6.117647,0.315343,257.425743,13.269368,9.956522,,1
E1b,,Thesis,n/a,IGNEOUS PETROLOGY OF THE COLOSA GOLD-RICH PORPHYRY SYSTEM (TOLIMA_ COLOMBIA),Masters thesis,Gil-Rodriguez,2010,La Colosa,La Colosa,Cu-Au,K,,,,,,,,,,,,,,early-syn,1,Miocene,7.95,0.6,Naranjo 2019,7.95,0.6,Naranjo 2018,,,,Gil-Rodriguez 2010,Colombia,,,,,,,,,,,NDE1,,,,,,55.91,17.01,1.45,,1.30471,3.47,6.69,3.57,2.29,0.799,,0.066,,3.08,,,,,,,99.59,0.25,,10,,,1112,1,2.1,,,31.3,,40,10,,1.4,160,3.28,1.97,1.2,,,20,3.5,2.2,2.8,,0.69,0.05,,16.3,,0.279,1,,,,4.6,15.8,10,,7,,4.17,,54,,0.1,23,,,3.74,1,533,0.3,0.63,,3.15,,0.55,0.3,1.59,232,3.4,18.3,1.87,60,97,,,,,,,,,35.955056,1.013993,0.092181,2.222222,6.252397,29.125683,5.494845,0.300265,285.026738,15.575232,10.086957,,1
E2a,,Thesis,n/a,IGNEOUS PETROLOGY OF THE COLOSA GOLD-RICH PORPHYRY SYSTEM (TOLIMA_ COLOMBIA),Masters thesis,Gil-Rodriguez,2010,La Colosa,La Colosa,Cu-Au,K,,,,,,,,,,,,,,early-syn,1,Miocene,7.95,0.6,Naranjo 2020,7.95,0.6,Naranjo 2018,,,,Gil-Rodriguez 2010,Colombia,,,,,,,,,,,NDE2,,,,,,61.77,17.2,0.81,,0.728838,2.61,4.59,4.33,1.95,0.589,,0.017,,2.26,,,,,,,100.9,0.25,,6,,,344,1,0.6,,,33.2,,47,30,,3.5,150,2.98,1.83,0.9,,,19,2.95,2,3.3,,0.61,0.05,,17.9,,0.251,1,,,,4.6,15.5,10,,7,,4.28,,94,,0.1,15,,,3.39,0.5,589,0.29,0.54,,3.62,,0.65,0.316,1.83,137,3.4,16.4,1.75,30,111,,,,,,,,,33.827893,0.870072,0.084521,2.152381,7.33695,35.914634,5.306306,0.323555,336.571429,20.522648,9.133333,20.97561,1
E2b,,Thesis,n/a,IGNEOUS PETROLOGY OF THE COLOSA GOLD-RICH PORPHYRY SYSTEM (TOLIMA_ COLOMBIA),Masters thesis,Gil-Rodriguez,2010,La Colosa,La Colosa,Cu-Au,K,,,,,,,,,,,,,,early-syn,1,Miocene,7.95,0.6,Naranjo 2021,7.95,0.6,Naranjo 2018,,,,Gil-Rodriguez 2010,Colombia,,,,,,,,,,,NDE2,,,,,,59.43,16.61,2.32,,2.087536,2.5,4.7,4.24,1.66,0.814,,0.033,,3.32,,,,,,,99.33,0.25,,6,,,664,2,0.1,,,33.6,,9,30,,2.9,250,2.96,1.84,1.01,,,20,3.12,0.7,3,,0.6,0.05,,18.7,,0.272,1,,,,7.9,15.9,10,,2.5,,4.46,,68,,0.2,16,,,3.4,1,557,0.59,0.55,,4.04,,0.63,0.287,1.71,142,10.8,17.9,1.85,70,113,,,,,,,,,31.755725,0.948043,0.087118,2.042042,7.250542,31.117318,4.929204,0.275374,301.081081,16.820172,8.875,,1
E3a,,Thesis,n/a,IGNEOUS PETROLOGY OF THE COLOSA GOLD-RICH PORPHYRY SYSTEM (TOLIMA_ COLOMBIA),Masters thesis,Gil-Rodriguez,2010,La Colosa,La Colosa,Cu-Au,K,,,,,,,,,,,,,,early-syn,1,Miocene,7.95,0.6,Naranjo 2022,7.95,0.6,Naranjo 2018,,,,Gil-Rodriguez 2010,Colombia,,,,,,,,,,,NDE3,,,,,,61.24,17.26,2.47,,2.222506,1.82,4.29,3.86,3.57,0.498,,0.022,,1.94,,,,,,,100.1,0.25,,6,,,1104,1,0.6,,,38.5,,9,10,,2.4,310,3.24,2.01,0.906,,,19,3.22,2.2,2.8,,0.69,0.05,,22.5,,0.289,7,,,,4.5,16.3,10,,2.5,,4.74,,96,,0.1,11,,,3.58,0.5,468,0.3,0.6,,3.33,,0.51,0.304,1.64,99,4.4,18.9,2.03,40,103,,,,,,,,,39.807976,0.815798,0.068318,1.959496,7.950365,24.761905,4.543689,0.240407,230.541872,12.197983,9,58.412698,1
E3b,,Thesis,n/a,IGNEOUS PETROLOGY OF THE COLOSA GOLD-RICH PORPHYRY SYSTEM (TOLIMA_ COLOMBIA),Masters thesis,Gil-Rodriguez,2010,La Colosa,La Colosa,Cu-Au,K,,,,,,,,,,,,,,early-syn,1,Miocene,7.95,0.6,Naranjo 2023,7.95,0.6,Naranjo 2018,,,,Gil-Rodriguez 2010,Colombia,,,,,,,,,,,NDE3,,,,,,61.09,17.18,1.43,,1.286714,1.83,3.74,4.08,2.65,0.487,,0.008,,3.75,,,,,,,99.45,0.25,,7,,,835,1,0.5,,,36.2,,5,10,,2,60,3.1,1.97,0.95,,,20,3.04,2.5,2.9,,0.7,0.05,,19.8,,0.279,1,,,,4.3,15.7,10,,2.5,,4.51,,72,,0.1,11,,,3.53,2,427,0.29,0.59,,3.01,,0.41,0.323,1.73,98,14.4,19.3,2.03,40,103,,,,,,,,,36.422764,0.886591,0.074246,1.932129,6.996321,22.124352,4.145631,0.2148,210.344828,10.898696,8.909091,43.264249,1
E4a,,Thesis,n/a,IGNEOUS PETROLOGY OF THE COLOSA GOLD-RICH PORPHYRY SYSTEM (TOLIMA_ COLOMBIA),Masters thesis,Gil-Rodriguez,2010,La Colosa,La Colosa,Cu-Au,K,,,,,,,,,,,,,,early-syn,1,Miocene,7.95,0.6,Naranjo 2024,7.95,0.6,Naranjo 2018,,,,Gil-Rodriguez 2010,Colombia,,,,,,,,,,,NDE4,,,,,,60.08,16.9,0.38,,0.341924,1.75,4.57,4.28,1.56,0.483,,0.02,,2.89,,,,,,,98.43,0.25,,2.5,,,383,1,0.05,,,39.9,,7,20,,2,410,2.97,1.89,1.16,,,19,3.17,1.3,3.7,,0.62,0.05,,21.9,,0.291,23,,,,4.5,17.8,10,,2.5,,5.18,,68,,0.9,11,,,3.54,0.5,437,0.31,0.56,,3.33,,0.45,0.292,1.64,97,4.5,19.1,1.85,40,138,,,,,,,,,27.220395,1.058645,0.097281,2.126126,8.491276,22.879581,3.166667,0.165794,236.216216,12.367341,8.818182,20.052356,1
I1a,,Thesis,n/a,IGNEOUS PETROLOGY OF THE COLOSA GOLD-RICH PORPHYRY SYSTEM (TOLIMA_ COLOMBIA),Masters thesis,Gil-Rodriguez,2010,La Colosa,La Colosa,Cu-Au,K,,,,,,,,,,,,,,Syn,1,Miocene,7.95,0.6,Naranjo 2025,7.95,0.6,Naranjo 2018,,,,Gil-Rodriguez 2010,Colombia,,,,,,,,,,,NDI1,,,,,,59.43,16.7,1.13,,1.016774,2.61,5.84,4.38,1.86,0.554,,0.042,,1.69,,,,,,,98.92,0.25,,2.5,,,909,1,0.05,,,34.5,,11,50,,1.3,240,2.88,1.66,1.07,,,19,3.3,1.7,2.6,,0.56,0.05,,17.4,,0.255,6,,,,4.3,15.7,10,,2.5,,4.02,,57,,4.1,15,,,3.62,0.5,567,0.31,0.51,,4.38,,0.42,0.25,1.45,126,6.6,17.1,1.61,30,101,,,,,,,,,30.428863,0.946447,0.099935,2.498275,7.752182,33.157895,5.613861,0.328296,352.173913,20.594966,8.4,,1
I1b,,Thesis,n/a,IGNEOUS PETROLOGY OF THE COLOSA GOLD-RICH PORPHYRY SYSTEM (TOLIMA_ COLOMBIA),Masters thesis,Gil-Rodriguez,2010,La Colosa,La Colosa,Cu-Au,K,,,,,,,,,,,,,,Syn,1,Miocene,7.95,0.6,Naranjo 2026,7.95,0.6,Naranjo 2018,,,,Gil-Rodriguez 2010,Colombia,,,,,,,,,,,NDI1,,,,,,59.81,16.96,2.09,,1.880582,2.8,6.66,4.06,1.55,0.58,,0.119,,1.29,,,,,,,99.95,0.25,,5,,,964,1,0.1,,,33,,13,60,,0.6,20,2.97,1.75,1.13,,,19,3.25,1.3,2.9,,0.59,0.05,,16.7,,0.269,2,,,,4.4,15.3,10,,2.5,,3.92,,33,,3.8,15,,,3.66,0.5,660,0.32,0.52,,4.38,,0.38,0.265,1.72,135,1.7,17.5,1.68,50,119,,,,,,,,,28.865295,1.001659,0.101358,2.420635,7.130299,37.714286,5.546218,0.316927,392.857143,22.44898,9,,1
I2a,,Thesis,n/a,IGNEOUS PETROLOGY OF THE COLOSA GOLD-RICH PORPHYRY SYSTEM (TOLIMA_ COLOMBIA),Masters thesis,Gil-Rodriguez,2010,La Colosa,La Colosa,Cu-Au,K,,,,,,,,,,,,,,Syn,1,Miocene,7.95,0.6,Naranjo 2027,7.95,0.6,Naranjo 2018,,,,Gil-Rodriguez 2010,Colombia,,,,,,,,,,,NDI2,,,,,,61.16,16.97,2.14,,1.925572,2.78,6.51,4.03,1.5,0.589,,0.108,,1.06,,,,,,,100.9,0.25,,2.5,,,985,1,0.05,,,38.6,,8,50,,1.2,30,3.05,1.84,1.15,,,18,3.39,1.5,2.7,,0.6,0.05,,20.7,,0.267,1,,,,4.7,18.4,10,,2.5,,5.15,,34,,1,15,,,3.78,0.5,669,0.31,0.56,,4.21,,0.11,0.285,1.71,136,1.1,18,1.77,,88,,,,,,,,,28.879892,0.982145,0.09433,2.372881,8.388758,37.166667,7.602273,0.422348,377.966102,20.998117,9.066667,54.722222,1
I3a,,Thesis,n/a,IGNEOUS PETROLOGY OF THE COLOSA GOLD-RICH PORPHYRY SYSTEM (TOLIMA_ COLOMBIA),Masters thesis,Gil-Rodriguez,2010,La Colosa,La Colosa,Cu-Au,K,,,,,,,,,,,,,,Syn,1,Miocene,7.95,0.6,Naranjo 2028,7.95,0.6,Naranjo 2018,,,,Gil-Rodriguez 2010,Colombia,,,,,,,,,,,NDI3,,,,,,65.79,18.28,0.67,,0.602866,2.04,1.3,4.24,2.63,0.568,,0.018,,2.31,,,,,,,99.61,0.25,,2.5,,,561,2,0.05,,,23.3,,5,30,,1.1,30,4.44,2.91,0.794,,,22,3.45,2.2,3,,0.95,0.05,,12.7,,0.398,3,,,,5.5,10.4,10,,2.5,,2.57,,129,,6.7,12,,,2.57,2,451,0.41,0.69,,4.4,,1.1,0.433,2.16,117,5.6,30.7,2.72,80,124,,,,,,,,,45.739471,0.815207,0.05095,1.049837,3.349156,14.690554,3.637097,0.118472,165.808824,5.400939,9.75,18.273616,1
I3b,,Thesis,n/a,IGNEOUS PETROLOGY OF THE COLOSA GOLD-RICH PORPHYRY SYSTEM (TOLIMA_ COLOMBIA),Masters thesis,Gil-Rodriguez,2010,La Colosa,La Colosa,Cu-Au,K,,,,,,,,,,,,,,Syn,1,Miocene,7.95,0.6,Naranjo 2029,7.95,0.6,Naranjo 2018,,,,Gil-Rodriguez 2010,Colombia,,,,,,,,,,,NDI3,,,,,,65.79,18.28,0.67,,0.602866,2.04,1.3,4.24,2.63,0.568,,0.018,,2.31,,,,,,,99.61,0.25,,2.5,,,561,2,0.05,,,23.3,,5,30,,1.1,30,4.44,2.91,0.794,,,22,3.45,2.2,3,,0.95,0.05,,12.7,,0.398,3,,,,5.5,10.4,10,,2.5,,2.57,,129,,6.7,12,,,2.57,2,451,0.41,0.69,,4.4,,1.1,0.433,2.16,117,5.6,30.7,2.72,80,124,,,,,,,,,45.739471,0.815207,0.05095,1.049837,3.349156,14.690554,3.637097,0.118472,165.808824,5.400939,9.75,18.273616,1
DAa,,Thesis,n/a,IGNEOUS PETROLOGY OF THE COLOSA GOLD-RICH PORPHYRY SYSTEM (TOLIMA_ COLOMBIA),Masters thesis,Gil-Rodriguez,2010,La Colosa,La Colosa,Cu-Au,K,,,,,,,,,,,,,,late-syn,1,Miocene,7.95,0.6,Naranjo 2030,7.95,0.6,Naranjo 2018,,,,Gil-Rodriguez 2010,Colombia,,,,,,,,,,,NDA,,,,,,65.33,16.01,1.2,,1.07976,1.07,3.88,4.74,2.04,0.414,,0.034,,2.21,,,,,,,99.29,0.25,,2.5,,,1158,2,0.3,,,30.1,,,20,,1.5,40,1.65,0.91,0.85,,,22,2.36,1.4,4.4,,0.26,0.05,,15.5,,0.127,1,,,,6.5,14.5,10,,2.5,,3.9,,46,,0.4,5,,,3.13,0.5,650,0.36,0.36,,3.61,,0.25,0.127,1.63,69,6.3,9.7,0.84,30,165,,,,,,,,,26.513214,0.956124,0.193501,4.140212,13.235885,67.010309,3.939394,0.406123,773.809524,79.774178,13.8,119.381443,1
DAb,,Thesis,n/a,IGNEOUS PETROLOGY OF THE COLOSA GOLD-RICH PORPHYRY SYSTEM (TOLIMA_ COLOMBIA),Masters thesis,Gil-Rodriguez,2010,La Colosa,La Colosa,Cu-Au,K,,,,,,,,,,,,,,late-syn,1,Miocene,7.95,0.6,Naranjo 2031,7.95,0.6,Naranjo 2018,,,,Gil-Rodriguez 2010,Colombia,,,,,,,,,,,NDA,,,,,,66.07,16.8,0.05,,0.04499,1.14,2.35,4.56,2.19,0.411,,0.017,,2.81,,,,,,,99.77,0.25,,7,,,1224,2,0.7,,,29.7,,9,10,,2.3,90,1.57,0.8,0.867,,,22,2.25,1.7,3.4,,0.3,0.05,,16,,0.108,1,,,,4.6,13.5,10,,8,,3.82,,56,,0.1,6,,,2.89,0.5,602,0.33,0.34,,3.17,,0.92,0.139,1.52,72,6.6,8.5,0.79,50,113,,,,,,,,,32.519531,1.039447,0.223679,4.064698,14.527586,70.823529,5.327434,0.626757,762.025316,89.650037,12,144,1
NQD,,Thesis,n/a,IGNEOUS PETROLOGY OF THE COLOSA GOLD-RICH PORPHYRY SYSTEM (TOLIMA_ COLOMBIA),Masters thesis,Gil-Rodriguez,2010,La Colosa,La Colosa,Cu-Au,K,,,,,,,,,,,,,,late-syn,1,Miocene,7.95,0.6,Naranjo 2032,7.95,0.6,Naranjo 2018,,,,Gil-Rodriguez 2010,Colombia,,,,,,,,,,,NQD,,,,,,60.54,16.15,1.92,,1.727616,1.7,2.11,3.85,2.08,0.48,,0.447,,5.41,,,,,,,99.58,0.25,,41,,,761,2,3.1,,,36.6,,14,10,,1.5,40,2.29,1.37,1.03,,,20,2.58,1.7,2.9,,0.48,0.05,,20.4,,0.205,1,,,,4.9,14.7,10,,10,,4.31,,59,,0.1,9,,,2.91,1,523,0.35,0.43,,3.19,,0.64,0.212,1.59,100,4.4,13.2,1.25,100,108,,,,,,,,,38.809035,1.149224,0.156294,2.586667,11.706329,39.621212,4.842593,0.366863,418.4,31.69697,11.111111,57.651515,1
DADa,,Thesis,n/a,IGNEOUS PETROLOGY OF THE COLOSA GOLD-RICH PORPHYRY SYSTEM (TOLIMA_ COLOMBIA),Masters thesis,Gil-Rodriguez,2010,La Colosa,La Colosa,Cu-Au,K,,,,,,,,,,,,,,late-syn,1,Miocene,7.95,0.6,Naranjo 2033,7.95,0.6,Naranjo 2018,,,,Gil-Rodriguez 2010,Colombia,,,,,,,,,,,NDQ,,,,,,63.55,16.15,0.25,,0.22495,1.44,3.99,4.46,3.28,0.484,,0.049,,1.79,,,,,,,99.25,0.25,,10,,,1395,2,7.5,,,33.2,,5,10,,0.7,90,2.22,1.13,0.929,,,21,2.8,2.4,3.4,,0.43,0.05,,17.8,,0.147,9,,,,4.8,14.8,10,,2.5,,4.26,,64,,0.1,7,,,3.28,0.5,579,0.33,0.46,,3.45,,0.32,0.174,1.59,88,2.7,11.9,1.06,50,117,,,,,,,,,35.839028,0.937181,0.150303,3.438155,12.045219,48.655462,4.948718,0.415859,546.226415,45.901379,12.571429,117.226891,1
DID,,Thesis,n/a,IGNEOUS PETROLOGY OF THE COLOSA GOLD-RICH PORPHYRY SYSTEM (TOLIMA_ COLOMBIA),Masters thesis,Gil-Rodriguez,2010,La Colosa,La Colosa,Cu-Au,K,,,,,,,,,,,,,,late-syn,1,Miocene,7.95,0.6,Naranjo 2034,7.95,0.6,Naranjo 2018,,,,Gil-Rodriguez 2010,Colombia,,,,,,,,,,,NDL,,,,,,62.1,18.28,1.52,,1.367696,1.86,4.01,4.78,1.33,0.602,,0.056,,2.17,,,,,,,99.5,0.25,,2.5,,,291,2,0.5,,,47.2,,6,10,,0.7,40,2.79,1.68,1.22,,,24,2.99,1.9,3.6,,0.57,0.05,,27.6,,0.22,1,,,,5,18,10,,2.5,,5.45,,45,,0.1,10,,,3.52,0.5,666,0.35,0.53,,2.83,,0.35,0.263,1.03,116,2.7,15.3,1.59,60,129,,,,,,,,,26.627713,1.149679,0.122922,2.459818,12.451238,43.529412,5.162791,0.337437,418.867925,27.376989,11.6,19.019608,1
NDQS,,Thesis,n/a,IGNEOUS PETROLOGY OF THE COLOSA GOLD-RICH PORPHYRY SYSTEM (TOLIMA_ COLOMBIA),Masters thesis,Gil-Rodriguez,2010,La Colosa,La Colosa,Cu-Au,K,,,,,,,,,,,,,,late-syn,1,Miocene,7.95,0.6,Naranjo 2035,7.95,0.6,Naranjo 2018,,,,Gil-Rodriguez 2010,Colombia,,,,,,,,,,,3NDQS,,,,,,62.28,15.88,3.08,,2.771384,3.07,3.01,3.96,2.25,0.654,,0.054,,2.35,,,,,,,98.85,0.25,,5,,,1179,2,0.05,,,32.1,,19,140,,0.5,50,2.34,1.19,1.08,,,21,3.03,1.7,2.9,,0.42,0.05,,16.4,,0.161,4,,,,6.3,15.6,30,,5,,4.04,,48,,6.5,15,,,3.48,0.5,640,0.44,0.44,,3.61,,0.54,0.172,1.82,134,0.8,13.6,1.1,80,116,,,,,,,,,43.287225,1.016802,0.157142,3.515152,10.694285,47.058824,5.517241,0.40568,581.818182,42.780749,8.933333,86.691176,1
NDQE,,Thesis,n/a,IGNEOUS PETROLOGY OF THE COLOSA GOLD-RICH PORPHYRY SYSTEM (TOLIMA_ COLOMBIA),Masters thesis,Gil-Rodriguez,2010,La Colosa,La Colosa,Cu-Au,K,,,,,,,,,,,,,,late-syn,1,Miocene,7.95,0.6,Naranjo 2036,7.95,0.6,Naranjo 2018,,,,Gil-Rodriguez 2010,Colombia,,,,,,,,,,,3NDQE,,,,,,62.62,17.74,2.42,,2.177516,1.99,2.58,3.57,2.52,0.551,,0.017,,4.24,,,,,,,100.5,0.25,,11,,,1051,1,0.2,,,33.8,,10,20,,0.6,40,2.81,1.56,1.23,,,21,3.15,1.5,3,,0.54,0.05,,17.2,,0.231,3,,,,5.4,15.3,10,,2.5,,4.02,,51,,5.4,11,,,3.51,3,521,0.41,0.5,,4.28,,0.64,0.235,1.52,111,6.8,16,1.54,60,126,,,,,,,,,42.307692,1.130889,0.124838,2.532468,8.011398,32.5625,4.134921,0.258433,338.311688,21.144481,10.090909,65.6875,1
RT-1,,Thesis,n/a,ESTUDIO PETROGRAFICO Y PETROLOGICO DE LOS PORFIDOS ALIMENTADORES DEL DISTRITO MINA RADOMIRO TOMIC_ II REGION_ CHILE,n/a,Cabrera,2011,Chuqui-El Abra,Radomiro Tomic,Cu-Mo,CA,Giant,125.95984,CODELCO,,DD-6514,,,,,,,,85.5,Syn,1,,35.2,0.4,Campbell et al 2006,35.2,0.4,Campbell et al 2006,,,,,Chile,,,,,,,,,,Fino porphyry,PFF,,,,,,71.46,16.38,0.79,,0.710842,0.49,1.91,5.5,3.12,0.25,0.08,0.007,,,,,,,,,99.99,,,,,,789,,,,,32.3,,,,,0.6,,0.93,0.53,0.54,,,,1.43,,,,0.18,,25284,18,,0.089,,,,,7.1,11.8,,348.8,7,,3.5,,52,,,,,,1.96,,635,0.63,0.18,,3.68,1481,,0.08,1.59,,,5.3,0.57,,124,,,,,,,,,32.758621,,,,,,,,,,,,1
RT-2,,Thesis,n/a,ESTUDIO PETROGRAFICO Y PETROLOGICO DE LOS PORFIDOS ALIMENTADORES DEL DISTRITO MINA RADOMIRO TOMIC_ II REGION_ CHILE,n/a,Cabrera,2011,Chuqui-El Abra,Radomiro Tomic,Cu-Mo,CA,Giant,125.95984,CODELCO,,DD-6532,,,,,,,,191,Syn,1,,35.2,0.4,Campbell et al 2006,35.2,0.4,Campbell et al 2006,,,,,Chile,,,,,,,,,,Este porphyry,PFE,,,,,,71.97,15.71,1.32,,1.187736,0.54,2.09,4.67,3.32,0.26,0.09,0.009,,,,,,,,,99.99,,,,,,773,,,,,35.8,,,,,1.4,,1.02,0.56,0.554,,,,1.54,,,,0.19,,26860,21.6,,0.096,,,,,7.1,12.1,,392.4,7,,3.61,,66,,,,,,2.02,,574,0.63,0.19,,5.95,1511,,0.087,1.49,,,5.8,0.61,,109,0.51266,0.51264,0.93,,,,0.7047,0.7046,36.346516,,,,,,,,,,,,1
RT-3,,Thesis,n/a,ESTUDIO PETROGRAFICO Y PETROLOGICO DE LOS PORFIDOS ALIMENTADORES DEL DISTRITO MINA RADOMIRO TOMIC_ II REGION_ CHILE,n/a,Cabrera,2011,Chuqui-El Abra,Radomiro Tomic,Cu-Mo,CA,Giant,125.95984,CODELCO,,DD-6528,,,,,,,,118.2,Syn,1,,35.2,0.4,Campbell et al 2006,35.2,0.4,Campbell et al 2006,,,,,Chile,,,,,,,,,,Oeste Porphyry,PFW,,,,,,70.75,16.61,1.73,,1.556654,0.47,1.93,5.18,2.93,0.26,0.1,0.014,,,,,,,,,99.98,,,,,,910,,,,,34.6,,,,,1.5,,0.98,0.52,0.595,,,,1.55,,,,0.19,,23875,19,,0.088,,,,,6.5,12.9,,436,8,,3.86,,49,,,,,,2.08,,679,0.55,0.2,,3.3,1553,,0.081,1.71,,,5.5,0.57,,140,,,,,,,,,32.350143,,,,,,,,,,,,1
RT-4,,Thesis,n/a,ESTUDIO PETROGRAFICO Y PETROLOGICO DE LOS PORFIDOS ALIMENTADORES DEL DISTRITO MINA RADOMIRO TOMIC_ II REGION_ CHILE,n/a,Cabrera,2011,Chuqui-El Abra,Radomiro Tomic,Cu-Mo,CA,Giant,125.95984,CODELCO,,DD-6530,,,,,,,,454,Syn,1,,35.2,0.4,Campbell et al 2006,35.2,0.4,Campbell et al 2006,,,,,Chile,,,,,,,,,,Este porphyry,PFE,,,,,,72.32,15.45,0.77,,0.692846,0.56,2.41,4.87,3.27,0.25,0.08,0.007,,,,,,,,,100,,,,,,685,,,,,34.1,,,,,0.9,,0.96,0.55,0.537,,,,1.49,,,,0.18,,26279,19.7,,0.092,,,,,6,12.4,,348.8,7,,3.59,,54,,,,,,2.04,,571,0.66,0.19,,5.89,1439,,0.083,2.23,,,5.4,0.58,,127,,,,,,,,,34.473447,,,,,,,,,,,,1
RT-5,,Thesis,n/a,ESTUDIO PETROGRAFICO Y PETROLOGICO DE LOS PORFIDOS ALIMENTADORES DEL DISTRITO MINA RADOMIRO TOMIC_ II REGION_ CHILE,n/a,Cabrera,2011,Chuqui-El Abra,Radomiro Tomic,Cu-Mo,CA,Giant,125.95984,CODELCO,,DD-6462,,,,,,,,170,Syn,1,,35.2,0.4,Campbell et al 2006,35.2,0.4,Campbell et al 2006,,,,,Chile,,,,,,,,,,Fino porphyry,PFF,,,,,,72.27,15.91,0.77,,0.692846,0.32,2.14,4.86,3.43,0.23,0.07,0.007,,,,,,,,,100,,,,,,753,,,,,33.7,,,,,1.4,,0.93,0.52,0.537,,,,1.52,,,,0.17,,27606,18.7,,0.085,,,,,6.7,12.3,,305.2,7,,3.6,,43,,,,,,2.11,,592,0.68,0.18,,4.64,1349,,0.079,1.25,,,5.1,0.55,,112,0.51268,0.51265,1.14,,,,0.7047,0.7046,34.883721,,,,,,,,,,,,1
RT-6,,Thesis,n/a,ESTUDIO PETROGRAFICO Y PETROLOGICO DE LOS PORFIDOS ALIMENTADORES DEL DISTRITO MINA RADOMIRO TOMIC_ II REGION_ CHILE,n/a,Cabrera,2011,Chuqui-El Abra,Radomiro Tomic,Cu-Mo,CA,Giant,125.95984,CODELCO,,DD-6462,,,,,,,,240,Syn,1,,35.2,0.4,Campbell et al 2006,35.2,0.4,Campbell et al 2006,,,,,Chile,,,,,,,,,,Este porphyry,PFE,,,,,,72.79,15.28,0.95,,0.85481,0.48,2.2,4.69,3.27,0.24,0.08,0.006,,,,,,,,,100,,,,,,695,,,,,39.2,,,,,1.3,,0.94,0.54,0.516,,,,1.42,,,,0.17,,26445,24.3,,0.095,,,,,6.6,12.5,,348.8,6,,3.89,,60,,,,,,1.97,,536,0.65,0.18,,5.5,1415,,0.085,1.29,,,5.5,0.61,,118,,,,,,,,,35.244361,,,,,,,,,,,,1
RT-7,,Thesis,n/a,ESTUDIO PETROGRAFICO Y PETROLOGICO DE LOS PORFIDOS ALIMENTADORES DEL DISTRITO MINA RADOMIRO TOMIC_ II REGION_ CHILE,n/a,Cabrera,2011,Chuqui-El Abra,Radomiro Tomic,Cu-Mo,CA,Giant,125.95984,CODELCO,,DD-6469,,,,,,,,79.5,Syn,1,,35.2,0.4,Campbell et al 2006,35.2,0.4,Campbell et al 2006,,,,,Chile,,,,,,,,,,Fino porphyry,PFF,,,,,,72.69,15.61,1.13,,1.016774,0.4,2.24,4.59,3.05,0.22,0.06,0.007,,,,,,,,,100.01,,,,,,724,,,,,35.7,,,,,1.5,,0.74,0.41,0.446,,,,1.11,,,,0.14,,24041,22.3,,0.079,,,,,6.3,10.1,,261.6,8,,3.28,,50,,,,,,1.53,,580,0.6,0.14,,5.52,1271,,0.066,1.16,,,4.3,0.49,,111,,,,,,,,,33.560311,,,,,,,,,,,,1
RT-8,,Thesis,n/a,ESTUDIO PETROGRAFICO Y PETROLOGICO DE LOS PORFIDOS ALIMENTADORES DEL DISTRITO MINA RADOMIRO TOMIC_ II REGION_ CHILE,n/a,Cabrera,2011,Chuqui-El Abra,Radomiro Tomic,Cu-Mo,CA,Giant,125.95984,CODELCO,,DD-4924,,,,,,,,400,Syn,1,,35.2,0.4,Campbell et al 2006,35.2,0.4,Campbell et al 2006,,,,,Chile,,,,,,,,,,Oeste Porphyry,PFW,,,,,,69.87,17.08,1.69,,1.520662,0.57,2.7,5.23,2.38,0.32,0.14,0.016,,,,,,,,,100,,,,,,898,,,,,38.8,,,,,3.2,,1.15,0.62,0.694,,,,1.76,,,,0.22,,19316,22,,0.099,,,,,5.9,14.2,,610.4,7,,4.22,,44,,,,,,2.36,,759,0.52,0.22,,3.22,1906,,0.099,1.39,,,6.1,0.65,,128,,,,,,,,,27.113971,,,,,,,,,,,,1
RT-9,,Thesis,n/a,ESTUDIO PETROGRAFICO Y PETROLOGICO DE LOS PORFIDOS ALIMENTADORES DEL DISTRITO MINA RADOMIRO TOMIC_ II REGION_ CHILE,n/a,Cabrera,2011,Chuqui-El Abra,Radomiro Tomic,Cu-Mo,CA,Giant,125.95984,CODELCO,,DD-6503,,,,,,,,66.95,Syn,1,,35.2,0.4,Campbell et al 2006,35.2,0.4,Campbell et al 2006,,,,,Chile,,,,,,,,,,Oeste Porphyry,PFW,,,,,,70.97,16.14,1.95,,1.75461,0.55,2.54,5.01,2.46,0.26,0.1,0.01,,,,,,,,,99.99,,,,,,851,,,,,36.7,,,,,1,,1.06,0.55,0.606,,,,1.57,,,,0.2,,19896,21.2,,0.09,,,,,5.9,13.3,,436,8,,3.97,,39,,,,,,2.14,,687,0.53,0.2,,3.29,1523,,0.085,1.41,,,5.6,0.58,,138,0.5127,0.51268,1.61,,,,0.7046,0.7045,28.503788,,,,,,,,,,,,1
RT-10,,Thesis,n/a,ESTUDIO PETROGRAFICO Y PETROLOGICO DE LOS PORFIDOS ALIMENTADORES DEL DISTRITO MINA RADOMIRO TOMIC_ II REGION_ CHILE,n/a,Cabrera,2011,Chuqui-El Abra,Radomiro Tomic,Cu-Mo,CA,Giant,125.95984,CODELCO,,DD-5159,,,,,,,,250,Syn,1,,35.2,0.4,Campbell et al 2006,35.2,0.4,Campbell et al 2006,,,,,Chile,,,,,,,,,,Banco Porphyry,PFB,,,,,,70.41,16.41,2.05,,1.84459,0.6,2.3,5.22,2.66,0.24,0.09,0.013,,,,,,,,,100,,,,,,747,,,,,25.5,,,,,2.2,,0.68,0.39,0.442,,,,1.02,,,,0.13,,21554,14.3,,0.071,,,,,4.6,8.72,,392.4,10,,2.69,,70,,,,,,1.4,,613,0.42,0.13,,3.33,1409,,0.061,1.38,,,3.6,0.44,,124,0.51266,0.51264,0.88,,,,0.7049,0.7047,30.241187,,,,,,,,,,,,1
RT-11,,Thesis,n/a,ESTUDIO PETROGRAFICO Y PETROLOGICO DE LOS PORFIDOS ALIMENTADORES DEL DISTRITO MINA RADOMIRO TOMIC_ II REGION_ CHILE,n/a,Cabrera,2011,Chuqui-El Abra,Radomiro Tomic,Cu-Mo,CA,Giant,125.95984,CODELCO,,DD-5159,,,,,,,,225,Syn,1,,35.2,0.4,Campbell et al 2006,35.2,0.4,Campbell et al 2006,,,,,Chile,,,,,,,,,,Este porphyry,PFEp,,,,,,71.97,15.5,1.76,,1.583648,0.47,2.18,4.84,2.97,0.22,0.07,0.013,,,,,,,,,99.99,,,,,,743,,,,,30.3,,,,,1.7,,0.71,0.39,0.449,,,,1.12,,,,0.13,,24207,18.1,,0.078,,,,,5.3,10.2,,305.2,10,,3.15,,79,,,,,,1.62,,536,0.58,0.14,,6.89,1271,,0.065,2.1,,,3.6,0.47,,120,,,,,,,,,32.887189,,,,,,,,,,,,1
RT-12,,Thesis,n/a,ESTUDIO PETROGRAFICO Y PETROLOGICO DE LOS PORFIDOS ALIMENTADORES DEL DISTRITO MINA RADOMIRO TOMIC_ II REGION_ CHILE,n/a,Cabrera,2011,Chuqui-El Abra,Radomiro Tomic,Cu-Mo,CA,Giant,125.95984,CODELCO,,,,,,,,,,,Syn,1,,35.2,0.4,Campbell et al 2006,35.2,0.4,Campbell et al 2006,,,,,Chile,,,,,,,,,,Banco Porphyry (Chuqui),PFBch,,,,,,72.25,15.53,1.62,,1.457676,0.44,2.7,4.61,2.55,0.21,0.07,0.028,,,,,,,,,100.01,,,,,,875,,,,,31.3,,,,,0.7,,1.03,0.57,0.53,,,,1.51,,,,0.19,,20808,18.4,,0.088,,,,,5.5,11.3,,305.2,14,,3.46,,58,,,,,,1.95,,662,0.57,0.19,,3.55,1223,,0.088,0.64,,,5.7,0.58,,119,,,,,,,,,29.029126,,,,,,,,,,,,1
RT-13,,Thesis,n/a,ESTUDIO PETROGRAFICO Y PETROLOGICO DE LOS PORFIDOS ALIMENTADORES DEL DISTRITO MINA RADOMIRO TOMIC_ II REGION_ CHILE,n/a,Cabrera,2011,Chuqui-El Abra,Radomiro Tomic,Cu-Mo,CA,Giant,125.95984,CODELCO,,,,,,,506809.19,7535793.09,,,Pre,3,,35.2,0.4,Campbell et al 2006,38.8,0.4,Campbell et al 2006,,,,,Chile,,,,,,,,,,Antena,GDA,,,,,,64.28,16.32,4.85,,4.36403,2.07,4.47,4.16,2.97,0.61,0.19,0.064,,,,,,,,,100,,,,,,688,,,,,50.6,,,,,5.4,,2.75,1.53,0.98,,,,3.6,,,,0.55,,24373,25.6,,0.225,,,,,9,21.8,,828.4,9,,6.03,,91,,,,,,4.25,,602,0.77,0.5,,11.3,3645,,0.231,3.48,,,15.1,1.49,,176,,,,,,,,,36.869056,,,,,,,,,,,,0
RT-14,,Thesis,n/a,ESTUDIO PETROGRAFICO Y PETROLOGICO DE LOS PORFIDOS ALIMENTADORES DEL DISTRITO MINA RADOMIRO TOMIC_ II REGION_ CHILE,n/a,Cabrera,2011,Chuqui-El Abra,Radomiro Tomic,Cu-Mo,CA,Giant,125.95984,CODELCO,,,,,,,508787.27,7537913.13,,,Pre,2,,35.2,0.4,Campbell et al 2006,38.2,0.3,Campbell et al 2006,,,,,Chile,,,,,,,,,,Fiesta,GDF,,,,,,67.28,16.27,3.34,,3.005332,1.27,3.59,4.39,3.21,0.45,0.15,0.04,,,,,,,,,99.99,,,,,,827,,,,,44.8,,,,,3.1,,1.71,0.94,0.813,,,,2.38,,,,0.33,,26362,23.3,,0.163,,,,,8.4,17.1,,654,8,,4.83,,93,,,,,,3.08,,586,1.08,0.33,,22,2644,,0.141,5.17,,,9.6,1.04,,139,,,,,,,,,35.955056,,,,,,,,,,,,0
RT-15,,Thesis,n/a,ESTUDIO PETROGRAFICO Y PETROLOGICO DE LOS PORFIDOS ALIMENTADORES DEL DISTRITO MINA RADOMIRO TOMIC_ II REGION_ CHILE,n/a,Cabrera,2011,Chuqui-El Abra,Radomiro Tomic,Cu-Mo,CA,Giant,125.95984,CODELCO,,,,,,,,,,168,Pre,3,,35.2,0.4,Campbell et al 2006,37.7,1,Campbell et al 2006,,,,,Chile,,,,,,,,,,Elena,GDE,,,,,,70.81,15.45,2.91,,2.618418,1.25,2.61,4.19,2.35,0.32,0.08,0.03,,,,,,,,,99.99,,,,,,568,,,,,39.3,,,,,2.4,,1.42,0.83,0.587,,,,1.85,,,,0.28,,19233,22.5,,0.14,,,,,3.9,13.1,,348.8,12,,4.04,,50,,,,,,2.27,,371,0.46,0.26,,5.33,1876,,0.142,1.52,,,7.9,0.93,,92,,,,,,,,,34.615385,,,,,,,,,,,,1
RT-16,,Thesis,n/a,ESTUDIO PETROGRAFICO Y PETROLOGICO DE LOS PORFIDOS ALIMENTADORES DEL DISTRITO MINA RADOMIRO TOMIC_ II REGION_ CHILE,n/a,Cabrera,2011,Chuqui-El Abra,Radomiro Tomic,Cu-Mo,CA,Giant,125.95984,CODELCO,,,,,,,509261.52,7538537.56,,,Syn,1,,35.2,0.4,Campbell et al 2006,38,0.4,Campbell et al 2006,,,,,Chile,,,,,,,,,,San Lorenzo,PFSL,,,,,,71.16,14.64,2.83,,2.546434,0.89,2.48,3.38,4.2,0.32,0.09,0.024,,,,,,,,,100.01,,,,,,757,,,,,29.9,,,,,4.8,,1.13,0.63,0.564,,,,1.51,,,,0.22,,34486,16,,0.114,,,,,5.5,11.8,,392.4,6,,3.37,,111,,,,,,2.08,,456,0.82,0.21,,32.7,1906,,0.098,7.5,,,6.2,0.72,,120,,,,,,,,,46.484018,,,,,,,,,,,,1
ZMMH-15,,UNPUB,n/a,n/a,n/a,Zentilli,UNPUB,Chuqui-El Abra,MMH,Cu-Mo,CA,Large,13,CODELCO,,,,,,,,,,1286.6,,4,,38.9,0.4,Boric et al 2009,210,20,Boric et al 2009,,,,,Chile,,,,,,,,,,MM Granodiorite,MM GRD,,,Diorite,,,54.73,21.83,3.38,,3.041324,3.37,2.35,4.44,4.44,0.414,0.09,0.096,,4.21,n/a,n/a,,,0.42,,99.33,0.65,,2,,,602,3,0.25,,0.2,45.6,,8.25,10.8,,11.55,4840,1.12,0.63,0.8,,,30,1.56,2.2,4,,0.21,,,24.5,,0.11,,,6,,4.9,15.1,22,,,,4.34,,155,,0.5,8.405,,,2.44,2.5,416.5,0.505,0.21,,5.83,,1.94,0.1,1.865,132.5,,13,0.64,46.5,146.5,,,,,,,,,53.493151,1.253593,0.332986,4.236111,27.459124,32.038462,2.843003,0.218693,650.78125,50.060096,15.764426,,0
ZMMH-05,,UNPUB,n/a,n/a,n/a,Zentilli,UNPUB,Chuqui-El Abra,MMH,Cu-Mo,CA,Large,13,CODELCO,,,,,,,,,,853.86,,4,,38.9,0.4,Boric et al 2009,210,20,Boric et al 2009,,,,,Chile,,,,,,,,,,MM Granodiorite,MM GRD,,,Granodiorite; hornblende remnants,,,64.77,15.58,2.8,,2.51944,1.5,1.57,0.09,5.67,0.326,0.14,0.54,,4.76,n/a,n/a,,,1.48,,97.75,5.3,,1,,,790,2,0.6,,30,59,,3.3,9.9,,4.6,5220,2.44,1.39,1.14,,,18,3.09,1.4,3.1,0.5,0.5,0.05,,34.7,,0.22,,,67,,7.6,20.6,11,,1970,,5.99,,227,,0.8,3.68,0.25,,3.78,2,106,0.52,0.46,,5.88,,1,0.22,2.17,45,9,7,1.45,6210,111,,,,,,,,,81.200453,1.019773,0.11956,2.896552,17.165721,15.142857,0.954955,0.136422,73.103448,10.44335,12.228261,112.857143,0
ZMMH-50,,UNPUB,n/a,n/a,n/a,Zentilli,UNPUB,Chuqui-El Abra,MMH,Cu-Mo,CA,Large,13,CODELCO,,,,,,,,,,1059.65,,4,,38.9,0.4,Boric et al 2009,210,20,Boric et al 2009,,,,,Chile,,,,,,,,,,MM Granodiorite,MM GRD,,,Granodiorite; gray-green sericite alteration,,,64.81,16.24,5.37,,4.831926,2.37,0.3,0.04,5.23,0.381,0.13,0.313,,3.73,3.1,0.1,,,0.9,,98.92,3.2,,0.5,,,1219,3,1.7,,0.5,41.7,,2.9,2.3,,5.1,8170,1.21,0.66,0.79,,,18,1.82,2.5,3.3,0.5,0.23,0.6,,24.6,,0.09,,,22,,5.2,15.2,5,,2.5,,4.48,,241,,0.8,4.36,0.25,,2.49,2,58,0.47,0.24,,4.38,,1.6,0.1,0.92,57,14,6,0.64,291,143,,,,,,,,,95.717884,1.134528,0.301359,4.322917,27.571203,9.666667,0.405594,0.067599,90.625,15.104167,13.073394,203.166667,0
ZMMH-23,,UNPUB,n/a,n/a,n/a,Zentilli,UNPUB,Chuqui-El Abra,MMH,Cu-Mo,CA,Large,13,CODELCO,,,,,,,,,,1064.15,,4,,38.9,0.4,Boric et al 2009,210,20,Boric et al 2009,,,,,Chile,,,,,,,,,,MM Granodiorite,MM GRD,,,Granodiorite ûôtypicalö; low alteration,,,66.48,17.2,3.18,,2.861364,2.8,0.16,0.09,4.85,0.358,0.09,0.205,,3.78,n/a,n/a,,,1.46,,99.19,1.8,,2,,,544,2,0.2,,3.8,33.3,,6.8,15.2,,4,7030,1.57,0.91,0.4,,,19,1.72,1.6,3.1,0.5,0.31,0.3,,17.4,,0.18,,,2,,5.7,11.8,20,,2.5,,3.22,,159,,0.4,7.8,0.25,,2.09,2,12,0.39,0.28,,4.77,,1.22,0.15,1.35,66,15,9,1.04,1250,116,,,,,,,,,96.835443,0.64498,0.105429,2.232906,12.000974,1.333333,0.103448,0.011494,11.538462,1.282051,8.461538,60.444444,0
ZMMH-163,,UNPUB,n/a,n/a,n/a,Zentilli,UNPUB,Chuqui-El Abra,MMH,Cu-Mo,CA,Large,13,CODELCO,,,,,,,,,,521.1,,4,,38.9,0.4,Boric et al 2009,210,20,Boric et al 2009,,,,,Chile,,,,,,,,,,MM Granodiorite,MM GRD,,,Granodiorite -ôtypicalö; low alteration,,,66.64,15.21,3.3,,2.96934,1.56,2.42,4.25,2.33,0.375,0.07,0.086,,2.99,1.5,0.2,,,0.16,,99.23,0.25,,2,5.00E-04,,855,1,0.2,,0.25,60.3,,9.8,12.1,,7.7,11,1.79,0.9,0.99,,,16,2.71,1.4,2.9,0.5,0.33,0.05,,31.9,,0.13,,,1,,13.1,22.5,16,,13,,6.5,,45,,0.7,7.56,0.25,,3.65,1,484,0.35,0.35,,5.33,,0.4,0.13,0.91,62,0.5,9,0.83,66,124,,,,,,,,,36.837121,0.962338,0.197105,4.886212,27.568502,53.777778,3.903226,0.433692,583.13253,64.792503,8.201058,95,0
ZMMH 10,,UNPUB,n/a,n/a,n/a,Zentilli,UNPUB,Chuqui-El Abra,MMH,Cu-Mo,CA,Large,13,CODELCO,,,,,,,,,,161.2,,4,,38.9,0.4,Boric et al 2009,210,20,Boric et al 2009,,,,,Chile,,,,,,,,,,MM Granodiorite,MM GRD,,,Granodiorite - K alteration ; chlorite_ calcite veinlets,,,67.1,15,3.53,,3.176294,1.4,1.97,5.09,2.19,0.382,0.1,0.201,,3.39,n/a,n/a,,,1.06,,100.35,0.25,,15,5.00E-04,,455,1,0.05,,3.6,32.2,,12.1,12.3,,7.2,33,1.1,0.63,0.58,,,15,1.36,0.9,3.2,0.5,0.22,0.05,,17.3,,0.11,,,1,,4.5,11.5,19,,369,,3.15,,58,,0.8,6.72,0.25,,1.88,1,207,0.28,0.2,,4.17,,0.58,0.1,0.73,63,0.5,5,0.65,730,120,,,,,,,,,33.70892,1.108928,0.290027,3.213675,19.091204,41.4,1.725,0.345,318.461538,63.692308,9.375,91,0
ZMMH-14,,UNPUB,n/a,n/a,n/a,Zentilli,UNPUB,Chuqui-El Abra,MMH,Cu-Mo,CA,Large,13,CODELCO,,,,,,,,,,1241.12,,4,,38.9,0.4,Boric et al 2009,210,20,Boric et al 2009,,,,,Chile,,,,,,,,,,MM Granodiorite,MM GRD,,,Granodiorite û mapped as MM-P; altered_ mineralized alt_ min,,,68.36,15.98,1.98,,1.781604,1.78,2.19,4.47,3.26,0.407,0.12,0.055,,2.22,n/a,n/a,,,0.22,,100.82,1.6,,0.5,,,504,2,0.2,,0.25,32.4,,4.2,13.1,,3,3610,1.45,0.85,0.62,,,18,1.64,2.3,3.6,0.5,0.29,0.05,,17.1,,0.16,,,2,,5.6,11.9,16,,2.5,,3.16,,78,,0.3,8.12,0.25,,2.14,2,370,0.32,0.26,,4.46,,0.37,0.13,1.04,75,4,8,0.91,55,139,,,,,,,,,43.076923,1.011781,0.189014,2.612943,13.478926,46.25,2.661871,0.332734,406.593407,50.824176,9.236453,63,0
ZMMH-20,,UNPUB,n/a,n/a,n/a,Zentilli,UNPUB,Chuqui-El Abra,MMH,Cu-Mo,CA,Large,13,CODELCO,,,,,,,,,,871.05,,4,,38.9,0.4,Boric et al 2009,210,20,Boric et al 2009,,,,,Chile,,,,,,,,,,MM Granodiorite,MM GRD,,,Granodiorite û low alteration_ mineralized ôoreö,,,69.95,15.55,3.35,,3.01433,0.51,0.08,0.08,4.46,0.374,0.07,0.012,,3.78,n/a,n/a,,,3.03,,98.22,5.9,,37,,,307,1,0.7,,0.25,35.4,,4,23.6,,1.9,10000.1,1.46,0.83,0.5,,,21,1.66,1.9,3.5,0.5,0.28,0.05,,19,,0.15,,,20,,65.1,11.6,11,,2.5,,3.35,,114,,0.4,7.87,5.4,,2.01,6,168,58.4,0.24,,4.45,,0.75,0.13,3.57,70,15,9,0.9,35,130,,,,,,,,,96.881092,0.836838,0.158069,2.481481,15.142991,18.666667,1.292308,0.14359,186.666667,20.740741,8.894536,34.111111,0
ZMMH-17,,UNPUB,n/a,n/a,n/a,Zentilli,UNPUB,Chuqui-El Abra,MMH,Cu-Mo,CA,Large,13,CODELCO,,,,,,,,,,855.5,,4,,38.9,0.4,Boric et al 2009,210,20,Boric et al 2009,,,,,Chile,,,,,,,,,,MM Granodiorite,MM GRD,,,Granodiorite û quartz veinlets removed before analysis,,,71.57,14.8,2.55,,2.29449,0.75,0.18,0.09,4.59,0.343,0.1,0.017,,3.04,n/a,n/a,,,1.58,,98.03,0.25,,4,,,706,1,0.05,,0.25,24.9,,8.1,13.4,,2.2,7170,1.21,0.76,0.33,,,16,1.24,1.9,3.1,0.5,0.25,0.05,,12.6,,0.14,,,100.1,,3.7,8.94,23,,2.5,,2.47,,133,,0.3,7.57,0.25,,1.48,4,26,0.31,0.2,,3.5,,0.97,0.12,1.12,73,13,6,0.81,21,112,,,,,,,,,95.187166,0.744725,0.1563,2.030178,11.157993,4.333333,0.232143,0.03869,32.098765,5.349794,9.643329,,0
ZMMH-18,,UNPUB,n/a,n/a,n/a,Zentilli,UNPUB,Chuqui-El Abra,MMH,Cu-Mo,CA,Large,13,CODELCO,,,,,,,,,,845.95,,4,,38.9,0.4,Boric et al 2009,210,20,Boric et al 2009,,,,,Chile,,,,,,,,,,MM Granodiorite,MM GRD,,,Granodiorite û sericite alteration_ mineralized,,,72.46,16.36,3.57,,3.212286,0.05,0.06,0.09,1.77,0.409,0.06,0.006,,4.49,n/a,n/a,,,3.15,,99.33,2.6,,51,,,79,0.5,0.5,,0.25,40,,7.2,22.6,,1.2,7100,1.3,0.89,0.63,,,9,1.75,1.8,3.5,0.5,0.27,0.05,,20.7,,0.19,,,18,,4.7,14,17,,14,,3.9,,46,,1.5,7.4,5.5,,2.56,11,214,0.31,0.23,,4.91,,0.36,0.15,0.98,85,17,7,1.06,16,133,,,,,,,,,92.385787,0.909966,0.145938,2.683438,14.007643,30.571429,1.609023,0.22986,201.886792,28.84097,11.486486,,0
ZMMH-91,,UNPUB,n/a,n/a,n/a,Zentilli,UNPUB,Chuqui-El Abra,MMH,Cu-Mo,CA,Large,13,CODELCO,,,,,,,,,,1098.74,,4,,38.9,0.4,Boric et al 2009,210,20,Boric et al 2009,,,,,Chile,,,,,,,,,,MM Granodiorite,MM GRD,,,Granodiorite_ K alteration; A and B quartz veinlets,,,70.14,12.08,1.19,,1.070762,1.31,2.16,0.24,7.47,0.289,0.04,0.19,,4.55,0.9,0.2,,,0.76,,99.66,1.6,,2,,,839,1,0.4,,0.8,16.4,,2,9.3,,2.7,4780,0.93,0.55,0.42,,,14,1.13,2.3,2.4,0.5,0.19,0.05,,8.38,,0.09,,,100.1,,3.9,6.8,14,,43,,1.86,,167,,2.2,6.06,0.25,,1.29,2,157,0.43,0.17,,4.23,,1.7,0.09,3.02,61,6,6,0.56,138,98,,,,,,,,,78.533095,1.063503,0.322849,2.559524,10.733876,26.166667,1.602041,0.267007,280.357143,46.72619,10.066007,,0
ZMMH-88,,UNPUB,n/a,n/a,n/a,Zentilli,UNPUB,Chuqui-El Abra,MMH,Cu-Mo,CA,Large,13,CODELCO,,,,,,,,,,1033.12,,1,,38.9,0.4,Boric et al 2009,38.9,0.4,Boric et al 2009,,,,,Chile,,,,,,,,,,MM Porphyry,MM-P,,,K- Alteration_ A and B quartz veinlets,,,66.59,13.09,1.55,,1.39469,1.14,2.22,0.25,6.24,0.33,0.42,0.183,,5.16,1.7,0.3,,,0.8,,97.17,10.5,,2,,,581,2,0.4,,0.25,31.7,,1.8,11.3,,3.3,10000.1,3.72,2.15,0.76,,,16,3.99,2.2,2.6,0.5,0.78,0.05,,14.2,,0.3,,,14,,3.2,16.3,6,,18,,4,,106,,0.5,6.51,9.4,,3.92,2,117,0.26,0.65,,5.02,,1,0.34,1.34,64,6,22,2.01,57,114,,,,,,,,,74.923858,0.5875,0.049689,2.166943,5.06749,5.318182,1.026316,0.046651,58.208955,2.645862,9.831029,26.409091,1
ZMMH-07,,UNPUB,n/a,n/a,n/a,Zentilli,UNPUB,Chuqui-El Abra,MMH,Cu-Mo,CA,Large,13,CODELCO,,,,,,,,,,1012.25,,1,,38.9,0.4,Boric et al 2009,38.9,0.4,Boric et al 2009,,,,,Chile,,,,,,,,,,MM Porphyry,MM-P,,,K- Alteration; secondary biotite replacing hornblende,,,67.73,15.42,2.02,,1.817596,0.89,1.83,2.9,5.54,0.315,0.15,0.219,,3.61,n/a,n/a,,,0.28,,100.62,1.2,,4,,,842,2,0.05,,0.9,47.7,,2.7,6.9,,7,3310,1.27,0.7,0.67,,,17,1.76,1.8,3.7,0.5,0.24,0.05,,25.7,,0.13,,,21,,9.4,16.5,4,,73,,4.69,,132,,0.5,3.73,0.25,,2.65,1,244,0.7,0.24,,9.68,,0.95,0.11,1.7,41,5,6,0.79,227,126,,,,,,,,,57.616487,0.94846,0.204099,3.727145,23.334936,40.666667,1.936508,0.322751,308.860759,51.476793,10.991957,140.333333,1
ZMMH-21,,UNPUB,n/a,n/a,n/a,Zentilli,UNPUB,Chuqui-El Abra,MMH,Cu-Mo,CA,Large,13,CODELCO,,,,,,,,,,883.24,,1,,38.9,0.4,Boric et al 2009,38.9,0.4,Boric et al 2009,,,,,Chile,,,,,,,,,,MM Porphyry,MM-P,,,ôTypicalö MM porphyry,,,69.79,15.54,2.39,,2.150522,1.1,0.18,0.1,5.56,0.367,0.09,0.027,,3.1,n/a,n/a,,,0.92,,98.24,1.4,,118,,,404,2,0.05,,0.25,29.7,,2.4,16.2,,4.2,9470,1.13,0.68,0.58,,,15,1.42,4.4,3.1,0.5,0.23,0.1,,16.4,,0.12,,,60,,3.7,10.4,6,,5,,2.89,,220,,2.2,5.75,0.25,,1.84,3,37,0.23,0.21,,3.84,,1.19,0.1,0.91,54,17,5,0.72,98,122,,,,,,,,,95.965418,1.09698,0.259009,2.839506,16.33849,7.4,0.303279,0.060656,51.388889,10.277778,9.391304,80.8,1
ZMMH-96,,UNPUB,n/a,n/a,n/a,Zentilli,UNPUB,Chuqui-El Abra,MMH,Cu-Mo,CA,Large,13,CODELCO,,,,,,,,,,840.1,,1,,38.9,0.4,Boric et al 2009,38.9,0.4,Boric et al 2009,,,,,Chile,,,,,,,,,,MM Porphyry,MM-P,,,Mapped as Feldspar Porphyry within MM-P K alt.,,,70.28,14.79,1.63,,1.466674,0.38,0.38,2.74,5.89,0.336,0.06,0.187,,2,0.8,0.2,,,0.57,,98.67,5.8,,247,,,625,1,0.6,,1.6,68.1,,2,8.6,,7.8,6610,1.62,1.08,0.66,,,15,2.2,2,2.7,0.5,0.35,0.05,,34.7,,0.17,,,18,,4.1,22.3,8,,38,,7.05,,118,,0.9,5.91,0.25,,3.36,2,133,0.41,0.29,,5.8,,1.1,0.18,1.81,43,10,9,1.12,430,113,,,,,,,,,66.773163,0.742141,0.112646,3.333333,22.223478,14.777778,1.176991,0.130777,118.75,13.194444,7.275804,,1
ZMMH-81,,UNPUB,n/a,n/a,n/a,Zentilli,UNPUB,Chuqui-El Abra,MMH,Cu-Mo,CA,Large,13,CODELCO,,,,,,,,,,861.78,,1,,38.9,0.4,Boric et al 2009,38.9,0.4,Boric et al 2009,,,,,Chile,,,,,,,,,,MM Porphyry,MM-P,,,K- Alteration; Cu sulphides,,,71.04,15.18,2.49,,2.240502,0.99,0.05,0.05,5.02,0.32,0.02,0.08,,3.32,1.4,0.2,,,1.44,,98.56,3.3,,6,,,292,2,0.9,,0.25,40.3,,1.8,4.7,,10,5740,1.73,0.97,0.7,,,22,2.17,1.7,3.4,0.5,0.34,0.1,,22,,0.15,,,23,,4.5,14.6,4,,114,,4.3,,236,,0.6,5.12,0.25,,2.61,5,240,0.4,0.31,,4.97,,2,0.15,1.8,47,36,10,1.01,54,145,,,,,,,,,98.363339,0.899232,0.151356,2.871287,15.624347,24,1.655172,0.165517,237.623762,23.762376,9.179688,,1
ZMMH-89,,UNPUB,n/a,n/a,n/a,Zentilli,UNPUB,Chuqui-El Abra,MMH,Cu-Mo,CA,Large,13,CODELCO,,,,,,,,,,1069.77,,1,,38.9,0.4,Boric et al 2009,38.9,0.4,Boric et al 2009,,,,,Chile,,,,,,,,,,MM Porphyry,MM-P,,,K- Alteration_ A and B quartz veinlets; quartz ôeyesö,,,72.33,11.64,2.02,,1.817596,0.85,1.33,0.1,6.13,0.201,0.04,0.321,,4.13,1,0.2,,,1.15,,99.09,4.1,,0.5,,,782,1,1.3,,14,14.9,,1.9,1.8,,3.6,4450,0.67,0.38,0.28,,,14,0.88,1.5,2.1,0.5,0.13,0.05,,7.85,,0.06,,,6,,4.2,6,4,,59,,1.67,,183,,1.1,2.38,0.25,,1.12,2,165,0.37,0.13,,4.49,,2.2,0.07,0.95,30,9,4,0.43,3130,88,,,,,,,,,82.996433,0.862246,0.340888,2.894057,13.094888,41.25,1.875,0.46875,383.72093,95.930233,12.605042,,1
ZMMH-97,,UNPUB,n/a,n/a,n/a,Zentilli,UNPUB,Chuqui-El Abra,MMH,Cu-Mo,CA,Large,13,CODELCO,,,,,,,,,,617.89,,1,,38.9,0.4,Boric et al 2009,35.5,0.6,Boric et al 2009,,,,,Chile,,,,,,,,,,Quartz Porphyry,QTZ-P,,,Highly altered dike_ by major fault; quartz ôeyesö,,,64.98,13.42,1.18,,1.061764,0.29,2.43,0.31,8.94,0.233,0.06,0.059,,6.22,0.7,1.4,,,1.78,,98.12,7.4,,0.5,,,807,1,1.1,,0.9,18.5,,1.3,3.4,,1.4,5230,0.81,0.47,0.42,,,15,1.08,2.5,2.4,0.5,0.16,0.05,,9.68,,0.09,,,13,,6.1,7.62,4,,9,,2.13,,157,,0.3,2.48,0.25,,1.39,3,252,0.5,0.15,,5.32,,1.1,0.08,0.92,29,10,5,0.52,250,104,,,,,,,,,77.10944,1.047982,0.342609,2.970085,13.352808,50.4,2.423077,0.484615,484.615385,96.923077,11.693548,161.4,1
ZMMH-164,,UNPUB,n/a,n/a,n/a,Zentilli,UNPUB,Chuqui-El Abra,MMH,Cu-Mo,CA,Large,13,CODELCO,,,,,,,,,,990.5,,1,,38.9,0.4,Boric et al 2009,35.5,0.6,Boric et al 2009,,,,,Chile,,,,,,,,,,Quartz Porphyry,QTZ-P,,,Feldspar porphyry with fine matrix; recalls Banco P.,,,65.25,14.6,2.08,,1.871584,0.8,1.26,0.21,9.2,0.206,0.06,0.726,,3.92,1,0.1,,,1.01,,98.31,1.8,,3,,,1718,1,0.1,,5.4,36.8,,2.9,0.25,,2.8,1660,0.87,0.46,0.56,,,18,1.44,1.4,2.6,0.5,0.16,0.05,,20.3,,0.07,,,1,,9.1,13.3,3,,727,,3.87,,227,,0.8,2.52,0.25,,1.99,1,231,0.53,0.18,,5.64,,2.6,0.07,2.07,23,9,6,0.48,1230,105,,,,,,,,,87.183958,1.011356,0.358188,4.606481,30.335795,38.5,2.2,0.366667,481.25,80.208333,9.126984,286.333333,1
ZMMH-11,,UNPUB,n/a,n/a,n/a,Zentilli,UNPUB,Chuqui-El Abra,MMH,Cu-Mo,CA,Large,13,CODELCO,,,,,,,,,,898,,1,,38.9,0.4,Boric et al 2009,35.5,0.6,Boric et al 2009,,,,,Chile,,,,,,,,,,Quartz Porphyry,QTZ-P,,,Quartz Porphyry,,,69.55,15.63,1.87,,1.682626,0.58,0.16,0.16,7.53,0.247,0.1,0.02,,2.73,n/a,n/a,,,0.71,,98.58,2.6,,118,,,922,2,0.7,,0.5,32.8,,1.7,5.1,,2.6,7510,1,0.55,0.53,,,17,1.3,4.3,3,0.5,0.19,0.05,,17.1,,0.11,,,100.1,,6.3,11.6,6,,12,,3.3,,191,,2.5,2.93,0.25,,1.98,3,132,0.43,0.18,,4.14,,1.18,0.09,1.97,27,13,5,0.64,93,110,,,,,,,,,96.204033,1.009939,0.268265,3.4375,19.165348,26.4,1.2,0.24,206.25,41.25,9.215017,184.4,1
ZMMH-162,,UNPUB,n/a,n/a,n/a,Zentilli,UNPUB,Chuqui-El Abra,MMH,Cu-Mo,CA,Large,13,CODELCO,,,,,,,,,,603.5,,1,,38.9,0.4,Boric et al 2009,35.5,0.6,Boric et al 2009,,,,,Chile,,,,,,,,,,Quartz Porphyry,QTZ-P,,,Quartz Porphyry; quartz ôeyesö,,,76.94,15.32,0.94,,0.845812,0.04,0.12,0.13,0.27,0.42,0.12,0.006,,4.64,2.5,0.1,,,0.96,,98.94,0.25,,23,5.00E-04,,183,0.5,0.05,,0.25,42.7,,2,17.9,,0.7,486,0.83,0.47,0.76,,,13,1.92,21.1,2.9,0.5,0.15,0.05,,23,,0.11,,,1,,4.9,16.3,2,,66,,4.66,,1,,3.8,3.79,0.25,,2.8,2,687,0.34,0.2,,4.95,,0.025,0.08,1.7,66,38,5,0.62,3,122,,,,,,,,,55.357143,1.002092,0.274767,5.017921,26.6095,137.4,5.631148,1.12623,1108.064516,221.612903,17.414248,,1
ZMMH-13,,UNPUB,n/a,n/a,n/a,Zentilli,UNPUB,Chuqui-El Abra,MMH,Cu-Mo,CA,Large,13,CODELCO,,,,,,,,,,1123.9,,1,,38.9,0.4,Boric et al 2009,35.5,0.6,Boric et al 2009,,,,,Chile,,,,,,,,,,Quartz Porphyry,QTZ-P,,,ôTypicalö Quartz Porphyry,,,77.17,11.79,3.37,,3.032326,0.22,0.05,0.08,3.22,0.162,0.03,0.012,,3.12,n/a,n/a,,,2.53,,99.22,3,,8,,,130,0.5,0.2,,0.25,36.2,,3.3,10.5,,5.1,6210,1.13,0.75,0.38,,,8,1.14,1.4,2.5,0.5,0.24,0.05,,19,,0.13,,,27,,6.9,11.4,5,,6,,3.42,,92,,1.5,2.43,3.8,,1.76,17,56,0.47,0.18,,5.11,,0.65,0.12,0.96,36,18,7,0.82,22,80,,,,,,,,,96.358543,0.82016,0.170033,2.384824,16.620356,8,0.7,0.1,68.292683,9.756098,14.814815,,1
ZMMH-12,,UNPUB,n/a,n/a,n/a,Zentilli,UNPUB,Chuqui-El Abra,MMH,Cu-Mo,CA,Large,13,CODELCO,,,,,,,,,,1128.12,,1,,38.9,0.4,Boric et al 2009,35.5,0.6,Boric et al 2009,,,,,Chile,,,,,,,,,,Quartz Porphyry,QTZ-P,,,Quartz Porphyry; brecciated; similar to Dac-P; Moly.,,,79.01,12.71,1.02,,0.917796,0.36,0.05,0.09,3.82,0.166,0.04,0.015,,1.97,n/a,n/a,,,0.36,,99.25,0.9,,12,,,253,1,0.1,,0.25,28.6,,0.8,7.7,,0.9,2770,1.19,0.74,0.44,,,10,1.34,1.6,2.6,0.5,0.24,0.05,,15.6,,0.14,,,28,,5.2,9.37,2,,2.5,,2.69,,88,,1.9,2.54,0.25,,1.59,7,58,0.48,0.21,,5.23,,0.49,0.12,0.91,22,11,7,0.84,21,84,,,,,,,,,96.759259,0.921564,0.186507,2.103175,13.321278,8.285714,0.690476,0.098639,69.047619,9.863946,8.661417,,1
ZMMH-76,,UNPUB,n/a,n/a,n/a,Zentilli,UNPUB,Chuqui-El Abra,MMH,Cu-Mo,CA,Large,13,CODELCO,,,,,,,,,,699.75,,1,,38.9,0.4,Boric et al 2009,33.7,0.8,,,,,,Chile,,,,,,,,,,Dacite Porphyry,DAC-P,,,Feldspar porphyry; large K-spar; argillic alteration overrgÝlica sobre K,,,59.24,14.78,8.56,,7.702288,0.62,0.12,0.05,4.29,0.281,0.04,1.753,,7.98,2.1,0.8,,,1.6,,97.72,1.6,,18,5.00E-04,,833,2,0.5,,5,41.8,,13.4,6.2,,29.1,1440,1.6,0.98,0.53,,,18,1.88,2.5,3,0.5,0.33,0.5,,23.2,,0.16,,,26,,5.2,14.5,18,,448,,4.38,,201,,4.1,6.31,0.25,,2.28,2,188,0.49,0.28,,6.31,,1.5,0.16,1.68,43,9,8,1.1,1300,128,,,,,,,,,96.653543,0.782624,0.120951,2.30303,15.1285,23.5,1.46875,0.183594,170.909091,21.363636,6.81458,,1
ZMMH-09,,UNPUB,n/a,n/a,n/a,Zentilli,UNPUB,Chuqui-El Abra,MMH,Cu-Mo,CA,Large,13,CODELCO,,,,,,,,,,159,,1,,38.9,0.4,Boric et al 2009,33.7,0.8,,,,,,Chile,,,,,,,,,,Dacite Porphyry,DAC-P,,,Dacite dike; similar to QTZ-P,,,65.17,14.57,3.45,,3.10431,1.04,0.23,0.14,8.16,0.347,0.12,1.89,,4.47,n/a,n/a,,,1.69,,99.59,0.8,,12,5.00E-04,,1815,1,0.05,,6.9,35.4,,8.3,12.7,,6.9,118,1.47,0.87,0.73,,,14,1.65,3,2.9,0.5,0.29,0.05,,18.4,,0.16,,,1,,4,12.3,14,,374,,3.49,,220,,2.5,6.66,0.25,,2.17,0.5,137,0.31,0.25,,4.36,,3.12,0.14,1.34,54,13,9,0.95,1660,106,,,,,,,,,96.133751,1.179437,0.211057,2.538012,13.89296,15.222222,1.292453,0.143606,144.210526,16.023392,8.108108,201.666667,1
ZMMH-66,,UNPUB,n/a,n/a,n/a,Zentilli,UNPUB,Chuqui-El Abra,MMH,Cu-Mo,CA,Large,13,CODELCO,,,,,,,,,,215.08,,1,,38.9,0.4,Boric et al 2009,33.7,0.8,,,,,,Chile,,,,,,,,,,Dacite Porphyry,DAC-P,,,Dacite porphyry; quart veinlets,,,68.13,13.97,5.92,,5.326816,0.22,0.12,0.06,3.02,0.417,0.17,0.014,,5.69,2,0.4,,,4.99,,97.73,3.3,,214,5.00E-04,,361,0.5,0.2,,4.1,35,,18,8.4,,24.4,1430,1.06,0.68,1.02,,,19,2.62,1.4,3.2,0.5,0.2,0.05,,18.2,,0.15,,,1,,4.3,13.8,24,,629,,3.82,,103,,8.1,7.27,0.25,,2.82,6,561,0.36,0.3,,4.15,,1.5,0.12,3.01,75,34,5,0.94,262,144,,,,,,,,,94.736842,1.147225,0.207477,3.333333,13.888141,112.2,3.895833,0.779167,596.808511,119.361702,10.316369,72.2,1
ZMMH-67,,UNPUB,n/a,n/a,n/a,Zentilli,UNPUB,Chuqui-El Abra,MMH,Cu-Mo,CA,Large,13,CODELCO,,,,,,,,,,132.3,,1,,38.9,0.4,Boric et al 2009,33.7,0.8,,,,,,Chile,,,,,,,,,,Dacite Porphyry,DAC-P,,,Dacite porphyry; alunite_ enargite present,,,74.9,11.77,3.38,,3.041324,0.28,0.27,0.04,2.89,0.28,0.09,0.026,,4.35,2,0.4,,,2.86,,98.28,3.3,,102,5.00E-04,,235,0.5,0.05,,17.5,15.4,,6.2,6.3,,16.1,352,0.4,0.34,0.35,,,19,0.88,1.7,2.1,0.5,0.09,0.3,,9.05,,0.09,,,1,,2.8,5.5,7,,1330,,1.6,,91,,20.5,4.5,0.25,,1.15,0.5,464,0.27,0.08,,3.31,,1.3,0.07,1.77,57,15,3,0.52,2470,92,,,,,,,,,91.091954,1.063657,0.347734,2.457265,12.483772,154.666667,5.043478,1.681159,892.307692,297.435897,12.666667,,1
ZMMH-04,,UNPUB,n/a,n/a,n/a,Zentilli,UNPUB,Chuqui-El Abra,MMH,Cu-Mo,CA,Large,13,CODELCO,,,,,,,,,,888.63,,4,,38.9,0.4,Boric et al 2009,210,20,Boric et al 2009,,,,,Chile,,,,,,,,,,Hornblende Porphyry,HB-P,,,Hornblende porphyry û probably Hb rich MM-GRD,,,64.18,15.29,2.34,,2.105532,1.02,2.16,0.36,9.51,0.336,0.16,0.293,,4.5,n/a,n/a,,,1.57,,100.15,6.8,,0.5,,,1262,2,1,,3.7,41.4,,2.2,6.7,,2.3,5080,1.23,0.64,0.64,,,18,1.81,2.4,3,0.5,0.23,0.05,,21.4,,0.11,,,16,,8,15.5,5,,76,,4.21,,231,,0.6,3.88,0.25,,2.59,2,307,0.54,0.24,,5.48,,1.56,0.1,0.95,46,10,6,0.64,906,107,,,,,,,,,80.689655,0.90368,0.24004,4.496528,23.984705,51.166667,2.869159,0.478193,479.6875,79.947917,11.85567,210.333333,0
ZMMH-160,,UNPUB,n/a,n/a,n/a,Zentilli,UNPUB,Chuqui-El Abra,MMH,Cu-Mo,CA,Large,13,CODELCO,,,,,,,,,,857.83,,4,,38.9,0.4,Boric et al 2009,210,20,Boric et al 2009,,,,,Chile,,,,,,,,,,Diorite,DIOR EofWF,,,Diorite with Pz granite inclusions û east of West Fault,,,55.87,18.98,7.26,,6.532548,2.61,5.71,3.33,1.79,0.667,0.02,0.091,,2.6,1.9,0.3,,,0.03,,98.93,0.25,,9,5.00E-04,,546,2,0.05,,0.8,47,,25.7,7.7,,5.7,61,3.34,1.99,1.11,,,20,3.5,1.6,3.2,0.5,0.7,0.05,,22.8,,0.31,,,1,,10.7,20,15,,15,,5.52,,56,,0.5,11.4,0.25,,3.99,2,418,0.48,0.59,,6.48,,0.3,0.33,1.47,241,0.5,17,2.11,72,130,,,,,,,,,32.738095,0.908084,0.073163,2.101106,7.750915,24.588235,3.215385,0.18914,198.104265,11.653192,21.140351,,0
Z169-ME1,,UNPUB,n/a,n/a,n/a,Zentilli,UNPUB,Chuqui-El Abra,MMH,Cu-Mo,CA,Large,13,CODELCO,,,,,,,,,,265,,4,,38.9,0.4,Boric et al 2009,229,,,,,,,Chile,,,,,,,,,,Ganodiorite,GRD ESTE- RT,,,East Granodiorite - Radomto Tomic Mine,,,57.51,19.84,3.76,,3.383248,1.81,3.25,6.57,2.09,0.367,0.06,0.021,,2.81,1,0.8,,,0.24,,98.09,0.25,,0.5,,,87,1,0.6,,0.25,35.2,,10.3,9.7,,4.4,3200,1.61,0.94,0.59,,,17,1.98,1.9,3.8,0.5,0.32,0.05,,18.9,,0.17,,,26,,7.1,13.6,16,,2.5,,3.98,,79,,0.2,7.68,4.9,,2.43,2,232,0.65,0.3,,9.51,,0.4,0.16,2.01,53,6,8,1.15,24,146,,,,,,,,,28.425656,0.822318,0.12156,2.347826,11.788663,29,1.589041,0.19863,201.73913,25.217391,6.901042,,0
Z170-ME2,,UNPUB,n/a,n/a,n/a,Zentilli,UNPUB,Chuqui-El Abra,MMH,Cu-Mo,CA,Large,13,CODELCO,,,,,,,,,,329.85,,1,,38.9,0.4,Boric et al 2009,35.5,1,,,,,,Chile,,,,,,,,,,Este Porphyry,ESTE-P RT,,,East Porphyry û Radomiro Tomic Mine,,,67.25,16.26,3.02,,2.717396,0.82,3.21,4.51,2.61,0.355,0.12,0.032,,0.97,0.3,0.2,,,0.04,,99.15,0.25,,0.5,5.00E-04,,843,2,0.05,,0.25,44.5,,6.2,0.25,,1.4,407,1.33,0.69,0.76,,,18,2.04,1.2,3.2,0.5,0.25,0.05,,23.9,,0.1,,,2,,8.3,17.5,5,,6,,4.97,,67,,0.05,4.41,0.25,,2.87,1,679,0.54,0.26,,12.2,,0.3,0.11,2.13,50,0.5,7,0.68,28,133,,,,,,,,,30.762332,0.960243,0.240061,4.689542,25.21097,97,5.105263,0.729323,998.529412,142.647059,11.337868,120.428571,1
Cu-2022,,UNPUB,n/a,n/a,n/a,Zentilli,UNPUB,Chuqui-El Abra,MMH,Cu-Mo,CA,Large,13,CODELCO,,,,,,,,,,,,1,,38.9,0.4,Boric et al 2009,35.5,1,,,,,,Chile,,,,,,,,,,Este Porphyry,ESTE-P CH,,,Este P. û Chuquicamata pit (UTM N 7537.708/E 512130 - 3053 m.a.s.l. (MZ 2006),,,68.65,16.18,2.49,,2.240502,0.61,2.87,4.68,3,0.276,0.09,0.03,,0.34,n/a,n/a,,,0.04,,99.22,0.25,,2,5.00E-04,,791,2,0.05,,0.25,37.5,,3.6,5.1,,0.7,306,1.07,0.61,0.61,,,20,1.55,1.3,3.6,0.5,0.21,0.05,,19.5,,0.12,,,1,,9.8,13.6,4,,8,,3.77,,66,,0.05,3.19,0.25,,2.32,1,647,0.61,0.2,,7.22,,0.12,0.1,2.72,33,0.5,5,0.67,121,122,,,,,,,,,32.34767,0.98343,0.249527,3.84743,20.87663,129.4,5.303279,1.060656,965.671642,193.134328,10.344828,158.2,1
Cu-1333,,UNPUB,n/a,n/a,n/a,Zentilli,UNPUB,Chuqui-El Abra,MMH,Cu-Mo,CA,Large,13,CODELCO,,,,,,,,,,,,1,,38.9,0.4,Boric et al 2009,33.4,1,,,,,,Chile,,,,,,,,,,Banco Porphyry,BAN-P CH,,,Banco P. - Chuquicamata pit; Bench G3 (2722 m.a.s.l.) N5300/E3950 (D.Lindsay),,,69.27,17.1,1.65,,1.48467,0.32,1.91,4.96,2.74,0.273,0.04,0.01,,0.96,n/a,n/a,,,0.16,,99.23,0.25,,9,5.00E-04,,790,2,0.05,,0.25,26.2,,2.8,6,,2.2,1560,1.8,1.05,0.54,,,22,1.42,1.6,3.2,0.5,0.36,0.05,,14.1,,0.19,,,1,,5.7,8.58,3,,5,,2.43,,69,,0.3,2.95,0.25,,1.57,2,640,0.38,0.28,,4.46,,0.21,0.17,5.06,27,8,11,1.14,343,115,,,,,,,,,30.81571,1.105665,0.16488,1.530214,8.871863,58.181818,5.565217,0.505929,561.403509,51.036683,9.152542,71.818182,1
A-49-07,,GEOROC,,,,Maydagan,2014,,Altar,Cu-Au,K,Small,3.482,,,,,,,,2361220,6516798,,,,1,,11.62,0.21,Maydagan,11.75,0.24,Maydagan,,,,,Chile,,,,,,,,,,Porph 1,,Fresh,,,,,61.26,18.08,4.03,,3.626194,1.75,3.22,6.84,1.91,0.72,0.24,0.09,0.002,1.6,,,,,,,99.74,0.05,,17.6,2.9,,711,0.5,0.05,,0.3,41.5,,10.2,,0.6,5.2,1.36,,0.58,0.99,,,23.6,2.27,,3.9,0.005,0.22,,,17.4,,0.09,,,1.2,,6,20.5,5.3,,2.7,,5.08,,40,,0.4,4,0.25,,3.5,0.5,1096.7,0.4,0.29,,3.1,,0.05,0.09,1.1,89,0.25,6.9,0.54,81,128,,,,,,,,,26.676385,1.073772,0.338039,7.201646,23.112986,158.942029,8.567969,1.241735,2030.925926,294.337091,22.25,103.043478,1
A-58-07,,GEOROC,,,,Maydagan,2014,,Altar,Cu-Au,K,Small,3.482,,,,,,,,2361228,6516678,,,,1,,11.62,0.21,Maydagan,11.75,0.24,Maydagan,,,,,Chile,,,,,,,,,,Porph 1,,Fresh,,,,,60.37,17.96,4.06,,3.653188,1.61,3.04,6.85,1.74,0.71,0.25,0.12,0.001,3.1,,,,,,,99.75,0.05,,17.1,2.3,,768,2,0.05,,0.6,46.2,,8.6,,1,20.8,1.47,,0.65,1.13,,,23.5,2.46,,4.4,0.005,0.24,,,19.8,,0.09,,,1.7,,6,22.8,6.3,,1.1,,5.86,,33.7,,0.3,4,0.25,,3.91,1,822.1,0.3,0.31,,3.6,,0.05,0.09,1.1,84,0.25,7.5,0.59,186,146,,,,,,,,,25.302115,1.1139,0.320954,7.363465,24.072088,109.613333,5.630822,0.750776,1393.389831,185.785311,21,102.4,1
A-59-07,,GEOROC,,,,Maydagan,2014,,Altar,Cu-Au,K,Small,3.482,,,,,,,,2361228,6516678,,,,1,,11.62,0.21,Maydagan,11.75,0.24,Maydagan,,,,,Chile,,,,,,,,,,Porph 1,,Moderate,,,,,60.35,17.71,3.65,,3.28427,1.87,3.01,6.79,1.75,0.68,0.25,0.09,0.002,3.6,,,,,,,99.77,0.05,,15.4,3.1,,676,2,0.05,,0.05,46.2,,7.5,,1,2.1,1.34,,0.65,0.97,,,23.6,2.29,,4.1,0.005,0.23,,,20,,0.08,,,0.6,,5.8,22.2,3.4,,0.9,,5.63,,34.4,,0.2,4,0.25,,3.55,0.5,889.2,0.4,0.29,,3.3,,0.05,0.09,0.9,79,0.25,6.9,0.54,61,142.7,,,,,,,,,26.974665,1.040072,0.32743,7.304527,26.566651,128.869565,6.231254,0.90308,1646.666667,238.647343,19.75,97.971014,1
A-106,,GEOROC,,,,Maydagan,2014,,Altar,Cu-Au,K,Small,3.482,,,,,,,,2361092,6516391,,,,1,,11.62,0.21,Maydagan,11.75,0.24,Maydagan,,,,,Chile,,,,,,,,,,Porph 1,,Moderate,,,,,60.47,17.74,3.74,,3.365252,1.53,3.24,5.72,2.4,0.67,0.26,0.17,0.001,3.8,,,,,,,99.74,0.05,,15.6,3.4,,727,1,0.05,,1.3,43.7,,11.8,,2.4,27.4,1.5,,0.64,1,,,23.7,2.3,,4.1,0.005,0.23,,,19.3,,0.08,,,0.1,,5.4,21,10,,2.4,,5.24,,56.3,,0.3,4,0.25,,3.4,0.5,624.9,0.4,0.3,,2.9,,0.05,0.09,0.9,77,0.25,7.5,0.57,522,153.2,,,,,,,,,30.488751,1.093252,0.326058,6.62768,24.287512,83.32,4.078982,0.543864,1096.315789,146.175439,19.25,96.933333,1
A-1013,,GEOROC,,,,Maydagan,2014,,Altar,Cu-Au,K,Small,3.482,,,,,,,,2360410,6516898,,,,1,,11.62,0.21,Maydagan,11.68,0.27,Maydagan,,,,,Chile,,,,,,,,,,Porph 2,,Strong,,,,,76.53,12.48,2.33,,2.096534,0.58,0.21,3.17,2.14,0.59,0.08,0.01,0.001,1.8,,,,,,,99.91,0.7,,13,484.3,,134,1,0.5,,0.05,31.2,,1.3,,1,125.1,0.45,,0.19,0.38,,,20,0.84,,3.2,0.005,0.06,,,13.8,,0.04,,,6.9,,4.9,12.5,10,,3.5,,3.42,,53.4,,0.1,4,2.3,,1.5,2,407.8,0.3,0.09,,2.3,,0.05,0.03,0.5,76,1.9,1.9,0.21,10,110.9,,,,,,,,,44.590164,1.034956,0.837822,7.936508,47.136829,214.631579,3.677187,1.935361,1941.904762,1022.055138,19,,1
A-1012,,GEOROC,,,,Maydagan,2014,,Altar,Cu-Au,K,Small,3.482,,,,,,,,2360319,6516729,,,,1,,11.62,0.21,Maydagan,11.68,0.27,Maydagan,,,,,Chile,,,,,,,,,,Porph 2,,Strong,,,,,67.14,17.63,5.31,,4.777938,1,0.25,0.6,3.99,0.72,0.15,0.02,0.001,3,,,,,,,99.82,0.05,,4.6,12.7,,734,2,0.6,,0.1,55.7,,1.9,,1.7,26,0.59,,0.29,0.46,,,32.6,0.95,,5,0.005,0.1,,,26,,0.06,,,78.3,,6.6,21.3,10,,4.4,,6.03,,129.7,,0.05,4,0.7,,2.09,5,351.4,0.5,0.12,,4.3,,0.2,0.05,2.4,74,2.4,2.8,0.36,11,176,,,,,,,,,85.445205,0.998037,0.471295,6.450617,51.80497,125.5,1.996591,0.713068,976.111111,348.611111,18.5,262.142857,1
A-6-07,,GEOROC,,,,Maydagan,2014,,Altar,Cu-Au,K,Small,3.482,,,,,,,,2359566,6517295,,,,1,,11.62,0.21,Maydagan,11.62,0.21,Maydagan,,,,,Chile,,,,,,,,,,Porph 3,,Moderate,,,,,67.16,16.12,3.49,,3.140302,0.86,0.91,5.51,3.44,0.58,0.06,0.07,0.001,1.6,,,,,,,99.79,0.9,,19.1,70.5,,552,2,0.3,,0.2,36.1,,4.6,,3,115.5,1.61,,0.76,0.72,,,20,2.29,,3.9,0.005,0.26,,,18.5,,0.12,,,6.2,,7.4,17.5,5.9,,39,,4.34,,89,,0.5,4,0.25,,3.35,3,574.8,0.5,0.31,,5.5,,0.1,0.1,2,51,1.1,7.5,0.8,98,126.2,,,,,,,,,40.11194,0.794723,0.168879,4.652778,16.587553,76.64,4.554675,0.60729,718.5,95.8,12.75,73.6,1
A-9-07,,GEOROC,,,,Maydagan,2014,,Altar,Cu-Au,K,Small,3.482,,,,,,,,2359560,6517290,,,,1,,11.62,0.21,Maydagan,11.62,0.21,Maydagan,,,,,Chile,,,,,,,,,,Porph 3,,Moderate,,,,,62.45,16.02,5.16,,4.642968,1.49,1.51,5.73,3.05,0.65,0.09,0.05,0.003,3.6,,,,,,,99.75,1,,31,107.2,,529,2,0.5,,0.3,30.7,,7.4,,3.7,317.9,0.82,,0.37,0.48,,,20.7,1.29,,3.1,0.005,0.13,,,15.5,,0.06,,,7.2,,5.3,14.1,11.9,,40,,3.7,,84.9,,0.1,5,0.7,,2.05,3,697.6,0.3,0.16,,3.1,,0.3,0.05,1.5,77,1.3,3.7,0.37,113,113,,,,,,,,,38.539898,0.902388,0.41461,6.156156,30.049036,188.540541,6.173451,1.6685,1885.405405,509.569028,15.4,142.972973,1
A-1014,,GEOROC,,,,Maydagan,2014,,Altar,Cu-Au,K,Small,3.482,,,,,,,,2359520,6517217,,,,1,,11.62,0.21,Maydagan,11.62,0.21,Maydagan,,,,,Chile,,,,,,,,,,Porph 3,,Moderate,,,,,63.31,17.46,4.81,,4.328038,1.66,1.63,6.47,2.12,0.7,0.27,0.1,0.001,1.2,,,,,,,99.74,1,,5.9,56.8,,613,2,0.1,,0.1,49.6,,10.5,,2.2,96.6,1.44,,0.62,0.99,,,23.1,2.02,,3.8,0.005,0.23,,,23.3,,0.09,,,4.5,,6,21.8,10,,12.4,,5.74,,55.5,,0.2,5,0.25,,3.32,2,864.4,0.4,0.28,,3.5,,0.1,0.09,1.3,86,0.7,6.2,0.67,214,146.9,,,,,,,,,31.818182,1.16873,0.296543,5.505804,24.944896,139.419355,5.884275,0.949077,1290.149254,208.088589,17.2,98.870968,1
A-1-07,,GEOROC,,,,Maydagan,2014,,Altar,Cu-Au,K,Small,3.482,,,,,,,,2359299,6516702,,,,1,,11.62,0.21,Maydagan,10.35,0.32,Maydagan,,,,,Chile,,,,,,,,,,Porph 4,,Strong,,,,,84.08,9.38,1.12,,1.007776,0.5,0.07,0.38,1.97,0.34,0.005,0.005,0.002,2.1,,,,,,,99.96,1.2,,28.4,48.2,,257,0.5,0.4,,0.05,12.8,,0.7,,1.7,115.1,0.11,,0.07,0.04,,,14,0.16,,2.2,0.02,,,,6.6,,0.01,,,4.2,,3.7,5.3,4.2,,37.6,,1.47,,50.4,,1.5,2,7.5,,0.34,6,27.4,0.3,0.01,,2.6,,0.05,0.005,0.3,24,4,0.7,0.08,13,80.9,,,,,,,,,84.589041,0.524305,1.114149,4.722222,59.177215,39.142857,0.33869,0.483842,342.5,489.285714,12,,1
A-118-08,,GEOROC,,,,Maydagan,2014,,Altar,Cu-Au,K,Small,3.482,,,,,,,,2359277,6516821,,,,1,,11.62,0.21,Maydagan,10.35,0.32,Maydagan,,,,,Chile,,,,,,,,,,Porph 4,,Strong,,,,,74.07,15.57,0.63,,0.566874,0.63,0.17,0.23,3.8,0.66,0.04,0.005,0.001,4.1,,,,,,,99.89,5.5,,856.6,66,,390,0.5,2.5,,0.05,32.7,,1.1,,6,112.7,0.26,,0.18,0.34,,,28,0.56,,3.8,0.17,0.04,,,14.8,,0.04,,,3.7,,5.5,14.8,0.8,,10.9,,3.94,,93.8,,29.2,4,3.3,,1.8,4,62,0.3,0.06,,2.8,,0.05,0.03,0.6,69,20.7,1.8,0.25,4,143.2,,,,,,,,,91.718427,1.035314,0.704014,8,42.464135,34.444444,0.432961,0.240534,248,137.777778,17.25,,1
A-1021,,GEOROC,,,,Maydagan,2014,,Altar,Cu-Au,K,Small,3.482,,,,,,,,2360335,6516063,,,,2,,11.62,0.21,Maydagan,10,0.5,Maydagan,,,,,Chile,,,,,,,,,,Andesite porphyry,,Weak,,,,,59.6,17.4,4,,3.5992,1.52,3.58,5.65,2.53,0.71,0.25,0.28,0.001,4.3,,,,,,,99.79,0.05,,9.8,5.9,,704,2,0.05,,0.1,50.6,,9.7,,3.6,4.7,1.4,,0.59,1.03,,,23.9,2.32,,4.1,0.005,0.22,,,21.8,,0.08,,,0.1,,5.7,23.5,10,,5.3,,5.97,,73.2,,0.2,5,0.25,,3.51,1,505.3,0.3,0.29,,3.2,,0.1,0.08,0.9,88,0.25,6.7,0.58,189,147.4,,,,,,,,,30.496988,1.103477,0.323433,6.724138,26.96057,75.41791,3.428087,0.511655,871.206897,130.03088,17.6,,1
A-1024,,GEOROC,,,,Maydagan,2014,,Altar,Cu-Au,K,Small,3.482,,,,,,,,2360397,6517617,,,,2,,11.62,0.21,Maydagan,10,0.5,Maydagan,,,,,Chile,,,,,,,,,,Andesite porphyry,,Moderate,,,,,62.4,17.99,3.77,,3.392246,1.29,1.22,6.66,2.66,0.61,0.24,0.17,0.001,2.7,,,,,,,99.66,0.05,,4.7,4.6,,1515,2,0.05,,0.9,46.8,,7.4,,1.2,146.6,1.37,,0.6,0.91,,,23.6,2.17,,4.1,0.005,0.24,,,17.9,,0.08,,,0.2,,5.8,20.3,10,,3.7,,5.22,,57,,0.3,4,0.25,,3.26,1,553.7,0.4,0.28,,3.3,,0.1,0.08,1.1,67,0.25,7.3,0.59,470,152.6,,,,,,,,,33.389687,1.045987,0.301386,6.13936,21.76214,75.849315,3.62844,0.497047,938.474576,128.558161,16.75,207.534247,1
A-1017,,GEOROC,,,,Maydagan,2014,,Altar,Cu-Au,K,Small,3.482,,,,,,,,2358320,6517184,,,,2,,11.62,0.21,Maydagan,10,0.5,Maydagan,,,,,Chile,,,,,,,,,,Porph 5,,Fresh,,,,,62.53,17.86,2.49,1.05,3.290502,1.37,4.18,5.65,1.81,0.61,0.23,0.06,0.001,1.8,,,,,,,98.6,0.05,,16,13,,585,2,0.05,,0.2,49.2,,7.1,,1.2,12,1.37,,0.68,0.98,,,23.4,2.32,,4,0.005,0.24,,,20.7,,0.09,,,0.3,,5.6,22,10,,8.3,,5.66,,42,,0.2,4,0.8,,3.51,1,946.7,0.3,0.28,,3,,0.05,0.09,1,68,0.25,7.1,0.6,80,147.6,,,,,,,,,24.442736,1.04991,0.297475,6.5,24.746835,133.338028,6.413957,0.903374,1577.833333,222.230047,17,82.394366,1
A-153-08,,GEOROC,,,,Maydagan,2014,,Altar,Cu-Au,K,Small,3.482,,,,,,,,2357906,6517484,,,,2,,11.62,0.21,Maydagan,10,0.5,Maydagan,,,,,Chile,,,,,,,,,,Porph 5,,Fresh,,,,,63.55,17.84,3.54,,3.185292,1.38,4.22,5.47,1.8,0.66,0.24,0.05,0.001,1,,,,,,,99.75,0.05,,14.7,0.25,,561,2,0.05,,0.05,42.2,,7.6,,1.5,28.2,1.28,,0.59,0.99,,,24,2.25,,3.6,0.04,0.23,,,19.5,,0.09,,,0.4,,5.4,22.3,10,,1.4,,5.49,,43.5,,0.1,4,0.25,,3.53,1,1019.5,0.4,0.28,,3.3,,0.05,0.08,1.1,77,0.7,7.2,0.58,47,141.3,,,,,,,,,24.708625,1.07394,0.314776,6.762452,24.116107,141.597222,7.215145,1.002103,1757.758621,244.133142,19.25,77.916667,1
A-21-08,,GEOROC,,,,Maydagan,2014,,Altar,Cu-Au,K,Small,3.482,,,,,,,,2361299,6515410,,,,2,,11.62,0.21,Maydagan,10,0.5,Maydagan,,,,,Chile,,,,,,,,,,Porph 5,,Fresh,,,,,62.28,17.7,3.98,,3.581204,1.82,2.47,5.72,1.78,0.64,0.24,0.03,0.001,3.1,,,,,,,99.74,0.05,,15.2,12.4,,453,2,0.05,,0.2,38.3,,7.7,,2.6,9,1.16,,0.48,0.81,,,22.9,1.94,,4.3,0.005,0.2,,,17.1,,0.07,,,0.3,,5.6,19.7,10,,6.1,,4.95,,41.1,,0.2,4,0.25,,3.22,2,1069.1,0.3,0.25,,2.9,,0.05,0.06,1,68,0.25,5.4,0.5,242,147.7,,,,,,,,,30.534351,0.990786,0.336867,7.155556,24.531646,197.981481,7.238321,1.34043,2138.2,395.962963,17,83.888889,1
A-156-08,,GEOROC,,,,Maydagan,2014,,Altar,Cu-Au,K,Small,3.482,,,,,,,,2362026,6516842,,,,2,,11.62,0.21,Maydagan,10,0.5,Maydagan,,,,,Chile,,,,,,,,,,Porph 5,,Fresh,,,,,62.46,17.99,3.95,,3.55421,1.41,4.08,6.23,1.66,0.75,0.26,0.05,0.001,0.9,,,,,,,99.73,0.05,,19.3,0.25,,549,1,0.05,,0.05,42.4,,8.5,,1.2,22.8,1.39,,0.54,0.98,,,24.9,2.37,,4,0.02,0.21,,,18.9,,0.08,,,0.8,,6.3,22.5,10,,4.5,,5.45,,37.2,,0.3,4,0.25,,3.66,2,1175.3,0.4,0.29,,2.9,,0.05,0.07,0.8,89,0.5,6.9,0.51,82,153,,,,,,,,,22.944694,1.017267,0.339089,7.973856,26.582278,170.333333,7.681699,1.11329,2304.509804,333.986928,22.25,79.565217,1
A-21-07,,GEOROC,,,,Maydagan,2014,,Altar,Cu-Au,K,Small,3.482,,,,,,,,2357857,6517478,,,,2,,11.62,0.21,Maydagan,10,0.5,Maydagan,,,,,Chile,,,,,,,,,,Porph 5,,Weak,,,,,60.73,17.36,4.06,,3.653188,1.45,4.8,5.29,1.56,0.69,0.25,0.14,0.003,3.4,,,,,,,99.78,0.05,,5,2.5,,507,2,0.05,,0.1,38.8,,8.9,,1.6,6.2,1.35,,0.6,0.95,,,23.1,2.29,,3.8,0.005,0.23,,,17.6,,0.09,,,1.5,,5.4,21.1,10,,10.2,,5.21,,31.8,,0.2,5,0.25,,3.57,0.5,855.5,0.4,0.3,,2.9,,0.05,0.08,1,78,0.7,7.1,0.59,155,133.3,,,,,,,,,22.977099,1.01577,0.292679,6.723164,21.397411,120.492958,6.417854,0.903923,1450,204.225352,15.6,71.408451,1
DM2AG33,,GEOROC,,,,Gilmer,2017,,Don Manuel,Cu-Mo,CA,,,,,,,,,,,,,,,1,,4,,Gilmer,3.975,0.057,Gilmer,,,,,Chile,,,,,,,,,Quartz Monzanite,Don Manuel Principal Units,,,,,,,68.79,15.22,0.99,1.9,2.790802,0.89,2.15,4.64,3,0.34,0.13,0.05,,1.32,,,,,<0.02,,99.41,,,,,,750.8,,,,,46.53,,5.7,10.6,,2.98,,1.47,0.75,0.87,,,20.1,2.43,,4.28,,0.25,,,24.03,,0.15,,,,,4.32,18.52,16.6,,19.72,,5.38,,70.2,,,2.4,,,3.22,6.78,565,0.37,0.27,,11.42,,,0.13,2.31,38.8,,8.7,0.83,48.2,178.7,,,,,,,,,36.423221,0.95085,0.194752,4.310576,20.767119,64.942529,3.161724,0.363417,680.722892,78.244011,16.166667,86.298851,1
DM6AG05,,GEOROC,,,,Gilmer,2017,,Don Manuel,Cu-Mo,CA,,,,,,,,,,,,,,,1,,4,,Gilmer,4.04,0.015,Gilmer,,,,,Chile,,,,,,,,,Quartz Monzanite,Don Manuel Principal Units,,,,,,,69.79,15.71,,1.46,1.46,0.98,2.13,4.72,2.87,0.36,0.13,0.03,,0.95,,,,,0.54,,99.13,,,,,,908.8,,,,,46.62,,3.5,6.6,,1.18,,1.36,0.75,0.82,,,16.5,2.14,,3.27,,0.25,,,26.49,,0.12,,,,,5.1,18.57,4.5,,9.03,,5.35,,56.9,,,3.1,,,3.24,0.15,587,0.37,0.28,,5.34,,,0.11,1.6,52.7,,8.3,0.76,10.1,124.8,,,,,,,,,35.981308,0.952046,0.212958,4.736842,25.001666,70.722892,4.703526,0.56669,772.368421,93.056436,17,109.493976,1
DM2AG01,,GEOROC,,,,Gilmer,2017,,Don Manuel,Cu-Mo,CA,,,,,,,,,,,,,,,1,,4,,Gilmer,3.829,0.009,Gilmer,,,,,Chile,,,,,,,,,Biotite Tonalite,Don Manuel Principal Units,,,,,,,67.33,15.54,1.06,2.93,3.883788,1.85,2.65,4.11,3.15,0.54,0.14,0.03,,1.16,,,,,0.58,,100.49,,,,,,678.2,,,,,29.75,,10.6,35.4,,5.17,,1.22,0.7,0.8,,,19.5,1.69,,4.21,,0.23,,,15.24,,0.12,,,,,3.92,14.03,15.2,,6.68,,3.8,,144.5,,,6.8,,,2.44,1.44,542,0.35,0.27,,6.66,,,0.1,1.86,80.7,,6,0.71,24.8,183,,,,,,,,,42.517007,1.204413,0.288381,3.818466,15.396684,90.333333,2.961749,0.493625,763.380282,127.230047,11.867647,113.033333,1
DM4AG14,,GEOROC,,,,Gilmer,2017,,Don Manuel,Cu-Mo,CA,,,,,,,,,,,,,,,1,,4,,Gilmer,3.733,0.012,Gilmer,,,,,Chile,,,,,,,,,Biotite Tonalite,Don Manuel Principal Units,,,,,,,62.95,16.82,,4,4,2.34,4.33,5.03,1.53,0.67,0.21,0.06,,0.57,,,,,<0.02,,98.51,,,,,,502,,,,,29.78,,10,35.8,,2.44,,1.25,0.65,0.89,,,17.6,1.9,,2.61,,0.23,,,15.2,,0.09,,,,,3.25,13.5,15.8,,5.16,,3.65,,46.7,,,8.3,,,2.71,0.95,712,0.26,0.24,,4.35,,,0.1,1.07,111.2,,6.9,0.64,39,101.8,,,,,,,,,29.251701,1.199091,0.318509,4.704861,17.035865,103.188406,6.994106,1.013639,1112.5,161.231884,13.39759,72.753623,1
DM5AG13,,GEOROC,,,,Gilmer,2017,,Don Manuel,Cu-Mo,CA,,,,,,,,,,,,,,,1,,4,,Gilmer,3.733,0.048,Gilmer,,,,,Chile,,,,,,,,,Intermediate Porphyry Suite,Don Manuel Principal Units,,,,,,,63.18,15.9,,5.05,5.05,2.2,2.41,4.07,3.56,0.56,0.18,0.02,,2.43,,,,,2.88,,99.58,,,,,,965.1,,,,,43.07,,21.7,41.8,,3.11,,1.1,0.53,0.94,,,18.9,2.28,,3.3,,0.19,,,21.89,,0.09,,,,,4.27,20.44,13.8,,4.91,,5.33,,120.1,,,7.1,,,3.86,1.19,688,0.3,0.23,,5.29,,,0.08,1.52,98.7,,6,0.52,12.8,127.1,,,,,,,,,47.058824,0.968702,0.316691,8.247863,30.195553,114.666667,5.413061,0.902177,1323.076923,220.512821,13.901408,160.85,1
DM6AG11,,GEOROC,,,,Gilmer,2017,,Don Manuel,Cu-Mo,CA,,,,,,,,,,,,,,,1,,4,,Gilmer,3.657,0.031,Gilmer,,,,,Chile,,,,,,,,,Intermediate Porphyry Suite,Don Manuel Principal Units,,,,,,,59.77,15.86,1.38,4.02,5.261724,3.24,4.66,4.15,2.51,0.8,0.24,0.06,,2.31,,,,,0.83,,98.99,,,,,,574.9,,,,,45.84,,11.8,85.8,,4.37,,1.97,0.97,1.17,,,19.9,3.03,,3.47,,0.33,,,21.68,,0.13,,,,,5.26,24.29,22.4,,5.73,,6.1,,93.8,,,9.8,,,4.96,1.34,794,0.35,0.37,,5.06,,,0.15,1.58,126,,11.1,0.88,25.8,133.6,,,,,,,,,39.491758,0.922672,0.178243,6.262626,17.671653,71.531532,5.943114,0.535416,902.272727,81.285831,12.857143,,1
DM6AG53,,GEOROC,,,,Gilmer,2017,,Don Manuel,Cu-Mo,CA,,,,,,,,,,,,,,,1,,4,,Gilmer,3.656,0.029,Gilmer,,,,,Chile,,,,,,,,,Intermediate Porphyry Suite,Don Manuel Principal Units,,,,,,,61.71,16.41,,4.51,4.51,2.41,6.43,5.46,0.19,0.68,0.21,0.1,,2.06,,,,,1.61,,100.2,,,,,,203.3,,,,,28.65,,8.2,31.6,,0.33,,2.08,1.06,1.11,,,17.7,2.88,,3.14,,0.38,,,12.77,,0.17,,,,,4.37,17.78,55.1,,5.65,,4.16,,5,,,8.1,,,4.05,1.1,767,0.28,0.37,,3.94,,,0.17,1.22,117.5,,11.8,1.07,37.5,124.6,,,,,,,,,17.943409,0.993626,0.157866,4.205607,8.560669,65,6.155698,0.521669,716.82243,60.747664,14.506173,17.228814,1
DM8AG53,,GEOROC,,,,Gilmer,2017,,Don Manuel,Cu-Mo,CA,,,,,,,,,,,,,,,1,,4,,Gilmer,3.912,0.057,Gilmer,,,,,Chile,,,,,,,,,Intermediate Porphyry Suite,Don Manuel Principal Units,,,,,,,60.38,17.04,,5.73,5.73,2.22,6.43,4.11,0.87,0.58,0.21,0.07,,0.56,,,,,0.02,,98.2,,,,,,161.2,,,,,35.67,,9.7,29.8,,3.29,,2.71,1.47,1.1,,,17.2,3.15,,2.66,,0.51,,,17.99,,0.24,,,,,3.06,18.7,25.4,,4.05,,4.7,,45.3,,,10.5,,,4.1,1.06,586,0.19,0.44,,2.64,,,0.24,0.72,120.1,,16.2,1.67,67.9,101.4,,,,,,,,,22.67058,0.93577,0.095258,2.727878,7.727077,36.17284,5.779093,0.356734,350.898204,21.660383,11.438095,9.950617,1
DM2AG47,,GEOROC,,,,Gilmer,2017,,Don Manuel,Cu-Mo,CA,,,,,,,,,,,,,,,1,,4,,Gilmer,3.8,0.5,Gilmer,,,,,Chile,,,,,,,,,Mafic Enclave,Don Manuel Principal Units,,,,,,,54.49,16.69,,7.17,7.17,1.96,4.58,4.05,4.1,1.09,0.23,0.06,,3.86,,,,,2.98,,98.29,,,,,,611.4,,,,,37.24,,34.2,83.5,,3.43,,3.77,2.02,1.27,,,19.7,4.94,,4.43,,0.8,,,16.91,,0.33,,,,,4.47,21.86,46.9,,6.25,,5.43,,117.5,,,19.5,,,5.14,1.48,429,0.33,0.68,,4.21,,,0.3,1.72,188.8,,24.2,2.03,44.2,172.9,,,,,,,,,41.252553,0.770517,0.064526,2.813355,5.975141,17.727273,2.481203,0.102529,211.330049,8.732647,9.682051,,1
DM1AG10,,GEOROC,,,,Gilmer,2017,,Don Manuel,Cu-Mo,CA,,,,,,,,,,,,,,,1,,4,,Gilmer,3.8,0.5,Gilmer,,,,,Chile,,,,,,,,,Mafic Enclave,Don Manuel Principal Units,,,,,,,55.89,15.59,,8.06,8.06,6.81,3.76,2.25,3.17,0.83,0.24,0.05,,1.9,,,,,1.79,,98.55,,,,,,297.6,,,,,29.05,,11.9,303.2,,12.94,,1.53,0.84,0.67,,,19.8,2.24,,3.05,,0.28,,,13.47,,0.16,,,,,4.33,14.57,113.3,,2.92,,3.76,,210.2,,,16.6,,,2.95,5.13,574,0.28,0.26,,5.6,,,0.14,2.88,160.2,,9.5,0.9,35.4,115.4,,,,,,,,,62.414009,0.796826,0.150512,3.641975,10.735584,60.421053,4.974003,0.523579,637.777778,67.134503,9.650602,,1
DM5AG07,,GEOROC,,,,Gilmer,2017,,Don Manuel,Cu-Mo,CA,,,,,,,,,,,,,,,1,,4,,Gilmer,3.85,0.19,Gilmer,,,,,Chile,,,,,,,,,Basaltic Andesite,Don Manuel Principal Units,,,,,,,55.23,17.75,1.86,5.97,7.643628,3.37,6.03,4.61,1.78,0.92,0.25,0.14,,1.61,,,,,<0.02,,99.51,,,,,,281.5,,,,,32.7,,12.5,6.3,,6.83,,2.99,1.73,1.49,,,15.9,3.45,,2.18,,0.59,,,15.61,,0.27,,,,,2.7,18.94,13.6,,2.69,,4.48,,77.2,,,17.1,,,4.82,1.12,551,0.16,0.5,,1.81,,,0.26,0.61,198.8,,18.5,1.88,45.7,79.5,,,,,,,,,32.615579,1.117061,0.101011,2.8487,5.955876,29.783784,6.930818,0.374639,293.085106,15.842438,11.625731,,1
DM6AG17,,GEOROC,,,,Gilmer,2017,,Don Manuel,Cu-Mo,CA,,,,,,,,,,,,,,,1,,4,,Gilmer,3.85,0.19,Gilmer,,,,,Chile,,,,,,,,,Basaltic Andesite,Don Manuel Principal Units,,,,,,,54.02,18.89,,7.18,7.18,3.36,7.69,4.52,1.08,0.82,0.25,0.11,,1.48,,,,,1.24,,99.4,,,,,,273.5,,,,,30.97,,10.4,6.7,,1.63,,3.08,1.77,1.23,,,19.2,3.51,,2.22,,0.6,,,14.37,,0.28,,,,,2.68,18.02,7.7,,2.15,,4.23,,46.6,,,15.7,,,4.49,1.35,626,0.16,0.51,,1.86,,,0.27,0.49,185.5,,18.5,1.69,37.2,81.6,,,,,,,,,26.666667,0.947223,0.095283,2.952005,6.099169,33.837838,7.671569,0.414679,370.414201,20.022389,11.815287,,1
DM8AG40,,GEOROC,,,,Gilmer,2017,,Don Manuel,Cu-Mo,CA,,,,,,,,,,,,,,,1,,4,,Gilmer,3.85,0.19,Gilmer,,,,,Chile,,,,,,,,,Basaltic Andesite,Don Manuel Principal Units,,,,,,,51.38,19.3,,8.73,8.73,3.16,7.57,4.96,0.96,0.82,0.26,0.1,,0.52,,,,,<0.02,,97.75,,,,,,155.8,,,,,41.29,,18.1,6.4,,5.01,,3.76,1.99,1.09,,,25.8,4.51,,2.24,,0.67,,,18.02,,0.29,,,,,3.34,25.94,17.2,,3.96,,6.01,,48.9,,,13.8,,,6.02,2.02,600,0.17,0.62,,2.02,,,0.29,1.27,177.5,,21.6,1.88,62.8,81.9,,,,,,,,,24.744745,0.639534,0.05783,3.55792,6.875393,27.777778,7.326007,0.339167,319.148936,14.775414,12.862319,,1
DMN30,,GEOROC,,,,Gilmer,2017,,Don Manuel,Cu-Mo,CA,,,,,,,,,,,,,,,2,,4,,Gilmer,3.88,0.017,Gilmer,,,,,Chile,,,,,,,,,Rhyolite,Paredones Units,,,,,,,71.7,14.81,0.37,1.25,1.582926,0.46,1.74,5.09,2.79,0.21,0.1,0.07,,0.99,,,,,<0.02,,99.57,,,,,,756.6,,,,,51.59,,2.8,8.6,,1.16,,1.55,0.83,0.8,,,19.7,2.49,,3.46,,0.28,,,26.52,,0.16,,,,,5.65,20.42,16.4,,16.97,,6,,67.7,,,2.6,,,3.43,4.14,437,0.44,0.28,,8.16,,,0.14,2.18,18.8,,9.3,0.96,24.8,126.4,,,,,,,,,32.242063,0.836887,0.148199,3.969907,19.815401,46.989247,3.457278,0.37175,455.208333,48.947133,7.230769,,1
DMN36,,GEOROC,,,,Gilmer,2017,,Don Manuel,Cu-Mo,CA,,,,,,,,,,,,,,,2,,4,,Gilmer,3.88,0.017,Gilmer,,,,,Chile,,,,,,,,,Rhyolite,Paredones Units,,,,,,,71.57,14.88,,0.84,0.84,0.5,1.99,5.89,1.05,0.22,0.12,0.06,,2.43,,,,,<0.02,,99.54,,,,,,253.1,,,,,50.63,,1.2,11.5,,2.93,,1.7,0.91,0.73,,,18.8,2.5,,3.27,,0.3,,,25.39,,0.14,,,,,5.32,24,2.9,,5.22,,6.48,,30.9,,,2.2,,,4.36,0.7,395,0.41,0.29,,5.65,,,0.14,1.68,25.3,,10.6,0.94,6.9,125.9,,,,,,,,,16.436903,0.675979,0.122252,5.153664,19.374719,37.264151,3.137411,0.295982,420.212766,39.642714,11.5,,1
DMN16,,GEOROC,,,,Gilmer,2017,,Don Manuel,Cu-Mo,CA,,,,,,,,,,,,,,,2,,4,,Gilmer,3.85,0.19,Gilmer,,,,,Chile,,,,,,,,,Basaltic Andesite,Paredones Units,,,,,,,52.52,17.73,,8.52,8.52,3.8,8.26,3.01,0.45,0.92,0.21,0.16,,3.1,,,,,<0.02,,98.67,,,,,,258.1,,,,,30.22,,23.1,13.4,,0.51,,3.04,1.58,1.27,,,19.4,3.83,,2.59,,0.57,,,13.84,,0.25,,,,,2.91,17.64,69.9,,5.13,,4.18,,7.6,,,18.1,,,4.28,4.54,609,0.17,0.53,,3.44,,,0.26,0.62,204.2,,18.6,1.54,85.3,92.3,,,,,,,,,27.384021,0.958972,0.105861,3.088023,6.446381,32.741935,6.59805,0.354734,395.454545,21.260997,11.281768,,1
DMN17,,GEOROC,,,,Gilmer,2017,,Don Manuel,Cu-Mo,CA,,,,,,,,,,,,,,,2,,4,,Gilmer,3.85,0.19,Gilmer,,,,,Chile,,,,,,,,,Basaltic Andesite,Paredones Units,,,,,,,51.31,17.24,2.48,6.29,8.521504,3.88,7.91,3.41,1.11,0.9,0.24,0.17,,4.03,,,,,<0.02,,98.98,,,,,,248.7,,,,,29.87,,23,13.5,,0.7,,3,1.5,1.17,,,17.8,3.65,,2.34,,0.53,,,13.55,,0.24,,,,,2.53,17.34,15.1,,5.31,,4.12,,19.8,,,18.4,,,4.2,3.45,460,0.18,0.5,,2.67,,,0.23,0.61,201.1,,17,1.59,73.9,83.4,,,,,,,,,30.594727,0.913563,0.097677,2.93501,6.112836,27.058824,5.515588,0.324446,289.308176,17.018128,10.929348,,1
CDA-1,,GEOROC,,,,Richards,2017,,Andacollo,Cu-Au,CA,Small,2.43,,,,,,,,,,,,,1,,104,,Richards 2017,104,,Richards 2017,,,,,Chile,,,,,,,,,Monzonite,,,,,,,,57.38,16.23,2.33,2.8,4.896534,3.22,5.03,4.05,2.64,0.558,0.2,0.13,,5.37,,,,,,,100.3,,,,,,508,,,,,32.7,,15.4,26.5,,4.4,5,2.27,1.26,1.17,,,,2.9,,2.4,,0.44,,,15.5,,0.183,,,,,2.7,16.8,17,,6,,4.15,,68,,1.7,13.8,,,3.55,,621,0.22,0.41,,2.9,,0.23,0.19,1.1,145,,13,1.2,,92,,,,,,,,,39.223561,1.114798,0.15793,3.287037,9.26512,47.769231,6.75,0.519231,517.5,39.807692,10.507246,,1
CDA-2,,GEOROC,,,,Richards,2017,,Andacollo,Cu-Au,CA,Small,2.43,,,,,,,,,,,,,1,,104,,Richards 2017,104,,Richards 2017,,,,,Chile,,,,,,,,,Granodiorite,,,Chlorite_ K-feldspar,,,,,62.92,15.73,0.97,2.7,3.572806,1.06,4.75,2.68,2.89,0.375,0.13,0.074,,5.19,,,,,,,99.78,,,,,,611,,,,,36,,8.1,32.5,,4,813,1.91,1.08,0.84,,,,2.43,,2.5,,0.36,,,18.8,,0.163,,,,,2.9,16.1,11,,2.5,,4.26,,78,,1,9.34,,,3.16,,234,0.33,0.35,,5.76,,0.24,0.161,1.48,100,,12,1.02,,91,,,,,,,,,34.710018,0.926736,0.154456,3.442266,13.220816,19.5,2.571429,0.214286,229.411765,19.117647,10.706638,50.916667,1
CDA-3,,GEOROC,,,,Richards,2017,,Andacollo,Cu-Au,CA,Small,2.43,,,,,,,,,,,,,1,,104,,Richards 2017,104,,Richards 2017,,,,,Chile,,,,,,,,,Granodiorite,,,Biotite_ disseminated chalcopyrite-pyrite,,,,,62.79,15.85,,4.1,4.1,2.63,4.49,3.46,2.31,0.489,0.13,0.048,,3.31,,,,,,,100.1,,,,,,683,,,,,31.9,,12.3,43.1,,2.2,1140,2.06,1.09,1.03,,,,2.55,,2.4,,0.39,,,16.3,,0.17,,,,,2.6,15.4,16,,2.5,,3.86,,63,,0.05,13.9,,,3.09,,584,0.31,0.38,,5.21,,0.29,0.163,2.07,141,,13,1.07,,86,,,,,,,,,38.324282,1.12179,0.178228,3.208723,10.927087,44.923077,6.790698,0.522361,545.794393,41.984184,10.143885,52.538462,1
CDA-7,,GEOROC,,,,Richards,2017,,Andacollo,Cu-Au,CA,Small,2.43,,,,,,,,,,,,,1,,104,,Richards 2017,104,,Richards 2017,,,,,Chile,,,,,,,,,Basaltic trachyandesite (mugearite),,,Chlorite-(sericite),,,,,49.92,18.19,5.83,4,9.245834,4.28,3.78,4.86,2.91,0.929,0.25,0.152,,4.54,,,,,,,100.1,,,,,,638,,,,,32.7,,26.3,3.4,,4.1,12,3.13,1.73,1.27,,,,3.42,,2,,0.59,,,16,,0.285,,,,,2,18,13,,18,,4.33,,68,,1.6,22.3,,,4.25,,738,0.16,0.54,,2.44,,0.08,0.262,0.71,335,,15,1.74,,66,,,,,,,,,45.420088,1.018403,0.099499,2.713921,6.595858,49.2,11.181818,0.745455,424.137931,28.275862,15.022422,,1
CDA-9,,GEOROC,,,,Richards,2017,,Andacollo,Cu-Au,CA,Small,2.43,,,,,,,,,,,,,1,,104,,Richards 2017,104,,Richards 2017,,,,,Chile,,,,,,,,,Granodiorite,,,Less altered_ gypsum-chalcopyrite-iron oxide veinlets_ 2? biotite,,,,,62.05,15.86,0.56,3.7,4.203888,3.39,5.27,4.34,1.48,0.517,0.2,0.095,,2.76,,,,,,,100.6,,,,,,217,,,,,35.3,,13,102,,2,376,2.45,1.29,1.19,,,,3.28,,2.9,,0.46,,,15.9,,0.21,,,,,2.8,19.6,38,,2.5,,4.75,,43,,0.2,13.9,,,4.06,,507,0.28,0.44,,6.07,,0.2,0.201,1.75,133,,14,1.33,,113,,,,,,,,,33.632597,0.996944,0.127429,3.391813,8.575236,36.214286,4.486726,0.32048,381.203008,27.228786,9.568345,15.5,1
CDA-10,,GEOROC,,,,Richards,2017,,Andacollo,Cu-Au,CA,Small,2.43,,,,,,,,,,,,,1,,104,,Richards 2017,104,,Richards 2017,,,,,Chile,,,,,,,,,Monzonite,,,Quartz-Chlorite_ veinlets_ gypsum-iron oxide,,,,,54.67,14.24,1.07,4.9,5.862786,6.77,5.74,2.83,2.9,0.651,0.33,0.118,,4.29,,,,,,,99.06,,,,,,270,,,,,49.6,,23.5,372,,3.8,1430,2.9,1.49,1.42,,,,4,,3,,0.54,,,23,,0.223,,,,,3.3,24.9,128,,2.5,,6.3,,105,,0.05,22.9,,,5.26,,358,0.25,0.56,,4.96,,0.66,0.214,1.99,181,,15,1.4,,115,,,,,,,,,53.015351,0.946431,0.114924,4.174603,11.784207,23.866667,3.113043,0.207536,255.714286,17.047619,7.90393,,1
DA-1,,GEOROC,,,,Richards,2017,,Dos Amigos,Cu-Au,CA,Small,0.1296,,,,,,,,,,,,,1,,107,1,Richards 2017,107,1,Richards 2017,,,,,Chile,,,,,,,,,Granodiorite,,,Potassic (some Potassic + minor weathering to clay on fractures),,,,,64.7,13.91,4.74,4.3,8.565052,1.76,1.7,3.88,1.83,0.401,0.09,0.065,,1.19,,,,,,,99.05,,,,,,303,,,,,12.3,,5,34.4,,2.1,3190,1.92,1.2,0.567,,,,1.83,,1.8,,0.4,,,5.81,,0.229,,,,,3.6,7.18,9,,7,,1.68,,40,,0.5,8.78,,,1.8,,269,0.3,0.31,,2.66,,0.33,0.192,0.3,92,,11,1.35,,62,,,,,,,,,39.1494,0.955091,0.120271,1.481481,3.087045,24.454545,4.33871,0.394428,199.259259,18.114478,10.47836,27.545455,1
DA-2,,GEOROC,,,,Richards,2017,,Dos Amigos-Tricolor,Cu-Au,CA,Small,0.1296,,,,,,,,,,,,,1,,107,1,Richards 2017,107,1,Richards 2017,,,,,Chile,,,,,,,,,Granodiorite,,,chalcopyrite- pyrite,,,,,65.92,14.88,2.18,3.2,5.161564,1.55,3.02,3.9,1.48,0.368,0.12,0.109,,1.41,,,,,,,98.51,,,,,,654,,,,,26.9,,7.5,13.4,,0.6,580,2.46,1.61,0.868,,,,2.21,,2.1,,0.52,,,13.4,,0.31,,,,,3.3,12.7,3,,2.5,,3.13,,24,,0.7,7.32,,,2.75,,329,0.36,0.38,,3.97,,0.1,0.261,0.98,74,,16,1.85,,69,,,,,,,,,30.452261,1.076418,0.098914,1.651652,5.195575,20.5625,4.768116,0.298007,177.837838,11.114865,10.10929,40.875,1
DA-3,,GEOROC,,,,Richards,2017,,Dos Amigos-Tricolor,Cu-Au,CA,Small,0.1296,,,,,,,,,,,,,1,,107,1,Richards 2017,107,1,Richards 2017,,,,,Chile,,,,,,,,,Granodiorite,,,Potassic + chalcopyrite-pyrite,,,,,66.5,14.69,2.15,4,5.93457,1.5,3.04,3.57,1.94,0.351,0.16,0.124,,1.39,,,,,,,99.86,,,,,,615,,,,,21.6,,10.3,23,,0.5,1580,2.14,1.37,0.753,,,,2.03,,1.9,,0.45,,,10.8,,0.268,,,,,3.3,10.3,3,,2.5,,2.64,,30,,1,7.01,,,2.31,,321,0.35,0.34,,3.94,,0.09,0.218,0.85,68,,14,1.55,,64,,,,,,,,,34.228856,1.063077,0.116596,1.655914,4.997958,22.928571,5.015625,0.358259,207.096774,14.792627,9.700428,43.928571,1
FR-1,,GEOROC,,,,Richards,2017,,Frontera-Mine La Union,Cu-Au,CA,Small,0.202,,,,,,,,,,,,,1,,112,,Richards 2017,1,,Richards 2017,,,,,Chile,,,,,,,,,Granodiorite,,,Epidote_ clays_ weak potassic,,,,,63.54,14.63,3.79,2.5,5.910242,1.72,3.77,4.11,2.36,0.368,0.12,0.173,,1.31,,,,,,,98.66,,,,,,626,,,,,23.1,,10.7,8.4,,0.7,655,2.4,1.5,0.836,,,,2.38,,1.9,,0.5,,,11.8,,0.28,,,,,2.5,11.4,3,,10,,2.87,,37,,2.6,8.22,,,2.54,,348,0.28,0.39,,3.13,,0.1,0.237,0.74,83,,15,1.7,,69,,,,,,,,,34.113712,1.0395,0.10395,1.660131,4.978903,23.2,5.043478,0.336232,204.705882,13.647059,10.097324,41.733333,1
PR-4,,GEOROC,,,,Richards,2017,,Productora,Cu-Au,CA,Small,1.028,,,,,,,,,,,,,1,,130,,Richards 2017,130,,Richards 2017,,,,,Chile,,,,,,,,,Basaltic andesite,,,Moderately altered,,,,,51.69,14.93,2.02,4.3,6.117596,9.41,6.12,4.19,0.5,0.717,0.1,0.131,,4.41,,,,,,,99.01,,,,,,41,,,,,21.4,,8.9,434,,0.4,7,2.82,1.9,0.628,,,,2.42,,1.7,,0.61,,,10.8,,0.371,,,,,1.2,8.97,96,,2.5,,2.37,,17,,0.5,34.5,,,2.04,,144,0.1,0.44,,1.63,,0.025,0.302,2.4,251,,17,2.19,,61,,,,,,,,,49.01088,0.864093,0.067076,1.035008,3.537368,8.470588,2.360656,0.138862,65.753425,3.867849,7.275362,,1
PR-6,,GEOROC,,,,Richards,2017,,Productora (iron district regional),Cu-Au,CA,Small,1.028,,,,,,,,,,,,,1,,130,,Richards 2017,130,,Richards 2017,,,,,Chile,,,,,,,,,Diorite,,,Weak albite-actinolite,,,,,60.49,16.41,0.69,2.2,2.820862,3.87,8.66,4.26,0.41,1.083,0.22,0.054,,1.07,,,,,,,99.67,,,,,,128,,,,,33.4,,11.3,86.8,,0.2,5,4.67,2.84,1.41,,,,4.64,,4.2,,0.95,,,12.2,,0.502,,,,,4.4,19.5,15,,2.5,,4.6,,6,,0.5,27.5,,,4.83,,364,0.41,0.76,,7.13,,0.025,0.433,1.58,196,,28,3.05,,171,,,,,,,,,24.883721,0.910563,0.050753,1.759563,2.869198,13,2.128655,0.076023,119.344262,4.262295,7.127273,4.571429,1
PR-7,,GEOROC,,,,Richards,2017,,Productora (iron district regional),Cu-Au,CA,Small,1.028,,,,,,,,,,,,,1,,130,,Richards 2017,130,,Richards 2017,,,,,Chile,,,,,,,,,Granodiorite,,,,,,,,65.25,15.17,2.19,3,4.970562,1.73,4.39,3.79,2.29,0.705,0.14,0.09,,1.1,,,,,,,100.2,,,,,,590,,,,,29.8,,12.9,26.5,,0.3,19,6.09,3.62,1.24,,,,5.54,,4.6,,1.26,,,11.8,,0.576,,,,,4,20.4,5,,2.5,,4.37,,33,,0.05,19.9,,,5.24,,228,0.35,0.97,,4.44,,0.025,0.534,0.53,110,,36,3.59,,181,,,,,,,,,32.95082,0.703598,0.033318,1.621789,2.357698,6.333333,1.259669,0.034991,63.509749,1.76416,5.527638,16.388889,1
PR-8,,GEOROC,,,,Richards,2017,,Productora (iron district regional),Cu-Au,CA,Small,1.028,,,,,,,,,,,,,1,,130,,Richards 2017,130,,Richards 2017,,,,,Chile,,,,,,,,,Diorite,,,,,,,,57.03,17.23,0.68,3,3.611864,4.31,10.1,4.61,0.58,1.032,0.19,0.153,,1.41,,,,,,,100.7,,,,,,150,,,,,12.4,,6.5,31.3,,0.5,15,5.27,3.16,1.12,,,,4.28,,3.5,,1.08,,,4.22,,0.502,,,,,3.3,10.5,7,,2.5,,2.06,,14,,0.2,31.2,,,3.39,,330,0.27,0.81,,2.8,,0.025,0.46,0.73,190,,31,3.11,,133,,,,,,,,,24.94898,0.898918,0.049137,1.211147,0.973313,10.645161,2.481203,0.080039,106.109325,3.422881,6.089744,,1
PR-5,,GEOROC,,,,Richards,2017,,Productora (Ruta 5 batholith),Cu-Au,CA,Small,1.028,,,,,,,,,,,,,1,,130,,Richards 2017,130,,Richards 2017,,,,,Chile,,,,,,,,,Granodiorite,,,,,,,,64.1,16.38,1.26,3.3,4.433748,2.02,5.64,3.69,1.63,0.42,0.13,0.116,,1.14,,,,,,,100.2,,,,,,432,,,,,30.8,,8.2,34.8,,1.3,11,2.48,1.5,0.918,,,,2.58,,2.8,,0.5,,,14.6,,0.285,,,,,3.8,14.3,9,,2.5,,3.72,,39,,0.5,9.7,,,2.99,,384,0.45,0.41,,3.61,,0.09,0.242,1.09,77,,16,1.68,,113,,,,,,,,,28.120185,1.010464,0.102249,1.977513,6.233675,24,3.39823,0.212389,228.571429,14.285714,7.938144,27,1
PR-2,,GEOROC,,,,Richards,2017,,Productora-Alice porphyry,Cu-Au,CA,Small,1.028,,,,,,,,,,,,,1,,130,,Richards 2017,130,,Richards 2017,,,,,Chile,,,,,,,,,Granodiorite,,,Weak disseminated pyrite-chalcopyrite_ but otherwise fairly fresh,,,,,66.72,15.72,0.43,2,2.386914,1.8,5.77,4.02,0.75,0.501,0.09,0.042,,1.94,,,,,,,100,,,,,,118,,,,,15.7,,6.9,25.7,,0.8,194,2.37,1.51,0.794,,,,2.17,,2.2,,0.49,,,6.9,,0.284,,,,,2.3,9.13,5,,2.5,,2.24,,20,,0.3,13.8,,,2.06,,313,0.24,0.38,,3.19,,0.025,0.236,0.61,94,,18,1.67,,89,,,,,,,,,20.664506,1.148102,0.116873,1.370592,2.963693,17.388889,3.516854,0.195381,187.42515,10.412508,6.811594,6.555556,1
PR-3,,GEOROC,,,,Richards,2017,,Productora-Alice porphyry,Cu-Au,CA,Small,1.028,,,,,,,,,,,,,1,,130,,Richards 2017,130,,Richards 2017,,,,,Chile,,,,,,,,,Granodiorite,,,Sodic (albite-chlorite) replacing hornblende,,,,,62.29,14.26,6.87,4.3,10.481626,1.53,3.66,3.46,1.12,0.413,0.1,0.105,,0.86,,,,,,,99.44,,,,,,130,,,,,25.5,,18.4,230,,1.1,1300,2.67,1.75,0.896,,,,2.6,,2.4,,0.56,,,12.5,,0.307,,,,,5.5,12.5,17,,2.5,,3.14,,38,,0.5,11.7,,,2.68,,184,0.3,0.43,,3.94,,0.025,0.27,1.16,82,,12,1.86,,95,,,,,,,,,27.123849,1.037714,0.094845,1.600956,4.820562,15.333333,1.936842,0.161404,98.924731,8.243728,7.008547,10.833333,1
PR-1,,GEOROC,,,,Richards,2017,,Productora-Rancho Hill_ Cachiyuyito stock,Cu-Au,CA,Small,1.028,,,,,,,,,,,,,1,,130,,Richards 2017,130,,Richards 2017,,,,,Chile,,,,,,,,,Granodiorite,,,Weak albite-actinolite,,,,,62.33,14.57,2.1,2.5,4.38958,2.44,6.17,3.58,2.97,0.953,0.19,0.102,,0.89,,,,,,,99.07,,,,,,643,,,,,27.2,,11.4,47.1,,0.6,25,5.5,3.2,1.2,,,,5.29,,4.8,,1.12,,,10.9,,0.506,,,,,6.8,18.2,13,,2.5,,3.88,,56,,0.05,20,,,4.96,,285,0.63,0.88,,12,,0.025,0.473,1.44,126,,29,3.12,,189,,,,,,,,,35.686016,0.716203,0.039024,1.766382,2.50595,9.827586,1.507937,0.051998,91.346154,3.149867,6.3,22.172414,1
SBD 123 326    ,,Paper,,"Evidence of a mantle contribution in the genesis of magmatic rocks from the Neogene Batu Hijau district in the Sunda Arc, South Western Sumbawa, Indonesia",Contributions to Mineralogy and Petrology,Fiorentini & Garwin,2010,,Batu-Hijau,Cu-Au,CA,Large,,,,,,,,,,,,,Pre,4,,3.736,0.023,Large et al 2020,15,,Florentini and Garwin,,,,,,,,,,,,,,volcanic sandstone,,,least-altered,,,,,54.44,18.9,9.51,,8.557098,4.49,7.9,2.23,0.11,0.7,0.12,0.12,,1.82,,,,,,,100.34,0.4,,2,0.003,,53,,0.21,,0.5,9.5,,17.4,58.5,,0.1,190,2.58,1.67,0.867,,,,2.34,,1.4,,0.55,0.1,,3.88,,0.263,,,2,,0.8,6.57,14,,5,,1.22,,3,,,19.9,0.5,,2.06,1,383,0.06,0.4,,0.56,,0.09,0.257,0.22,180,1.6,12,1.58,46,38,,,,,,,,,,,,,,,,,,,,,0
98100402,,Paper,,"Evidence of a mantle contribution in the genesis of magmatic rocks from the Neogene Batu Hijau district in the Sunda Arc, South Western Sumbawa, Indonesia",Contributions to Mineralogy and Petrology,Fiorentini & Garwin,2010,,Batu-Hijau,Cu-Au,CA,Large,,,,,,,,,,,,,Pre,4,,3.736,0.023,Large et al 2020,15,,Florentini and Garwin,,,,,,,,,,,,,,volcanic lithic breccia,,,least-altered,,,,,47.72,16.72,11.22,,10.095756,6.5,9.38,2.34,0.08,0.92,0.09,0.18,,5.4,,,,,,,100.55,0.4,,3,0.001,,107,,0.11,,0.5,5.4,,35.8,47,,0.3,58,1.86,1.13,0.609,,,,1.68,,0.9,,0.4,0.1,,2.05,,0.171,,,2,,0.5,4.15,32,,5,,0.78,,2,,,33.3,0.5,,1.34,1,321,0.09,0.29,,0.27,,0.08,0.172,0.08,301,0.4,11,1.08,82,29,,,,,,,,,,,,,,,,,,,,,0
97092453,,Paper,,"Evidence of a mantle contribution in the genesis of magmatic rocks from the Neogene Batu Hijau district in the Sunda Arc, South Western Sumbawa, Indonesia",Contributions to Mineralogy and Petrology,Fiorentini & Garwin,2010,,Batu-Hijau,Cu-Au,CA,Large,,,,,,,,,,,,,Pre,3,,3.736,0.023,Large et al 2020,10.9,4.05,Florentini and Garwin,,,,,,,,,,,,,,hbl-plag phyric andesite,,,least-altered,,,,,49.96,19.81,10.78,,9.699844,5.28,6.8,2.37,0.12,1.07,0.13,0.22,,3.55,,,,,,,100.09,0.7,,2,0.002,,73,,0.17,,0.9,10.8,,26,63.8,,0.2,78,3.08,1.82,0.915,,,,2.78,,1.4,,0.61,0.1,,4.64,,0.251,,,1.5,,1.1,8.12,25,,5,,1.57,,2.6,,,34.5,0.5,,2.47,0.7,301,0.08,0.51,,0.57,,0.05,0.279,0.16,338,0.8,15,1.68,137,45,,,,,,,,,,,,,,,,,,,,,0
98071101B,,Paper,,"Evidence of a mantle contribution in the genesis of magmatic rocks from the Neogene Batu Hijau district in the Sunda Arc, South Western Sumbawa, Indonesia",Contributions to Mineralogy and Petrology,Fiorentini & Garwin,2010,,Batu-Hijau,Cu-Au,CA,Large,,,,,,,,,,,,,Pre,3,,3.736,0.023,Large et al 2020,10.9,4.05,Florentini and Garwin,,,,,,,,,,,,,,hbl-plag phyric andesite,,,least-altered,,,,,53.28,17.75,9.52,,8.566096,5.04,9.15,2.79,0.09,0.85,0.09,0.14,,2.08,,,,,,,100.78,1.3,,1,0.002,,67,,0.1,,0.5,6.32,,21.6,73,,0.2,20,2.2,1.34,0.715,,,,1.9,,1,,0.45,0.1,,2.25,,0.208,,,1.3,,0.6,5.38,15,,5,,1,,0.6,,,25.6,0.5,,1.71,0.6,379,0.04,0.35,,0.3,,0.05,0.2,0.12,275,0.6,13,1.33,45,28,,,,,,,,,,,,,,,,,,,,,0
SGD 01 275,,Paper,,"Evidence of a mantle contribution in the genesis of magmatic rocks from the Neogene Batu Hijau district in the Sunda Arc, South Western Sumbawa, Indonesia",Contributions to Mineralogy and Petrology,Fiorentini & Garwin,2010,,Batu-Hijau,Cu-Au,CA,Large,,,,,,,,,,,,,Pre,3,,3.736,0.023,Large et al 2020,10.9,4.05,Florentini and Garwin,,,,,,,,,,,,,,porphyritic andesite,,,cb-clay-ch,,,,,51.89,16.8,6.01,,5.407798,2.67,8.17,2.22,1.22,0.49,0.19,0.2,,9.36,,,,,,,99.22,0.4,,2,0.002,,412,,0.19,,2.7,17,,13.7,84,,5.9,20,1.86,1.16,0.794,,,,2.21,,1.6,,0.38,0.1,,7.6,,0.188,,,2,,1,9.71,8,,33,,2.11,,31,,,11.1,1,,2.16,1,366,0.11,0.32,,1.3,,0.44,0.168,0.36,104,0.2,13,1.12,171,49,,,,,,,,,,,,,,,,,,,,,0
97101030,,Paper,,"Evidence of a mantle contribution in the genesis of magmatic rocks from the Neogene Batu Hijau district in the Sunda Arc, South Western Sumbawa, Indonesia",Contributions to Mineralogy and Petrology,Fiorentini & Garwin,2010,,Batu-Hijau,Cu-Au,CA,Large,,,,,,,,,,,,,Pre,2,,3.736,0.023,Large et al 2020,3.736,0.023,Large et al 2020,,,,,,,,,,,,,,quartz diorite,,,least-altered,,,,,58.93,18.42,5.96,,5.362808,2.73,6.48,3.87,0.8,0.58,0.21,0.14,,1.01,,,,,,,99.13,0.7,,1,0.075,,346,,0.17,,0.5,21,,16,126,,1.4,160,1.96,1.24,0.777,,,,2.42,,1.9,,0.39,0.1,,9.54,,0.187,,,4.3,,2.6,11.5,10,,12,,2.674,,18,,,10.9,0.5,,2.48,0.6,552,0.15,0.36,,1.9,,0.08,0.18,0.5,109,1.8,9,1.15,113,65,,,,,,,,,,,,,,,,,,,,,1
97091713,,Paper,,"Evidence of a mantle contribution in the genesis of magmatic rocks from the Neogene Batu Hijau district in the Sunda Arc, South Western Sumbawa, Indonesia",Contributions to Mineralogy and Petrology,Fiorentini & Garwin,2010,,Batu-Hijau,Cu-Au,CA,Large,,,,,,,,,,,,,Pre,2,,3.736,0.023,Large et al 2020,3.736,0.023,Large et al 2020,,,,,,,,,,,,,,granodiorite dyke,,,least-altered,,,,,68.98,14.08,3.43,,3.086314,1.35,2.26,3.73,2.39,0.46,0.09,0.04,,2.34,,,,,,,99.15,0.4,,4,0.031,,675,,0.45,,1.9,27,,10,250,,4,81,3.68,2.45,0.728,,,,3.57,,5,,0.76,0.1,,12.1,,0.405,,,8.4,,3.9,14,11,,54,,3.338,,63,,,10.7,0.5,,3.37,2.5,542,0.25,0.61,,5.69,,0.54,0.39,1.74,78,4.6,23,2.59,149,152,,,,,,,,,,,,,,,,,,,,,1
SRD 02 305 ,,Paper,,"Evidence of a mantle contribution in the genesis of magmatic rocks from the Neogene Batu Hijau district in the Sunda Arc, South Western Sumbawa, Indonesia",Contributions to Mineralogy and Petrology,Fiorentini & Garwin,2010,,Batu-Hijau,Cu-Au,CA,Large,,,,,,,,,,,,,Syn,1,,3.736,0.023,Large et al 2020,3.697,0.018,Large et al 2020,,,,,,,,,,,,,,porphyritic tonalite,,,least-altered,,,,,65.86,15.97,4.48,,4.031104,2.34,5.52,3.88,1.03,0.43,0.37,0.11,,1.11,,,,,,,101.1,0.5,,1,0.002,,570,,0.22,,0.7,16.9,,12.2,114,,0.3,51,1.73,1.04,0.675,,,,1.96,,2.1,,0.34,0.1,,8.1,,0.171,,,4.4,,2.2,8.65,11,,6,,2.054,,18,,,9.3,0.5,,1.99,1,407,0.17,0.32,,1.75,,0.12,0.157,0.49,91,0.9,10,1.09,59,64,,,,,,,,,,,,,,,,,,,,,1
97101143,,Paper,,"Evidence of a mantle contribution in the genesis of magmatic rocks from the Neogene Batu Hijau district in the Sunda Arc, South Western Sumbawa, Indonesia",Contributions to Mineralogy and Petrology,Fiorentini & Garwin,2010,,Batu-Hijau,Cu-Au,CA,Large,,,,,,,,,,,,,Syn,1,,3.736,0.023,Large et al 2020,3.697,0.018,Large et al 2020,,,,,,,,,,,,,,porphyritic tonalite,,,least-altered,,,,,65.87,15.98,4.94,,4.445012,2.39,5.35,3.57,0.67,0.44,0.15,0.13,,0.91,,,,,,,100.4,0.9,,1,0.022,,407,,0.12,,1.1,18.3,,14.1,93.7,,0.5,98,1.85,1.13,0.718,,,,2.2,,1.9,,0.38,0.1,,8.42,,0.185,,,1.9,,2,9.11,13,,9,,2.201,,12,,,9.9,0.8,,2.07,0.5,406,0.13,0.33,,1.74,,0.09,0.164,0.46,83,1,10,1.06,113,70,,,,,,,,,,,,,,,,,,,,,1
SBD 41 405,,Paper,,"Evidence of a mantle contribution in the genesis of magmatic rocks from the Neogene Batu Hijau district in the Sunda Arc, South Western Sumbawa, Indonesia",Contributions to Mineralogy and Petrology,Fiorentini & Garwin,2010,,Batu-Hijau,Cu-Au,CA,Large,,,,,,,,,,,,,Syn,1,,3.736,0.023,Large et al 2020,3.646,0.022,Large et al 2020,,,,,,,,,,,,,,Young Tonalite,,,least-altered,,,,,67.76,16.08,3.52,,3.167296,1.39,3.58,5.01,0.75,0.3,0.2,0.05,,0.7,,,,,,,99.34,0.4,,1,0.075,,680,,0.12,,1.6,18,,6.8,123,,0.5,252,1.62,1.04,0.613,,,,1.91,,2.5,,0.33,0.1,,8,,0.202,,,3,,1.3,9.48,4,,6,,2.19,,16,,,4.4,1,,1.97,2,446,0.16,0.28,,2.12,,0.07,0.165,0.55,37,0.2,10,1.14,38,63,,,,,,,,,,,,,,,,,,,,,1
498-799a,,Paper,,"Porphyry goldûcopper mineralisation in the Cadia district, eastern Lachlan Fold Belt, New South Wales, and its relationship to shoshonitic magmatism",Mineralum Deposita,Holliday et al,2002,,Cadia,Cu-Au,K,Large,,,,,,,,,,,,,syn,1,,455,5,Wilson et al 2007,456.4,5.1,Wilson et al 2007,,,,,,,,,,,,,,Monzonite,CIC,,,,,,,61.59,16.05,2.91,2.79,5.408418,2.22,1.74,4.46,4.89,0.44,0.21,0.03,,,,,,,0.063,,97.39,0.3,,0.4,û,,669,,,,,20,,,9,,,635,,û,,,,15,,1.2,6,,,,,10,,û,,û,0.8,,7,10,6,,,,,,65,,0.3,14,,,Sm,1.5,455,û,,,6,,,,<1,87,,14,û,29,117,,,,,,,,,,,,,,,,,,,,,1
498-569a,,Paper,,"Porphyry goldûcopper mineralisation in the Cadia district, eastern Lachlan Fold Belt, New South Wales, and its relationship to shoshonitic magmatism",Mineralum Deposita,Holliday et al,2002,,Cadia,Cu-Au,K,Large,,,,,,,,,,,,,syn,1,,455,5,Wilson et al 2007,453.4,4.3,Wilson et al 2007,,,,,,,,,,,,,,Monzodiorite,CIC,,,,,,,52.84,14.94,5.98,4.21,9.590804,3.96,5.65,4.32,4,0.6,0.43,0.1,,,,,,,0.147,,97.19,0.3,,4.4,û,,818,,,,,35,,,17,,,1619,,û,,,,16,,1.6,11,,,,,16,,û,,û,1.5,,4,15,12,,,,,,56,,0.8,26,,,û,3.2,843,û,,,3,,,,<1,206,,19,û,65,63,,,,,,,,,,,,,,,,,,,,,1
CAD44b,,Paper,,"Porphyry goldûcopper mineralisation in the Cadia district, eastern Lachlan Fold Belt, New South Wales, and its relationship to shoshonitic magmatism",Mineralum Deposita,Holliday et al,2002,,Cadia,Cu-Au,K,Large,,,,,,,,,,,,,syn,1,,455,5,Wilson et al 2007,456.4,5.1,Wilson et al 2007,,,,,,,,,,,,,,Monzonite,CIC,,,,,,,60.05,16.55,3.1,2.81,5.59938,1.99,1.8,4.01,5.84,0.46,0.23,0.03,,,,,,,0.033,,96.9,0.3,,2.8,12.8,,"1,040",,,,,50,,,9,,,313,,û,,,,15.5,,û,û,,,,,27,,û,,285,4.5,,7,û,5,,,,,,101,,0.8,14,,,û,1.7,565,û,,,7.5,,,,3,113,,14,û,24,126,,,,,,,,,,,,,,,,,,,,,1
CAD51b,,Paper,,"Porphyry goldûcopper mineralisation in the Cadia district, eastern Lachlan Fold Belt, New South Wales, and its relationship to shoshonitic magmatism",Mineralum Deposita,Holliday et al,2002,,Cadia,Cu-Au,K,Large,,,,,,,,,,,,,syn,1,,455,5,Wilson et al 2007,453.4,4.3,Wilson et al 2007,,,,,,,,,,,,,,Monzodiorite,CIC,,,,,,,51.87,14.77,5.31,4.94,9.717938,4.87,6.87,2.93,4.26,0.66,0.41,0.13,,,,,,,0.053,,97.07,0.6,,14,3.4,,"1,350",,,,,36,,,43,,,550,,û,,,,15.5,,û,û,,,,,21,,û,,"1,030",2.9,,4,û,20,,,,,,74,,1.1,31,,,û,1.2,"1,010",û,,,5,,,,1.5,237,,16,û,65,69,,,,,,,,,,,,,,,,,,,,,1
CAD27b,,Paper,,"Porphyry goldûcopper mineralisation in the Cadia district, eastern Lachlan Fold Belt, New South Wales, and its relationship to shoshonitic magmatism",Mineralum Deposita,Holliday et al,2002,,Cadia,Cu-Au,K,Large,,,,,,,,,,,,,syn,1,,455,5,Wilson et al 2007,453.4,4.3,Wilson et al 2007,,,,,,,,,,,,,,Diorite,CIC,,,,,,,49.12,13.94,5.59,5.45,10.479882,5.51,9.64,2.39,3.56,0.86,0.65,0.21,,,,,,,0.027,,96.94,0.3,,6,2,,"3,630",,,,,44,,,62,,,245,,1.87,,,,14.5,,û,û,,,,,21,,û,,"1,580",1.3,,1,û,21,,,,,,48,,1,30,,,û,1.2,"2,040",0.36,,,1.5,,,,<0.5,295,,17,1.52,88,34,,,,,,,,,,,,,,,,,,,,,1
556-1289a,,Paper,,"Porphyry goldûcopper mineralisation in the Cadia district, eastern Lachlan Fold Belt, New South Wales, and its relationship to shoshonitic magmatism",Mineralum Deposita,Holliday et al,2002,,Cadia,Cu-Au,K,Large,,,,,,,,,,,,,syn,1,,455,5,Wilson et al 2007,453.4,4.3,Wilson et al 2007,,,,,,,,,,,,,,Monzodiorite,CIC,,,,,,,60.32,16.6,3.07,2.73,5.492386,1.88,3.69,3.94,4.33,0.46,0.21,0.04,,,,,,,0.035,,97.3,0.1,,3,û,,"1,036",,,,,35,,,10,,,359,,û,,,,15,,1.1,8,,,,,16,,û,,û,3.9,,7,10,6,,,,,,64,,0.4,14,,,5.35,1.6,785,û,,,5,,,,1,103,,19,û,27,115,,,,,,,,,,,,,,,,,,,,,1
CAD57b,,Paper,,"Porphyry goldûcopper mineralisation in the Cadia district, eastern Lachlan Fold Belt, New South Wales, and its relationship to shoshonitic magmatism",Mineralum Deposita,Holliday et al,2002,,Cadia,Cu-Au,K,Large,,,,,,,,,,,,,pre,3,,455,5,Wilson et al 2007,470,,Wilson et al 2007,,,,,,,,,,,,,,Trachyte Dyke,FRV,,,,,,,53.15,13.88,3.34,5.35,8.355332,7.06,6.03,2.77,4.27,0.53,0.38,0.14,,,,,,,0.133,,97.03,<0.2,,10.4,û,,874,,,,,30,,,348,,,168,,û,,,,14,,1.3,2,,,,,16,,û,,û,0.5,,5,10,94,,,,,,59,,2.5,30,,,û,0.8,785,û,,,4,,,,<1,192,,14,û,53,58,,,,,,,,,,,,,,,,,,,,,0
267-192a,,Paper,,"Porphyry goldûcopper mineralisation in the Cadia district, eastern Lachlan Fold Belt, New South Wales, and its relationship to shoshonitic magmatism",Mineralum Deposita,Holliday et al,2002,,Cadia,Cu-Au,K,Large,,,,,,,,,,,,,local,3,,455,5,Wilson et al 2007,470,,Wilson et al 2007,,,,,,,,,,,,,,Andesite ,FRV,,,,,,,62.15,17.14,2.13,2.37,4.286574,0.89,1.61,4.92,5.77,0.47,0.17,0.12,,,,,,,0.003,,97.74,<0.1,,<0.7,0,,990,,,,,54,,,0,,,27,,1.23,,,,16.5,,û,û,,,,,25,,0.37,,"1,040",0.8,,10,û,0,,,,,,75,,0.2,9,,,û,1,452,0.61,,,7.5,,,,2,24,,18,2.34,97,108,,,,,,,,,,,,,,,,,,,,,0
PA012788,,Thesis,,"Tectonic evolution, petrochemistry, geochronology and palaeohydrology of the Tampakan porphyry and high sulphidation epithermal Cu-Au deposit, Mindanao, Philippines",,Rohrlach,2002,Tampakkan,Tampakkan,Cu-Au,CA,,,,,,,,,,,,,,Pre,3,Mid-Miocene,4.25,0.15,,13.785,2.185,,,,,,,,,,,,,,,Basement,S'Dawag,,,,,,,54.52,16.47,9.67,,8.7,4.43,8.21,3.03,1.36,0.86,0.35,0.16,,0.03,,,,,,,99.08,0,,0,,,156,,,,0,24.61,,34,43,,0.12,226,3.84,2.54,1.1,,,9.14,3.74,0.39,2.58,,0.86,0,,10.36,,0.37,,,1.63,,3,14.93,15,,7,,3.52,,21,,,31,,,3.77,1.36,417,0.22,0.66,,1.8,,,,0.71,274,0.35,24.9,2.4,88,100,,,,,,,,,,,,,,,,,,,,,0
EA045800,,Thesis,,"Tectonic evolution, petrochemistry, geochronology and palaeohydrology of the Tampakan porphyry and high sulphidation epithermal Cu-Au deposit, Mindanao, Philippines",,Rohrlach,2002,Tampakkan,Tampakkan,Cu-Au,CA,,,,,,,,,,,,,,Pre,3,Mid-Miocene,4.25,0.15,,13.785,2.185,,,,,,,,,,,,,,,Basement,Abnate,,,,,,,54.82,16.2,7.96,,7.16,3.47,8.02,2.97,1.6,0.89,0.38,0.13,,0.02,,,,,,,96.45,1.75,,2.2,,,178,,0.23,,0,27.21,,28,19,,1.78,262,4.25,2.59,1.14,,,16.12,4.23,1.05,2.75,,0.91,O.Q7,,11.59,,0.4,,,4.14,,4,16.94,9,,7,,3.7,,29,,,27.48,,,4.11,4.95,409,0.26,0.66,,1.81,,0.04,,0.74,290,0.41,25,2.54,88,114,,,,,,,,,,,,,,,,,,,,,0
EA046388,,Thesis,,"Tectonic evolution, petrochemistry, geochronology and palaeohydrology of the Tampakan porphyry and high sulphidation epithermal Cu-Au deposit, Mindanao, Philippines",,Rohrlach,2002,Tampakkan,Tampakkan,Cu-Au,CA,,,,,,,,,,,,,,Pre,3,Mid-Miocene,4.25,0.15,,13.785,2.185,,,,,,,,,,,,,,,Basement,Dalal Blau,,,,,,,54.34,17.07,8.35,,7.51,5.52,8.88,3.23,1.49,0.8,0.31,0.16,,0,,,,,,,100.14,0.17,,1.6,,,292,,0.02,,0,19.33,,33,208,,0.8,63,3.25,2.06,1.07,,,16.98,3.23,1.2,2.44,,0.72,0.06,,8.8,,0.32,,,1.8,,3,11.95,43,,4,,2.84,,22,,,24.49,,,3.05,1.15,466,0.25,0.54,,1.3,,0.09,,0.43,167,0.25,18,1.96,75,95,,,,,,,,,,,,,,,,,,,,,0
EA046387,,Thesis,,"Tectonic evolution, petrochemistry, geochronology and palaeohydrology of the Tampakan porphyry and high sulphidation epithermal Cu-Au deposit, Mindanao, Philippines",,Rohrlach,2002,Tampakkan,Tampakkan,Cu-Au,CA,,,,,,,,,,,,,,Pre,3,Mid-Miocene,4.25,0.15,,13.785,2.185,,,,,,,,,,,,,,,Basement,Dalal Blau,,,,,,,56.42,15.57,7.39,,6.65,5.59,7.77,2.85,0.83,0.62,0.2,0.19,,0.01,,,,,,,97.43,0.11,,5.58,,,118,,0.09,,0.03,21.02,,34,122,,0.4,168,2.74,1.79,0.88,,,15.63,2.96,0.82,2.49,,0.61,0.06,,9.2,,0.27,,,0.86,,1,13.02,36,,6,,3.08,,15,,,28.38,,,3,1.32,484,0.13,0.48,,1.58,,0.13,,0.64,234,0.27,16,1.7,72,94,,,,,,,,,,,,,,,,,,,,,0
EA046376,,Thesis,,"Tectonic evolution, petrochemistry, geochronology and palaeohydrology of the Tampakan porphyry and high sulphidation epithermal Cu-Au deposit, Mindanao, Philippines",,Rohrlach,2002,Tampakkan,Tampakkan,Cu-Au,CA,,,,,,,,,,,,,,Pre,3,Mid-Miocene,4.25,0.15,,13.785,2.185,,,,,,,,,,,,,,,Basement,Lam-alis,,,,,,,52.65,14.91,7.95,,7.16,7.94,9.51,3.16,2.1,0.95,0.44,0.14,,0.01,,,,,,,99.76,0.17,,0.3,,,293,,0.09,,0.05,70.14,,41,253,,0.4,86,3.79,1.95,2.1,,,18.14,5.62,1.08,4.77,,0.73,0.07,,30.82,,0.25,,,1.38,,6,37.22,72,,7,,9.26,,19,,,27.94,,,7.16,2.27,1058,0.35,0.76,,7.31,,0.07,,1.8,202,0.19,18,1.66,74,186,,,,,,,,,,,,,,,,,,,,,0
EA046385,,Thesis,,"Tectonic evolution, petrochemistry, geochronology and palaeohydrology of the Tampakan porphyry and high sulphidation epithermal Cu-Au deposit, Mindanao, Philippines",,Rohrlach,2002,Tampakkan,Tampakkan,Cu-Au,CA,,,,,,,,,,,,,,Pre,3,Mid-Miocene,4.25,0.15,,13.785,2.185,,,,,,,,,,,,,,,Basement,S'Dawag,,,,,,,54.29,15.72,9.7,,8.73,4.57,7.83,3.38,1.6,0.9,0.36,0.16,,0.01,,,,,,,98.51,0.08,,3.33,,,143,,0.03,,0.06,25.12,,34,41,,0.2,238,4.26,2.77,1.19,,,17,4.28,1.87,3.23,,0.96,0.07,,10.55,,0.43,,,2.23,,4,15.99,13,,6,,3.69,,26,,,35.3,,,3.95,1.51,373,0.3,0.73,,2.04,,0.1,,0.78,291,0.37,22,2.6,90,101,,,,,,,,,,,,,,,,,,,,,0
EA046375,,Thesis,,"Tectonic evolution, petrochemistry, geochronology and palaeohydrology of the Tampakan porphyry and high sulphidation epithermal Cu-Au deposit, Mindanao, Philippines",,Rohrlach,2002,Tampakkan,Tampakkan,Cu-Au,CA,,,,,,,,,,,,,,Pre,3,Mid-Miocene,4.25,0.15,,13.785,2.185,,,,,,,,,,,,,,,Basement,Dalal Blau,,,,,,,52.43,15.5,8.41,,7.56,9.45,8.98,3.18,0.92,0.78,0.2,0.15,,0.01,,,,,,,100,0.14,,1.09,,,178,,0.02,,0.09,18.28,,50,460,,0.28,49,2.83,1.66,0.85,,,15.39,2.89,0.87,1.87,,0.58,0.06,,9.81,,0.23,,,1.3,,4,10.89,150,,3,,2.47,,14,,,27.69,,,2.61,1.34,448,0.25,0.46,,1.22,,0.02,,0.4,153,0.2,17,1.51,66,83,,,,,,,,,,,,,,,,,,,,,0
EA045031,,Thesis,,"Tectonic evolution, petrochemistry, geochronology and palaeohydrology of the Tampakan porphyry and high sulphidation epithermal Cu-Au deposit, Mindanao, Philippines",,Rohrlach,2002,Tampakkan,Tampakkan,Cu-Au,CA,,,,,,,,,,,,,,Pre,3,Mid-Miocene,4.25,0.15,,13.785,2.185,,,,,,,,,,,,,,,Basement,Polo,,,,,,,63.55,15.76,5.69,,5.12,2.59,1.68,6.28,0.97,0.88,0.4,0.09,,0.01,,,,,,,97.91,0.01,,0.37,,,116,,,,0.08,41.03,,15,2,,0.22,74,4.337,2.83,1.29,,,15.85,4.87,0,5.04,,0.93,0.02,,16.31,,0.43,,,1.45,,4,24.65,2,,2,,5.71,,17,,,16.69,,,5.36,1.84,175,0.24,0.77,,3.74,,,,1.53,186,0.58,29.1,2.77,73,206,,,,,,,,,,,,,,,,,,,,,0
EA043228,,Thesis,,"Tectonic evolution, petrochemistry, geochronology and palaeohydrology of the Tampakan porphyry and high sulphidation epithermal Cu-Au deposit, Mindanao, Philippines",,Rohrlach,2002,Tampakkan,Tampakkan,Cu-Au,CA,,,,,,,,,,,,,,Pre,2,Late-Miocene,4.25,0.15,,8.42,0.32,,,,,,,,,,,,,,,TAS,Drill-grid,,,,,,,54.78,16.54,7.46,,6.71,5.42,3.71,2.27,2.27,0.68,0.17,0.04,,1.42,,,,,,,94.75,0.32,,0.06,,,184,,0.21,,0.08,16.79,,27,20,,3.08,1543,2.34,1.51,0.67,,,18.96,2.25,1.18,2.34,,0.51,0.02,,7.41,,0.24,,,24.03,,3,9.44,11,,4,,2.26,,63,,,24.93,,,2.35,2.49,309,0.22,0.38,,1.58,,0.19,,0.71,207,1.53,12,1.51,138,87,,,,,,,,,,,,,,,,,,,,,0
TMPD 57,,Thesis,,"Tectonic evolution, petrochemistry, geochronology and palaeohydrology of the Tampakan porphyry and high sulphidation epithermal Cu-Au deposit, Mindanao, Philippines",,Rohrlach,2002,Tampakkan,Tampakkan,Cu-Au,CA,,,,,,,,,,,,,,Pre,2,Mid-Pliocene,4.25,0.15,,3.94,1.375,,,,,,,,,,,,,,,TAS,Drill-grid,,,,,,,56,16.94,7.31,,6.57,4.92,3.81,4.13,1.26,0.59,0.14,0.32,,1.07,,,,,,,96.49,1.05,,1.42,,,118,,0.14,,0.76,18.3,,20,61,,1.67,387,2.03,1.32,0.75,,,15.16,2.19,0.95,2.5,,0.45,0.09,,8.11,,0.21,,,3.38,,3,10.3,16,,56,,2.42,,30,,,26.09,,,2.32,1.84,487,0.17,0.34,,1.87,,0.23,,0.66,196,1.03,11,1.33,520,103,,,,,,,,,,,,,,,,,,,,,1
DA993948,,Thesis,,"Tectonic evolution, petrochemistry, geochronology and palaeohydrology of the Tampakan porphyry and high sulphidation epithermal Cu-Au deposit, Mindanao, Philippines",,Rohrlach,2002,Tampakkan,Tampakkan,Cu-Au,CA,,,,,,,,,,,,,,Syn,1,Late-Miocene,4.25,0.15,,6.56,,,,,,,,,,,,,,,,TAS,Polo 19 access,,,,,,,58.14,15.03,6.17,,5.55,4.77,4.44,4.32,0.81,0.56,0.16,0.14,,0,,,,,,,94.53,0.01,,0.12,,,199,,0,,0.02,23.05,,33,98,,0.33,24,2.53,1.61,0.75,,,15*,2.79,0.2,2.75,,0.55,0.01,,10.42,,0.25,,,0.5*,,4,13.42,20,,11,,3.18,,13,,,24.98,,,2.9,0.0À,313,0.45,0.42,,2.25,,0,0.23,0.86,190,56.2,17,1.58,86,117,,,,,,,,,,,,,,,,,,,,,0
EA045078,,Thesis,,"Tectonic evolution, petrochemistry, geochronology and palaeohydrology of the Tampakan porphyry and high sulphidation epithermal Cu-Au deposit, Mindanao, Philippines",,Rohrlach,2002,Tampakkan,Tampakkan,Cu-Au,CA,,,,,,,,,,,,,,Syn,1,Late-Miocene,4.25,0.15,,6.56,,,,,,,,,,,,,,,,TAS,Campo Dos,,,,,,,56.13,16.96,7.08,,6.37,4.49,5.56,3.93,0.51,0.59,0.17,0.55,,3.59,,,,,,,99.55,0.13,,1.79,,,40,,,,0.02,19.22,,20,15,,1.03,173,2.64,1.63,0.84,,,14.38,2.64,0.65,1.99,,0.55,0.06,,7.99,,0.26,,,1.43,,2,11.34,7,,1171,,2.56,,21,,,23.84,,,2.7,1.46,464,0.09,0.41,,1.21,,,,0.47,212,0.42,16.9,1.59,1190,78,,,,,,,,,,,,,,,,,,,,,0
EA045033,,Thesis,,"Tectonic evolution, petrochemistry, geochronology and palaeohydrology of the Tampakan porphyry and high sulphidation epithermal Cu-Au deposit, Mindanao, Philippines",,Rohrlach,2002,Tampakkan,Tampakkan,Cu-Au,CA,,,,,,,,,,,,,,Syn,1,Late-Miocene,4.25,0.15,,6.56,,,,,,,,,,,,,,,,TAS,Polo 19 access,,,,,,,57.93,14.44,6.33,,5.7,4.99,5.12,4.1,0.88,0.56,0.16,0.14,,0.02,,,,,,,94.68,0,,0.59,,,310,,,,0,20.34,,26,99,,0.13,2,2.37,1.66,0.72,,,11.14,2.57,0,2.8,,0.53,0.02,,8.71,,0.25,,,1.97,,2,11.87,20,,6,,2.83,,11,,,25.83,,,2.71,1.35,268,0.15,0.42,,2.02,,,,0.77,184,0.48,16,1.58,104,110,,,,,,,,,,,,,,,,,,,,,0
EA046372,,Thesis,,"Tectonic evolution, petrochemistry, geochronology and palaeohydrology of the Tampakan porphyry and high sulphidation epithermal Cu-Au deposit, Mindanao, Philippines",,Rohrlach,2002,Tampakkan,Tampakkan,Cu-Au,CA,,,,,,,,,,,,,,Syn,1,Late-Miocene,4.25,0.15,,6.56,,,,,,,,,,,,,,,,TAS,limonso,,,,,,,56.71,15.53,7.25,,6.52,3.99,6.29,4.44,1.55,0.62,0.18,0.13,,0.01,,,,,,,96.69,0.14,,3.27,,,147,,0.04,,0,19.52,,28,36,,0.57,177,2.98,1.97,0.83,,,17.12,2.92,2.18,2.75,,0.66,0.06,,8.33,,0.32,,,0.89,,2,11.68,14,,7,,2.64,,23,,,29.36,,,2.8,1.52,398,0.17,0.48,,1.63,,0.23,,0.6,218,0.27,16,1.92,61,84,,,,,,,,,,,,,,,,,,,,,0
EA046369,,Thesis,,"Tectonic evolution, petrochemistry, geochronology and palaeohydrology of the Tampakan porphyry and high sulphidation epithermal Cu-Au deposit, Mindanao, Philippines",,Rohrlach,2002,Tampakkan,Tampakkan,Cu-Au,CA,,,,,,,,,,,,,,Syn,1,Late-Miocene,4.25,0.15,,6.56,,,,,,,,,,,,,,,,TAS,limonso,,,,,,,54.73,15.96,8.66,,7.79,5.85,9.01,3.07,0.75,0.73,0.23,0.14,,0.01,,,,,,,99.11,0.19,,3.14,,,109,,0.06,,0.1,20.62,,46,117,,0.75,140,3.09,1.96,0.88,,,15.35,3.13,1.8,2.33,,0.67,0.06,,8.83,,0.3,,,1.56,,3,12.57,40,,5,,2.89,,10,,,31.26,,,3.11,1.36,497,0.45,0.51,,1.52,,0.05,,0.63,277,67.53,18,1.9,77,98,,,,,,,,,,,,,,,,,,,,,0
EA045062,,Thesis,,"Tectonic evolution, petrochemistry, geochronology and palaeohydrology of the Tampakan porphyry and high sulphidation epithermal Cu-Au deposit, Mindanao, Philippines",,Rohrlach,2002,Tampakkan,Tampakkan,Cu-Au,CA,,,,,,,,,,,,,,Syn,1,Late-Miocene,4.25,0.15,,6.56,,,,,,,,,,,,,,,,TAS,Campo Tres,,,,,,,56.96,17.05,7.46,,6.72,3.77,8.4,2.58,0.71,0.6,0.17,0.33,,0.03,,,,,,,98.06,0.02,,0.95,,,285,,,,0,18.03,,26,14,,0.57,40,2.497,1.66,0.86,,,10.92,2.72,0.11,2.02,,0.56,0.01,,7.415,,0.25,,,1.62,,0,11.24,8,,70,,2.53,,14,,,25.28,,,2.67,1.29,570,0.08,0.41,,1.25,,,,0.49,219,0.3,15.8,1.58,472,80,,,,,,,,,,,,,,,,,,,,,0
EA046320,,Thesis,,"Tectonic evolution, petrochemistry, geochronology and palaeohydrology of the Tampakan porphyry and high sulphidation epithermal Cu-Au deposit, Mindanao, Philippines",,Rohrlach,2002,Tampakkan,Tampakkan,Cu-Au,CA,,,,,,,,,,,,,,Syn,1,Late-Miocene,4.25,0.15,,6.56,,,,,,,,,,,,,,,,TAS,Little Miasong,,,,,,,59.38,18.46,5.51,,4.96,1.95,5.96,4.46,2.24,0.63,0.33,0.09,,0.01,,,,,,,99.01,0.14,,0.35,,,321,,0.04,,0.15,46.35,,23,15,,0.7,90,2.94,1.67,1.42,,,18.37,4.11,1.2,3.68,,0.6,0.04,,22.38,,0.24,,,1.59,,8,24.05,14,,10,,6.2,,45,,,14.41,,,4.7,1.21,746,0.44,0.57,,4.71,,0.16,,1.52,161,0.43,16,1.53,81,170,,,,,,,,,,,,,,,,,,,,,0
EA043209,,Thesis,,"Tectonic evolution, petrochemistry, geochronology and palaeohydrology of the Tampakan porphyry and high sulphidation epithermal Cu-Au deposit, Mindanao, Philippines",,Rohrlach,2002,Tampakkan,Tampakkan,Cu-Au,CA,,,,,,,,,,,,,,Syn,1,Late-Miocene,4.25,0.15,,6.56,,,,,,,,,,,,,,,,TAS,lsnip,,,,,,,59.25,17.72,5.63,,5.06,2.7,6.54,4.5,2.04,0.66,0.3,0.09,,0.02,,,,,,,99.43,0.02,,1.88,,,255,,,,0,46.48,,20,18,,0.33,124,2.66,1.59,1.36,,,15.54,3.75,0.33,4.01,,0.57,0.02,,21,,0.24,,,2.28,,6,24.44,14,,6,,6.11,,40,,,15.97,,,4.76,1.64,740,0.31,0.53,,4.28,,,,1.4,158,0.36,17,31,64,176,,,,,,,,,,,,,,,,,,,,,0
EA043207,,Thesis,,"Tectonic evolution, petrochemistry, geochronology and palaeohydrology of the Tampakan porphyry and high sulphidation epithermal Cu-Au deposit, Mindanao, Philippines",,Rohrlach,2002,Tampakkan,Tampakkan,Cu-Au,CA,,,,,,,,,,,,,,Syn,1,Late-Miocene,4.25,0.15,,6.56,,,,,,,,,,,,,,,,TAS,Buayan River,,,,,,,57.03,16.34,6.02,,5.42,4.65,6.95,3.84,1.81,0.61,0.27,0.1,,0.02,,,,,,,97.64,0.02,,0.22,,,235,,,,0.05,42.21,,29,124,,0.15,21,3.09,1.9,1.32,,,13.58,3.84,0.86,3.45,,0.68,0.01,,19.66,,0.28,,,2.05,,6,21.5,57,,6,,5.45,,34,,,17.96,,,4.36,1.34,670,0.34,0.6,,3.99,,,,1.26,146,0.34,19.4,1.85,63,146,,,,,,,,,,,,,,,,,,,,,0
EA045026,,Thesis,,"Tectonic evolution, petrochemistry, geochronology and palaeohydrology of the Tampakan porphyry and high sulphidation epithermal Cu-Au deposit, Mindanao, Philippines",,Rohrlach,2002,Tampakkan,Tampakkan,Cu-Au,CA,,,,,,,,,,,,,,Syn,1,Late-Miocene,4.25,0.15,,6.06,,,,,,,,,,,,,,,,TAS,Polo 19 access,,,,,,,62,16.88,4.55,,4.09,2.71,5.87,4.37,0.22,0.49,0.24,0.12,,0.04,,,,,,,97.49,0.02,,0.37,,,155,,0.01,,0.03,39.01,,11,35,,0.18,117,2.04,1.16,0.93,,,19*,2.61,0.48,3.58,,0.42,0.03,,18.79,,0.18,,,0.4*,,6,18.6,18,,5,,4.75,,1,,,10.24,,,3.38,0.6*,1013,0.37,0.37,,4.45,,0,0.17,1.44,118,0.33,12,1.16,55,140,,,,,,,,,,,,,,,,,,,,,1
EA043700,,Thesis,,"Tectonic evolution, petrochemistry, geochronology and palaeohydrology of the Tampakan porphyry and high sulphidation epithermal Cu-Au deposit, Mindanao, Philippines",,Rohrlach,2002,Tampakkan,Tampakkan,Cu-Au,CA,,,,,,,,,,,,,,Syn,1,Late-Miocene,4.25,0.15,,5.37,,,,,,,,,,,,,,,,Early,Drill-grid,,,,,,,62.35,16.7,3.34,,3.01,1.83,3.8,4.98,1.39,0.35,0.17,0.03,,1.45,,,,,,,96.38,0.09,,0.32,,,163,,0.02,,0.02,31.79,,13,17,,0.96,577,1.47,0.84,0.77,,,18*,2.02,0.76,2.65,,0.29,0.02,,15.52,,0.14,,,9.7*,,4,14.29,9,,10,,3.76,,40,,,6.83,,,2.6,1.1À,659,0.25,0.27,,2.92,,0.03,0.12,1.22,82,2.05,9,31,63,107,,,,,,,,,,,,,,,,,,,,,1
EA043047,,Thesis,,"Tectonic evolution, petrochemistry, geochronology and palaeohydrology of the Tampakan porphyry and high sulphidation epithermal Cu-Au deposit, Mindanao, Philippines",,Rohrlach,2002,Tampakkan,Tampakkan,Cu-Au,CA,,,,,,,,,,,,,,Syn,1,Early-Pliocene,4.25,0.15,,5.37,,,,,,,,,,,,,,,,Early Diorite,Drill-grid,,,,,,,62.25,17.04,4.41,,3.97,2.71,2.39,4.57,1.5,0.43,0.21,0.06,,0.43,,,,,,,96.01,0.25,,1.72,,,174,,0.11,,0.05,25.02,,18,28,,2.14,1333,1.52,0.87,0.73,,,17.79,1.99,0.88,2.59,,0.31,0.03,,12.01,,0.142,,,16.16,,5,12.14,14,,12,,3.16,,47,,,9.49,,,2.39,1.67,509,0.3,0.28,,2.3,,0.31,,1.13,100,2.8,8,0.9,119,109,,,,,,,,,,,,,,,,,,,,,1
EA043042,,Thesis,,"Tectonic evolution, petrochemistry, geochronology and palaeohydrology of the Tampakan porphyry and high sulphidation epithermal Cu-Au deposit, Mindanao, Philippines",,Rohrlach,2002,Tampakkan,Tampakkan,Cu-Au,CA,,,,,,,,,,,,,,Syn,1,Early-Pliocene,4.25,0.15,,5.37,,,,,,,,,,,,,,,,Early Diorite,Drill-grid,,,,,,,66,16.55,4.77,,4.29,2.11,0.56,3.52,2.57,0.45,0.19,0.05,,0.33,,,,,,,97.08,0.64,,1.29,,,255,,0.51,,0.02,30.46,,12,44,,2.1,1940,1.46,0.84,0.81,,,13.2,2.07,1.83,2.79,,0.3,0.04,,15.37,,0.142,,,23.4,,5,13.59,20,,8,,3.72,,67,,,9.44,,,2.55,2.33,195,0.38,0.29,,3.04,,0.61,,1.01,96,3.12,7,0.82,70,103,,,,,,,,,,,,,,,,,,,,,1
EA044508,,Thesis,,"Tectonic evolution, petrochemistry, geochronology and palaeohydrology of the Tampakan porphyry and high sulphidation epithermal Cu-Au deposit, Mindanao, Philippines",,Rohrlach,2002,Tampakkan,Tampakkan,Cu-Au,CA,,,,,,,,,,,,,,Syn,1,Early-Pliocene,4.25,0.15,,5.37,,,,,,,,,,,,,,,,Early Diorite,Drill-grid,,,,,,,58.98,16.32,2.94,,2.65,2.56,4.86,5.24,1.25,0.43,0.18,0.04,,2.13,,,,,,,94.94,0.33,,0.34,,,125,,0.35,,0.02,29.1,,11,26,,0.77,958,1.5,0.82,0.85,,,15.78,2.02,1.41,2.67,,0.3,0.02,,14.44,,0.13,,,16.02,,4,13.43,14,,5,,3.42,,34,,,10.12,,,2.51,2.04,594,0.24,0.28,,1.92,,0.15,,0.72,98,3.41,8,0.81,60,109,,,,,,,,,,,,,,,,,,,,,1
EA044931,,Thesis,,"Tectonic evolution, petrochemistry, geochronology and palaeohydrology of the Tampakan porphyry and high sulphidation epithermal Cu-Au deposit, Mindanao, Philippines",,Rohrlach,2002,Tampakkan,Tampakkan,Cu-Au,CA,,,,,,,,,,,,,,Syn,1,Early-Pliocene,4.25,0.15,,5.37,,,,,,,,,,,,,,,,Early Diorite,Drill-grid,,,,,,,56.25,19.34,6.86,,6.18,2.98,0.81,0.1,4.32,1.41,0.27,0.06,,1.17,,,,,,,93.56,0.58,,2.03,,,302,,1.52,,0.11,34.72,,16,173,,6.72,11133,4.36,2.38,1.34,,,21.93,4.86,1.33,4.11,,0.85,0.09,,15.06,,0.33,,,9.11,,12,19.96,45,,4,,4.43,,115,,,30.6,,,4.77,2.59,48,0.73,0.74,,3.26,,0.79,,1.57,221,6.81,25.2,2.11,72,166,,,,,,,,,,,,,,,,,,,,,1
EA046333,,Thesis,,"Tectonic evolution, petrochemistry, geochronology and palaeohydrology of the Tampakan porphyry and high sulphidation epithermal Cu-Au deposit, Mindanao, Philippines",,Rohrlach,2002,Tampakkan,Tampakkan,Cu-Au,CA,,,,,,,,,,,,,,Late/epithermal,2,Mid-Pliocene,4.25,0.15,,3.64,,,,,,,,,,,,,,,,TAS,Upper Pula Balo,,,,,,,58.83,18.51,6.95,,6.25,3.48,1.15,2.92,2.04,0.55,0.14,0.12,,0.95,,,,,,,95.63,0.16,,1.68,,,149,,0.07,,0.3,34.11,,31,57,,0.66,132,5.59,2.73,2.26,,,18.95,6.43,1.27,2.78,,1,0.07,,21,,0.37,,,6.2,,4,28.4,22,,9,,6.29,,47,,,24.46,,,6.69,1.19,331,0.24,0.95,,2.52,,0.3,,1.05,200,0.4,24,31,231,117,,,,,,,,,,,,,,,,,,,,,1
EA045045,,Thesis,,"Tectonic evolution, petrochemistry, geochronology and palaeohydrology of the Tampakan porphyry and high sulphidation epithermal Cu-Au deposit, Mindanao, Philippines",,Rohrlach,2002,Tampakkan,Tampakkan,Cu-Au,CA,,,,,,,,,,,,,,Late/epithermal,2,Mid-Pliocene,4.25,0.15,,3.65,,,,,,,,,,,,,,,,TAS,Miasong-Magolo,,,,,,,58.29,17.57,5.73,,5.16,3.37,6.62,4.36,2.06,0.63,0.28,0.12,,0.01,,,,,,,99.02,0.01,,1.2,,,320,,,,0,28.68,,20,108,,0.33,48,2.49,1.59,1.02,,,15.08,2.82,0.63,3.09,,0.55,0.01,,13.55,,0.25,,,1.23,,4,14.97,61,,5,,3.72,,35,,,12.32,,,3,1.39,765,0.28,0.43,,2.37,,,,0.81,112,0.24,16.2,1.59,55,132,,,,,,,,,,,,,,,,,,,,,1
EA049678,,Thesis,,"Tectonic evolution, petrochemistry, geochronology and palaeohydrology of the Tampakan porphyry and high sulphidation epithermal Cu-Au deposit, Mindanao, Philippines",,Rohrlach,2002,Tampakkan,Tampakkan,Cu-Au,CA,,,,,,,,,,,,,,Late/epithermal,2,Mid-Pliocene,4.25,0.15,,3.66,,,,,,,,,,,,,,,,TAS,Dalal Mangisi,,,,,,,60.18,16.14,5.18,,4.66,3.87,5.13,4.47,2.78,0.66,0.28,0.11,,0.04,,,,,,,98.84,0.01,,1.53,,,320,,,,0,34.22,,23,98,,0.2,530,2.67,1.59,1.12,,,15.64,3.2,0.53,3.74,,0.56,0.03,,16.79,,0.22,,,2.59,,8,17,92,,6,,4.25,,52,,,13.28,,,3.52,1.48,745,0.51,0.48,,4.44,,,,1.53,111,0.44,18.7,1.42,143,155,,,,,,,,,,,,,,,,,,,,,1
EA046338,,Thesis,,"Tectonic evolution, petrochemistry, geochronology and palaeohydrology of the Tampakan porphyry and high sulphidation epithermal Cu-Au deposit, Mindanao, Philippines",,Rohrlach,2002,Tampakkan,Tampakkan,Cu-Au,CA,,,,,,,,,,,,,,Late/epithermal,2,Mid-Pliocene,4.25,0.15,,3.67,,,,,,,,,,,,,,,,TAS,Elibnalil,,,,,,,56.66,16.04,7.25,,6.52,4.63,5.9,3.12,2.31,1.06,0.3,0.12,,0.62,,,,,,,98.01,0.08,,8.61,,,268,,0.04,,0.92,31,,28,99,,1.55,130,3.52,1.98,1.33,,,20,4.24,1.26,3.42,,0.72,0.08,,15.69,,0.27,,,3.31,,8,19.73,35,,119,,4.59,,46,,,23.26,,,4.42,1.51,488,0.56,0.63,,2.98,,0.31,,0.92,188,0.7,17,31,226,134,,,,,,,,,,,,,,,,,,,,,1
EA045799,,Thesis,,"Tectonic evolution, petrochemistry, geochronology and palaeohydrology of the Tampakan porphyry and high sulphidation epithermal Cu-Au deposit, Mindanao, Philippines",,Rohrlach,2002,Tampakkan,Tampakkan,Cu-Au,CA,,,,,,,,,,,,,,Late/epithermal,2,Mid-Pliocene,4.25,0.15,,3.65,,,,,,,,,,,,,,,,TAS,Atbol Creek,,,,,,,58.16,16.8,5.9,,5.31,3.01,6.19,4.2,2.32,0.77,0.32,0.09,,0.01,,,,,,,97.77,0.11,,1.31,,,278,,0.07,,0.14,32.01,,21,42,,0.49,37,2.63,1.53,1.05,,,18.35,3.07,1.34,3.48,,0.53,0.04,,15.57,,0.23,,,1.43,,7,16.58,16,,6,,4.17,,30,,,14.9,,,3.43,1.4,705,0.52,0.47,,3.98,,0.09,,1.09,138,0.31,13,À1.45,58,150,,,,,,,,,,,,,,,,,,,,,1
EA043212,,Thesis,,"Tectonic evolution, petrochemistry, geochronology and palaeohydrology of the Tampakan porphyry and high sulphidation epithermal Cu-Au deposit, Mindanao, Philippines",,Rohrlach,2002,Tampakkan,Tampakkan,Cu-Au,CA,,,,,,,,,,,,,,Late/epithermal,2,Mid-Pliocene,4.25,0.15,,3.75,,,,,,,,,,,,,,,,Dyke,Drill-grid,,,,,,,62.94,17.1,4.48,,4.03,1.83,5.01,4.65,2.93,0.55,0.28,0.1,,0.05,,,,,,,99.92,0,,0.68,,,300,,,,0,34.07,,11,8,,0.35,51,2.165,1.34,0.92,,,16.72,2.65,0.74,3.89,,0.47,0.01,,16.1,,0.21,,,3.43,,6,16.63,5,,6,,4.26,,58,,,8.73,,,3.22,1.6,785,0.43,0.38,,4.13,,,,1.49,93,0.57,13.9,1.32,55,161,,,,,,,,,,,,,,,,,,,,,1
EA044956,,Thesis,,"Tectonic evolution, petrochemistry, geochronology and palaeohydrology of the Tampakan porphyry and high sulphidation epithermal Cu-Au deposit, Mindanao, Philippines",,Rohrlach,2002,Tampakkan,Tampakkan,Cu-Au,CA,,,,,,,,,,,,,,Late/epithermal,2,Mid-Pliocene,4.25,0.15,,3.67,,,,,,,,,,,,,,,,Syn H-S Diorite,H-S Diorite,,,,,,,64.76,16.02,3.69,,3.32,1.46,3.95,4.14,3.28,0.45,0.18,0.1,,0.07,,,,,,,98.1,0.01,,1.41,,,354,,0,,0,30.5,,10,9,,0.86,32,1.89,1.24,0.63,,,17ò,2.26,0.48,3.76,,0.4,0.01,,15.31,,0.2,,,2.1,,6,13.88,6,,12,,3.65,,68,,,6.74,,,2.68,0.6*,561,0.52,0.33,,5.85,,0.02,0.17,2.05,80,1.11,11,1.26,58,135,,,,,,,,,,,,,,,,,,,,,1
EA043223,,Thesis,,"Tectonic evolution, petrochemistry, geochronology and palaeohydrology of the Tampakan porphyry and high sulphidation epithermal Cu-Au deposit, Mindanao, Philippines",,Rohrlach,2002,Tampakkan,Tampakkan,Cu-Au,CA,,,,,,,,,,,,,,Late/epithermal,2,Mid-Pliocene,4.25,0.15,,3.49,,,,,,,,,,,,,,,,Syn H-S Diorite,H-S DIorite,,,,,,,55.61,15.93,7.38,,6.64,5.02,4.54,3.49,1.02,0.58,0.16,0.14,,0.75,,,,,,,94.62,0.6*,,0.4*,,,141,,0.4*,,0.2À,25.05,,28,60,,1.47,1580,2.55,1.52,0.87,,,17.9*,2.84,1À,2.24,,0.53,0.07,,10.59,,0.24,,,15.3*,,3,14.15,25,,27,,3.35,,34,,,29.04,,,3.15,1.2À,329.9,0.13,0.44,,1.85,,0.02,0.21,0.72,222,0.89,16.6,1.51,149,90,,,,,,,,,,,,,,,,,,,,,1
EA043208,,Thesis,,"Tectonic evolution, petrochemistry, geochronology and palaeohydrology of the Tampakan porphyry and high sulphidation epithermal Cu-Au deposit, Mindanao, Philippines",,Rohrlach,2002,Tampakkan,Tampakkan,Cu-Au,CA,,,,,,,,,,,,,,Late/epithermal,2,Mid-Pliocene,4.25,0.15,,3.31,,,,,,,,,,,,,,,,Dyke,Drill-grid,,,,,,,58,16.45,5.58,,5.02,2.61,5.61,3.43,2.87,0.67,0.28,0.12,,0.03,,,,,,,95.64,0,,0.08,,,305,,,,0.04,32.81,,19,14,,0.51,66,2.65,1.65,0.93,,,14.85,2.97,0.37,4.09,,0.56,0.02,,15,,0.26,,,1.6,,6,16.69,8,,5,,4.23,,58,,,11.84,,,3.28,1.44,650,0.42,0.46,,4.44,,,,1.55,123,0.41,16.6,1.58,56,177,,,,,,,,,,,,,,,,,,,,,1
EA043210,,Thesis,,"Tectonic evolution, petrochemistry, geochronology and palaeohydrology of the Tampakan porphyry and high sulphidation epithermal Cu-Au deposit, Mindanao, Philippines",,Rohrlach,2002,Tampakkan,Tampakkan,Cu-Au,CA,,,,,,,,,,,,,,Late/epithermal,2,Mid-Pliocene,4.25,0.15,,3.13,,,,,,,,,,,,,,,,Dyke,Drill-grid,,,,,,,58.45,16.55,5.29,,4.76,2.42,5.79,3.37,3.22,0.66,0.28,0.13,,0.03,,,,,,,96.18,-0.02,,0.66,,,300,,,,0,34.49,,17,10,,0.47,72,2.534,1.64,1.02,,,17.06,2.92,0.11,4.33,,0.57,0.04,,15.65,,0.27,,,2.93,,7,17.29,6,,15,,4.26,,65,,,10.65,,,3.33,1.69,725,0.44,0.46,,4.62,,,,1.59,127,0.54,16.3,1.63,60,180,,,,,,,,,,,,,,,,,,,,,1
EA043134,,Thesis,,"Tectonic evolution, petrochemistry, geochronology and palaeohydrology of the Tampakan porphyry and high sulphidation epithermal Cu-Au deposit, Mindanao, Philippines",,Rohrlach,2002,Tampakkan,Tampakkan,Cu-Au,CA,,,,,,,,,,,,,,Late/epithermal,2,Mid-Pliocene,4.25,0.15,,2.95,,,,,,,,,,,,,,,,Dyke,Drill-grid,,,,,,,53.59,17.03,7.16,,6.45,4.02,4.21,3.74,1.02,0.95,0.44,0.17,,1.95,,,,,,,94.26,0.13,,3.54,,,172,,0.04,,0.06,30.75,,24,13,,3.2,142,2.99,1.68,1.27,,,19.6,3.76,1.21,3.25,,0.6,0.05,,13.62,,0.24,,,2.8,,6,18.41,11,,10,,4.17,,34,,,17.93,,,4.12,1.45,531,0.35,0.53,,2.62,,0.24,,0.94,201,0.97,16,1.55,128,136,,,,,,,,,,,,,,,,,,,,,1
EA044587,,Thesis,,"Tectonic evolution, petrochemistry, geochronology and palaeohydrology of the Tampakan porphyry and high sulphidation epithermal Cu-Au deposit, Mindanao, Philippines",,Rohrlach,2002,Tampakkan,Tampakkan,Cu-Au,CA,,,,,,,,,,,,,,Late/epithermal,2,Mid-Pliocene,4.25,0.15,,2.77,,,,,,,,,,,,,,,,Dyke,Drill-grid,,,,,,,51.11,16.06,7.34,,6.61,5.32,7.21,4.18,1.51,0.98,0.32,0.14,,0.02,,,,,,,94.2,0.12,,0.14,,,270,,0.04,,0.07,29.76,,33,58,,0.48,99,3.31,1.96,1.14,,,17.72,3.59,1.2,3.25,,0.69,0.06,,13.98,,0.28,,,2.15,,9,15.84,33,,4,,3.76,,31,,,23.83,,,3.48,1.65,681,0.58,0.57,,2.92,,0.18,,0.96,177,0.42,17,1.81,70,138,,,,,,,,,,,,,,,,,,,,,1
EA043122,,Thesis,,"Tectonic evolution, petrochemistry, geochronology and palaeohydrology of the Tampakan porphyry and high sulphidation epithermal Cu-Au deposit, Mindanao, Philippines",,Rohrlach,2002,Tampakkan,Tampakkan,Cu-Au,CA,,,,,,,,,,,,,,Late/epithermal,2,Mid-Pliocene,4.25,0.15,,2.59,,,,,,,,,,,,,,,,Dyke,Drill-grid,,,,,,,60.07,16.11,4.17,,3.75,1.67,3.92,2.87,5.34,0.54,0.21,0.15,,0.06,,,,,,,95.1,0.3,,1.02,,,425,,0.07,,0.15,34.57,,13,7,,2.44,115,2.35,1.49,0.88,,,17.22,2.79,1.28,4.79,,0.51,0.04,,16.17,,0.25,,,2.83,,9,16.72,5,,19,,4.41,,146,,,7.09,,,3.24,1.56,407,0.53,0.43,,5.83,,0.53,,1.96,97,1.3,13,1.52,102,216,,,,,,,,,,,,,,,,,,,,,1
EA043036,,Thesis,,"Tectonic evolution, petrochemistry, geochronology and palaeohydrology of the Tampakan porphyry and high sulphidation epithermal Cu-Au deposit, Mindanao, Philippines",,Rohrlach,2002,Tampakkan,Tampakkan,Cu-Au,CA,,,,,,,,,,,,,,Late/epithermal,2,Mid-Pliocene,4.25,0.15,,2.41,,,,,,,,,,,,,,,,Dyke,Drill-grid,,,,,,,57.03,16.2,5.15,,4.63,2.38,5.26,2.9,3.89,0.64,0.27,0.12,,0.01,,,,,,,93.85,0.21,,0.57,,,335,,0.06,,0.1,32.67,,17,13,,1.87,72,2.51,1.64,0.97,,,18.65,2.92,1.08,4.37,,0.55,0.05,,15.1,,0.25,,,1.27,,6,16.35,6,,8,,4.31,,96,,,10.02,,,3.3,1.56,585,0.5,0.45,,4.94,,0.44,,1.63,129,0.62,14,1.63,69,185,,,,,,,,,,,,,,,,,,,,,1
EA043206,,Thesis,,"Tectonic evolution, petrochemistry, geochronology and palaeohydrology of the Tampakan porphyry and high sulphidation epithermal Cu-Au deposit, Mindanao, Philippines",,Rohrlach,2002,Tampakkan,Tampakkan,Cu-Au,CA,,,,,,,,,,,,,,Late/epithermal,2,Mid-Pliocene,4.25,0.15,,3.04,,,,,,,,,,,,,,,,Dyke,Drill-grid,,,,,,,58.49,16.69,5.24,,4.72,2.37,5.45,4.2,2.78,0.68,0.26,0.11,,0.03,,,,,,,96.3,0.01,,0.57,,,275,,,,0.05,34.32,,19,11,,0.23,89,2.53,1.63,1.03,,,15.99,3.09,0.33,4.25,,0.55,0.02,,15.92,,0.25,,,1.53,,6,17.83,7,,8,,4.25,,56,,,12,,,3.55,1.52,715,0.43,0.46,,4.53,,,,1.56,123,0.48,16.7,1.59,50,184,,,,,,,,,,,,,,,,,,,,,1
EA045003,,Thesis,,"Tectonic evolution, petrochemistry, geochronology and palaeohydrology of the Tampakan porphyry and high sulphidation epithermal Cu-Au deposit, Mindanao, Philippines",,Rohrlach,2002,Tampakkan,Tampakkan,Cu-Au,CA,,,,,,,,,,,,,,Late/epithermal,2,Pleistocene,4.25,0.15,,3.04,,,,,,,,,,,,,,,,Intrusive,Miasong-Magolo,,,,,,,62.93,16.91,4.41,,3.97,1.84,4.45,4.48,2.42,0.57,0.2,0.07,,0.01,,,,,,,98.29,0,,1.14,,,265,,,,0.14,27.33,,13,14,,0.32,38,1.91,1.06,0.86,,,16.47,2.23,0.24,3.03,,0.37,0.02,,14.44,,0.18,,,1.2,,6,13.71,7,,4,,3.46,,48,,,10.33,,,2.58,1.62,705,0.36,0.34,,3.42,,,,1.18,92,0.32,11.4,1.03,40,116,,,,,,,,,,,,,,,,,,,,,1
EA043211,,Thesis,,"Tectonic evolution, petrochemistry, geochronology and palaeohydrology of the Tampakan porphyry and high sulphidation epithermal Cu-Au deposit, Mindanao, Philippines",,Rohrlach,2002,Tampakkan,Tampakkan,Cu-Au,CA,,,,,,,,,,,,,,Late/epithermal,2,Pleistocene,4.25,0.15,,3.04,,,,,,,,,,,,,,,,Lambayong,Lambayong,,,,,,,65.82,17.51,3.16,,2.85,1.17,4.67,4.8,2,0.42,0.18,0.05,,0.01,,,,,,,99.8,0,,2.21,,,260,,,,0.05,23.37,,9,5,,0.14,32,1.249,0.73,0.77,,,19.19,1.8,0.43,2.89,,0.26,0.02,,10.43,,0.11,,,1.56,,3,11.48,6,,7,,2.97,,18,,,7.47,,,2.19,1.67,1156,0.16,0.25,,1.76,,,,0.63,60,0.13,7.5,0.7,34,122,,,,,,,,,,,,,,,,,,,,,1
EA043213,,Thesis,,"Tectonic evolution, petrochemistry, geochronology and palaeohydrology of the Tampakan porphyry and high sulphidation epithermal Cu-Au deposit, Mindanao, Philippines",,Rohrlach,2002,Tampakkan,Tampakkan,Cu-Au,CA,,,,,,,,,,,,,,Late/epithermal,2,Pleistocene,4.25,0.15,,3.04,,,,,,,,,,,,,,,,Logdeck Andesite,Logdeck,,,,,,,62.46,17.85,4.47,,4.02,2.03,5.49,4.87,1.82,0.57,0.25,0.09,,0.02,,,,,,,99.92,0,,0,,,285,,,,0.05,25.41,,14,6,,0.15,38,1.941,,0.98,,,18.79,2.45,0.89,2.68,,0.41,0.03,,11,,0.17,,,1.76,,3,14.21,10,,6,,3.48,,19,,,9.43,,,2.76,1.67,1142,0.21,0.35,,1.56,,,,0.5,89,0.15,12,1.15,45,110,,,,,,,,,,,,,,,,,,,,,1
EA045009,,Thesis,,"Tectonic evolution, petrochemistry, geochronology and palaeohydrology of the Tampakan porphyry and high sulphidation epithermal Cu-Au deposit, Mindanao, Philippines",,Rohrlach,2002,Tampakkan,Tampakkan,Cu-Au,CA,,,,,,,,,,,,,,Late/epithermal,2,Pleistocene,4.25,0.15,,3.04,,,,,,,,,,,,,,,,Lambayong,Lambayong,,,,,,,65.5,17.64,3.28,,2.95,1.07,4.64,4.81,1.98,0.45,0.19,0.06,,0.02,,,,,,,99.63,0.03,,1.36,,,275,,,,0.1,25.2,,9,6,,0.21,32,1.374,0.73,0.83,,,18.86,1.89,0.2,3.02,,0.28,0.02,,10.48,,0.11,,,1.43,,3,12.18,7,,6,,3.08,,17,,,7.2,,,2.4,1.54,1235,0.16,0.26,,1.86,,,,0.66,61,0.14,7.9,0.7,35,129,,,,,,,,,,,,,,,,,,,,,1
EA043214,,Thesis,,"Tectonic evolution, petrochemistry, geochronology and palaeohydrology of the Tampakan porphyry and high sulphidation epithermal Cu-Au deposit, Mindanao, Philippines",,Rohrlach,2002,Tampakkan,Tampakkan,Cu-Au,CA,,,,,,,,,,,,,,Late/epithermal,2,Pleistocene,4.25,0.15,,1.47,,,,,,,,,,,,,,,,Logdeck Andesite,Logdeck,,,,,,,62.64,17.8,4.48,,4.03,2.04,5.48,4.92,1.84,0.56,0.26,0.09,,0.02,,,,,,,100.12,0.01,,0,,,275,,,,0.05,25.3,,14,7,,0.16,38,1.8,1.09,0.89,,,18.21,2.3,0.21,2.54,,0.39,0.03,,11,,0.17,,,1.61,,3,13.8,10,,5,,3.24,,19,,,9.72,,,2.7,1.42,1133,0.18,0.35,,1.48,,,,0.48,90,0.13,11.7,,46,108,,,,,,,,,,,,,,,,,,,,,1
EA043215,,Thesis,,"Tectonic evolution, petrochemistry, geochronology and palaeohydrology of the Tampakan porphyry and high sulphidation epithermal Cu-Au deposit, Mindanao, Philippines",,Rohrlach,2002,Tampakkan,Tampakkan,Cu-Au,CA,,,,,,,,,,,,,,Late/epithermal,2,Pleistocene,4.25,0.15,,1.47,,,,,,,,,,,,,,,,Lambayong,Lambayong,,,,,,,61.35,16.95,4.97,,4.47,2.33,5.87,3.73,2.17,0.54,0.24,0.07,,0.01,,,,,,,98.22,0,,0.59,,,225,,,,0,34.43,,16,15,,0.2,33,2.31,1.39,1.09,,,15.77,3.02,0.41,2.94,,0.49,0.04,,17.33,,0.21,,,1.56,,6,19.33,9,,9,,4.71,,27,,,14.03,,,3.75,1.56,685,0.28,0.43,,2.92,,,,0.99,142,0.57,14.7,1.31,48,134,,,,,,,,,,,,,,,,,,,,,1
EA043204,,Thesis,,"Tectonic evolution, petrochemistry, geochronology and palaeohydrology of the Tampakan porphyry and high sulphidation epithermal Cu-Au deposit, Mindanao, Philippines",,Rohrlach,2002,Tampakkan,Tampakkan,Cu-Au,CA,,,,,,,,,,,,,,Late/epithermal,2,Pleistocene,4.25,0.15,,0.59,,,,,,,,,,,,,,,,Nun-Guon,Drill-grid,,,,,,,67.04,17.03,3.61,,3.25,1.06,4.62,4.2,2.11,0.33,0.22,0.12,,0.03,,,,,,,100.36,0.02,,0.11,,,455,,,,0.02,25.31,,6,2,,1.03,8,0.79,13.8,119,,,16.38,2.18,0.4,2.85,,0.44,0.02,,12.14,,0.22,,,1.91,,5,11,1,,9,,3.05,,56,,,5.64,,,2.43,1.42,530,0.35,0.36,,1.99,,,,0.86,26,0.25,2.04,1.28,69,0.92,,,,,,,,,,,,,,,,,,,,,1
EA046377,,Thesis,,"Tectonic evolution, petrochemistry, geochronology and palaeohydrology of the Tampakan porphyry and high sulphidation epithermal Cu-Au deposit, Mindanao, Philippines",,Rohrlach,2002,Tampakkan,Tampakkan,Cu-Au,CA,,,,,,,,,,,,,,Late/epithermal,2,Pleistocene,4.25,0.15,,0.59,,,,,,,,,,,,,,,,Lambayong,Lambayong,,,,,,,61.61,17.9,4.76,,4.29,1.63,5.22,4.77,1.93,0.51,0.28,0.11,,0.01,,,,,,,98.75,0.19,,1.03,,,350,,0.05,,0.06,26.49,,15,12,,0.66,30,2.06,1.44,0.99,,,18.37,2.51,1.42,2.42,,0.5,0.05,,13.23,,0.22,,,0.76,,4,14.09,10,,6,,3.89,,26,,,9.09,,,2.78,1.21,951,0.3,0.42,,1.78,,0.11,,0.56,83,0.15,13,1.38,47,104,,,,,,,,,,,,,,,,,,,,,1
DA993972,,Thesis,,"Tectonic evolution, petrochemistry, geochronology and palaeohydrology of the Tampakan porphyry and high sulphidation epithermal Cu-Au deposit, Mindanao, Philippines",,Rohrlach,2002,Tampakkan,Tampakkan,Cu-Au,CA,,,,,,,,,,,,,,Late/epithermal,2,Pleistocene,4.25,0.15,,1.75,,,,,,,,,,,,,,,,Intrusive,Plug,,,,,,,57.55,18.45,6.17,,5.55,2.34,5.21,4.23,2.25,0.7,0.28,0.15,,0,,,,,,,97.32,0.01,,0.29,,,382,,0,,0,32.52,,40,113,,0.29,77,3.69,2.1,1.51,,,21À,4.42,0.38,3.31,,0.74,0.02,,20.59,,0.32,,,o.8*,,5,24.55,53,,7,,5.97,,38,,,11.83,,,4.84,0.7*,703,0.73,0.67,,2.51,,0.01,0.29,0.88,122,62.67,22,2.06,60,130,,,,,,,,,,,,,,,,,,,,,1
PA011046,,Thesis,,"Tectonic evolution, petrochemistry, geochronology and palaeohydrology of the Tampakan porphyry and high sulphidation epithermal Cu-Au deposit, Mindanao, Philippines",,Rohrlach,2002,Tampakkan,Tampakkan,Cu-Au,CA,,,,,,,,,,,,,,Late/epithermal,2,Pleistocene,4.25,0.15,,1.47,,,,,,,,,,,,,,,,,,,,,,,,61.5,17.1,4.86,,4.37,1.87,5.17,4.4,2.47,0.57,0.26,0.11,,1.07,,,,,,,99.38,,,,,,290,,,,,28,,10,7,,,,2.6,1.5,0.9,,,,,,,,,,,13.4,,,,,,,4.6,16,5,,,,,,11,,,8.4,,,,,700,,,,,,,,,132,,16.2,1.45,,100,,,,,,,,,,,,,,,,,,,,,1
PA011048,,Thesis,,"Tectonic evolution, petrochemistry, geochronology and palaeohydrology of the Tampakan porphyry and high sulphidation epithermal Cu-Au deposit, Mindanao, Philippines",,Rohrlach,2002,Tampakkan,Tampakkan,Cu-Au,CA,,,,,,,,,,,,,,Late/epithermal,2,Pleistocene,4.25,0.15,,0.85,,,,,,,,,,,,,,,,,,,,,,,,61.5,17.8,4.55,,4.09,2.16,5.6,4.65,1.78,0.55,0.24,0.1,,0.66,,,,,,,99.59,,,,,,284,,,,,27,,14,9,,,,1.9,1.2,0.9,,,,,,,,,,,12.2,,,,,,,3.6,15,14,,,,,,19.6,,,9.2,,,,,1085,,,,,,,,,134,,12.5,1.05,,94,,,,,,,,,,,,,,,,,,,,,1
PA011050,,Thesis,,"Tectonic evolution, petrochemistry, geochronology and palaeohydrology of the Tampakan porphyry and high sulphidation epithermal Cu-Au deposit, Mindanao, Philippines",,Rohrlach,2002,Tampakkan,Tampakkan,Cu-Au,CA,,,,,,,,,,,,,,Late/epithermal,2,Pleistocene,4.25,0.15,,0.86,,,,,,,,,,,,,,,,,,,,,,,,64.2,17.6,3.42,,3.08,1.5,4.8,4.55,1.89,0.44,0.21,0.07,,0.57,,,,,,,99.25,,,,,,295,,,,,24,,10,21,,,,1.5,0.8,0.75,,,,,,,,,,,11.4,,,,,,,2.3,14,34,,,,,,15.5,,,5.7,,,,,1200,,,,,,,,,83,,7.5,0.62,,44,,,,,,,,,,,,,,,,,,,,,1
PA011051,,Thesis,,"Tectonic evolution, petrochemistry, geochronology and palaeohydrology of the Tampakan porphyry and high sulphidation epithermal Cu-Au deposit, Mindanao, Philippines",,Rohrlach,2002,Tampakkan,Tampakkan,Cu-Au,CA,,,,,,,,,,,,,,Late/epithermal,2,Pleistocene,4.25,0.15,,0.86,,,,,,,,,,,,,,,,,,,,,,,,59,16.25,5.37,,4.83,3.25,5.56,3.5,3.07,0.7,0.28,0.1,,2.53,,,,,,,99.61,,,,,,240,,,,,36,,17,22,,,,2.9,1.6,0.95,,,,,,,,,,,16.2,,,,,,,8.2,19,14,,,,,,78,,,14,,,,,670,,,,,,,,,160,,16.5,1.55,,152,,,,,,,,,,,,,,,,,,,,,1
EA043205,,Thesis,,"Tectonic evolution, petrochemistry, geochronology and palaeohydrology of the Tampakan porphyry and high sulphidation epithermal Cu-Au deposit, Mindanao, Philippines",,Rohrlach,2002,Tampakkan,Tampakkan,Cu-Au,CA,,,,,,,,,,,,,,Post,2,Quaternary,4.25,0.15,,0.2,0.2,,,,,,,,,,,,,,,Matutum Andesite,Barrio,,,,,,,59.19,16.71,6.64,,5.98,3.37,6.72,4.01,1.92,0.81,0.25,0.13,,0.03,,,,,,,100.08,0.02,,,,,320,,,,0.02,26.94,,23,44,,0.61,27,2.86,1.77,1.01,,,,3.07,,2.72,,0.62,1.44,,12.19,,13.84,,,0,,4,14,16,,5,,3.41,,36,,,19.34,,,3.19,0.36,695,0.29,0.5,,2.26,,,0.27,0.83,148,,18.4,1.69,56,103,,,,,,,,,,,,,,,,,,,,,1
EA045002,,Thesis,,"Tectonic evolution, petrochemistry, geochronology and palaeohydrology of the Tampakan porphyry and high sulphidation epithermal Cu-Au deposit, Mindanao, Philippines",,Rohrlach,2002,Tampakkan,Tampakkan,Cu-Au,CA,,,,,,,,,,,,,,Post,2,Quaternary,4.25,0.15,,0.2,0.2,,,,,,,,,,,,,,,Matutum Andesite,Miasong,,,,,,,60.75,16.65,6.37,,5.73,3.45,6.23,4.09,1.99,0.73,0.25,0.13,,0.03,,,,,,,100.66,0.02,,,,,360,,,,O.D1,23.84,,21,34,,0.59,21,2.92,1.77,0.88,,,,3.11,,2.71,,0.61,1.46,,10.82,,13.97,,,0.01,,4,12.67,14,,6,,2.93,,41,,,17.68,,,2.92,0.25,525,0.33,0.49,,2.05,,,0.28,0.82,121,,19,1.78,55,104,,,,,,,,,,,,,,,,,,,,,1
EA046389,,Thesis,,"Tectonic evolution, petrochemistry, geochronology and palaeohydrology of the Tampakan porphyry and high sulphidation epithermal Cu-Au deposit, Mindanao, Philippines",,Rohrlach,2002,Tampakkan,Tampakkan,Cu-Au,CA,,,,,,,,,,,,,,Post,2,Quaternary,4.25,0.15,,0.2,0.2,,,,,,,,,,,,,,,Matutum Andesite,Miasong,,,,,,,59.43,16.91,6.35,,5.72,3.53,6.46,4.05,1.96,0.75,0.24,0.13,,0.01,,,,,,,99.82,0.08,,,,,339,,,,0.05,25.67,,23,37,,1.41,26,3.03,1.8,1.01,,,,3.21,,2.56,,0.63,1.27,,11,,18.6,,,0.13,,4,13.86,14,,6,,3.36,,38,,,19.58,,,3.25,0.21,601,0.35,0.52,,2.44,,0.02,0.27,0.9,137,0.1,15,1.77,53,100,,,,,,,,,,,,,,,,,,,,,1
EA045017,,Thesis,,"Tectonic evolution, petrochemistry, geochronology and palaeohydrology of the Tampakan porphyry and high sulphidation epithermal Cu-Au deposit, Mindanao, Philippines",,Rohrlach,2002,Tampakkan,Tampakkan,Cu-Au,CA,,,,,,,,,,,,,,Post,2,Quaternary,4.25,0.15,,0.2,0.2,,,,,,,,,,,,,,,Matutum Andesite,lsnip,,,,,,,60.6,16.69,5.99,,5.39,3.27,6.1,4.12,1.97,0.76,0.23,0.11,,0.01,,,,,,,99.84,0,,,,,313,,,,0.06,25.22,,19,23,,0.87,14,3.02,1.79,1.06,,,,3.28,,3.14,,0.62,1.47,,11,,20.79,,,0.53,,4,14.27,14,,6,,3.29,,29,,,17.41,,,3.31,0.27,798,0.32,0.5,,2.28,,0.02,0.27,0.91,112,0.12,15,1.69,47,120,,,,,,,,,,,,,,,,,,,,,1
381-456,,Paper,,"REE, Ti, and P Remobilization in Magmatic Rocks by Hydrothermal Alteration",,van Dongen,2010,Ok Tedi,Ok Tedi,Cu-Au,K,,,,,,,,,,,,,,syn,1,,1.187,0.022,Large et al 2018,1.187,0.022,Large et al 2018,,,,,,,,,,,,,,Monzonite,Fubilan porphyry,,,,,,,67.76,17.67,1.03,,0.926794,0.76,1.23,4.9,6.27,0.38,0.11,0.01,,0.31,,,,,0.19,,,,,,,,,,,,,21.57,,,,,,429,0.86,0.46,0.42,,,,1.25,,0.64,,0.17,,,5.47,,0.05,,,,,,7.62,,,2.76,,1.85,,,,,0.75,,,1.48,,,0.57,0.16,,3.62,2250,,0.06,0.3,,,5.56,0.4,,20.66,,,,,,,,,,,,,,,,,,,,,1
345-467,,Paper,,"REE, Ti, and P Remobilization in Magmatic Rocks by Hydrothermal Alteration",,van Dongen,2010,Ok Tedi,Ok Tedi,Cu-Au,K,,,,,,,,,,,,,,syn,1,,1.187,0.022,Large et al 2018,1.187,0.022,Large et al 2018,,,,,,,,,,,,,,Monzonite,Fubilan porphyry,,,,,,,66.06,17.81,2.47,,2.222506,0.81,1.43,5.79,4.61,0.39,0.18,0.01,,0.28,,,,,0.16,,,,,,,,,,,,,47.73,,,,,,854,0.7,0.4,0.37,,,,1.15,,1.83,,0.13,,,11.54,,0.06,,,,,,7.68,,,9.82,,2.16,,,,,1.65,,,1.31,,,0.63,0.13,,4.84,2359,,0.06,2.2,,,4.14,0.42,,63.04,,,,,,,,,,,,,,,,,,,,,1
833-218,,Paper,,"REE, Ti, and P Remobilization in Magmatic Rocks by Hydrothermal Alteration",,van Dongen,2010,Ok Tedi,Ok Tedi,Cu-Au,K,,,,,,,,,,,,,,pre,2,,1.187,0.022,Large et al 2018,1.269,0.03,Large et al 2018,,,,,,,,,,,,,,Monzodiorite,Sydney monzodiorite,,,,,,,69.42,14.17,2.43,,2.186514,0.4,0.1,2.01,9.3,0.23,0.04,0.01,,0.16,,,,,2.05,,,,,,,,,,,,,20.48,,,,,,91.8,0.57,0.24,0.44,,,,1.12,,0.6,,0.1,,,11.09,,0.02,,,,,,8.43,,,4.32,,2.3,,,,,1.84,,,1.42,,,0.41,0.12,,10.43,1254,,n.a.,0.92,,,2.9,0.16,,14.57,,,,,,,,,,,,,,,,,,,,,1
364-550,,Paper,,"REE, Ti, and P Remobilization in Magmatic Rocks by Hydrothermal Alteration",,van Dongen,2010,Ok Tedi,Ok Tedi,Cu-Au,K,,,,,,,,,,,,,,syn,1,,1.187,0.022,Large et al 2018,1.187,0.022,Large et al 2018,,,,,,,,,,,,,,Monzonite,Fubilan porphyry,,,,,,,65.04,18.51,2.93,,2.636414,0.8,0.79,5.45,4.46,0.46,0.05,0.01,,1.5,,,,,bd,,,,,,,,,,,,,75.46,,,,,,,3.28,1.93,0.94,,,,4.81,,,,0.67,,,36.45,,0.27,,,,,,34.07,,,,,9.12,,,,,4.28,,,5.71,,,,0.62,,,,,0.27,,,,24.55,1.69,,,,,,,,,,,,,,,,,,,,,,,1
809-78,,Paper,,"REE, Ti, and P Remobilization in Magmatic Rocks by Hydrothermal Alteration",,van Dongen,2010,Ok Tedi,Ok Tedi,Cu-Au,K,,,,,,,,,,,,,,pre,2,,1.187,0.022,Large et al 2018,1.269,0.03,Large et al 2018,,,,,,,,,,,,,,Monzodiorite,Sydney monzodiorite,,,,,,,62.72,18.69,4.18,,3.761164,0.67,4.01,4.77,4.01,0.52,0.2,0.05,,0.18,,,,,bd,,,,,,,,,,,,,77.92,,,,,,,3.5,1.92,1.82,,,,5.15,,,,0.68,,,37.75,,0.28,,,,,,35.56,,,,,9.55,,,,,4.95,,,6.42,,,,0.67,,,,,0.27,,,,20.56,1.77,,,,,,,,,,,,,,,,,,,,,,,1
825-680,,Paper,,"REE, Ti, and P Remobilization in Magmatic Rocks by Hydrothermal Alteration",,van Dongen,2010,Ok Tedi,Ok Tedi,Cu-Au,K,,,,,,,,,,,,,,pre,2,,1.187,0.022,Large et al 2018,1.269,0.03,Large et al 2018,,,,,,,,,,,,,,Monzogabbro,Sydney monzodiorite,,,,,,,56.52,17.87,6.58,,5.920684,2.11,6.91,3.54,3.78,0.75,0.4,0.13,,1.41,,,,,bd,,,,,,,,,,,,,81.03,,,,,,,3.91,2.1,1.96,,,,5.78,,,,0.76,,,40.67,,0.31,,,,,,37.26,,,,,9.77,,,,,11.15,,,6.95,,,,0.75,,,,,0.3,,,,22.86,1.97,,,,,,,,,,,,,,,,,,,,,,,1
508-366,,Paper,,"REE, Ti, and P Remobilization in Magmatic Rocks by Hydrothermal Alteration",,van Dongen,2010,Ok Tedi,Ok Tedi,Cu-Au,K,,,,,,,,,,,,,,syn,1,,1.187,0.022,Large et al 2018,1.187,0.022,Large et al 2018,,,,,,,,,,,,,,Monzonite,Fubilan porphyry,,,,,,,64.65,17.37,3.06,,2.753388,1.05,0.29,4.91,7.06,0.41,0.15,0.01,,1.04,,,,,bd,,,,,,,,,,,,,52.84,,,,,,,2.8,1.8,1.13,,,,3.67,,,,0.61,,,25.96,,0.28,,,,,,22.68,,,,,6.09,,,,,3.74,,,3.93,,,,0.49,,,,,0.26,,,,26.49,1.68,,,,,,,,,,,,,,,,,,,,,,,1
508-232,,Paper,,"REE, Ti, and P Remobilization in Magmatic Rocks by Hydrothermal Alteration",,van Dongen,2010,Ok Tedi,Ok Tedi,Cu-Au,K,,,,,,,,,,,,,,syn,1,,1.187,0.022,Large et al 2018,1.187,0.022,Large et al 2018,,,,,,,,,,,,,,Monzonite,Fubilan porphyry,,,,,,,66.13,18.71,1.94,,1.745612,0.49,1.53,3.24,6.37,0.47,0.13,0.01,,0.98,,,,,bd,,,,,,,,,,,,,74.81,,,,,,,1.77,0.74,1.02,,,,3.47,,,,0.3,,,42.62,,0.08,,,,,,27.15,,,,,7.84,,,,,4.17,,,4.71,,,,0.4,,,,,0.09,,,,8.35,0.56,,,,,,,,,,,,,,,,,,,,,,,1
49-61.4 Depth: 318 m,,Paper,,"The shoshonite porphyry Cu-Au association at Bajo de la Alumbrera, Catamarca Province, Argentina",,Muller,2000,Bajo de la Alumbrera,Bajo de la Alumbrera,Cu-Au,K,,,,,,,,,,,,,,syn,0,,7.1,0.01,Buret 2016,8,1,Buret 2017,,,,,,,,,,,,,,Dacite,,,,,,,,62.4,12,6.22,5.83,11.426756,1.45,1.06,1.56,6.11,0.43,0.15,0.07,,2.34,,,,,,,100,,,,,,487,,,,,16,,,127,,,,,,0.5,,,,,,3,,,,,9,,,,,,,12,ma.,6,,,,,,87,,,,,,2,,252,,n.a.,,2,,,,,106,,8,1,,104,,,,,,,,,,,,,,,,,,,,,1
51-61.1 310 m,,Paper,,"The shoshonite porphyry Cu-Au association at Bajo de la Alumbrera, Catamarca Province, Argentina",,Muller,2000,Bajo de la Alumbrera,Bajo de la Alumbrera,Cu-Au,K,,,,,,,,,,,,,,syn,1,,7.1,0.01,Buret 2016,8,1,Buret 2017,,,,,,,,,,,,,,Dacite,,,,,,,,69.9,10.3,2.45,3.36,5.56451,0.99,1.56,0.8,5.81,0.35,0.1,0.15,,3.98,,,,,,,100,,,,,,504,,,,,18,,,124,,,,,,0.5,,,,,,3,,,,,9,,,,,,,11,n.a.,7,,,,,,113,,,,,,2,,181,,n.a.,,1,,,,,79,,9,0.8,,78,,,,,,,,,,,,,,,,,,,,,1
"51-48
543 m",,Paper,,"The shoshonite porphyry Cu-Au association at Bajo de la Alumbrera, Catamarca Province, Argentina",,Muller,2000,Bajo de la Alumbrera,Bajo de la Alumbrera,Cu-Au,K,,,,,,,,,,,,,,syn,1,,7.1,0.01,Buret 2016,8,1,Buret 2017,,,,,,,,,,,,,,Dacite,,,,,,,,65.6,16.2,1.01,2.7,3.608798,1.56,3.37,3.32,3.49,0.56,0.23,0.06,,1.6,,,,,,,99.7,,,,,,563,,,,,60,,,77,,,,,,1,,,,,,5,,,,,33,,,,,,,20,ma.,5,,,,,,66,,,,,,5,,445,,n.a.,,5,,,,,98,,16,2,,142,,,,,,,,,,,,,,,,,,,,,1
45-61.3 342 m,,Paper,,"The shoshonite porphyry Cu-Au association at Bajo de la Alumbrera, Catamarca Province, Argentina",,Muller,2000,Bajo de la Alumbrera,Bajo de la Alumbrera,Cu-Au,K,,,,,,,,,,,,,,syn,1,,7.1,0.01,Buret 2016,8,1,Buret 2017,,,,,,,,,,,,,,Dacite,,,,,,,,65.5,15,1.42,2.12,3.397716,1.54,1.37,1.73,7.16,0.5,0.25,0.04,,3,,,,,,,100,,,,,,520,,,,,48,,,n.a.,,,,,,0.9,,,,,,4,,,,,22,,,,,,,31,24,n.a.,,,,,,143,,,,,,4,,270,,0.5,,8,,,,,ma.,,29,2,,137,,,,,,,,,,,,,,,,,,,,,1
"43-51
307 m",,Paper,,"The shoshonite porphyry Cu-Au association at Bajo de la Alumbrera, Catamarca Province, Argentina",,Muller,2000,Bajo de la Alumbrera,Bajo de la Alumbrera,Cu-Au,K,,,,,,,,,,,,,,syn,1,,7.1,0.01,Buret 2016,8,1,Buret 2017,,,,,,,,,,,,,,Dacite,,,,,,,,66.5,12.5,3.91,2.51,6.028218,1.32,0.93,0.71,7.16,0.46,0.18,0.06,,4,,,,,,,100,,,,,,494,,,,,27,,,n.a.,,,,,,0.7,,,,,,3,,,,,12,,,,,,,21,14,n.a.,,,,,,144,,,,,,3,,154,,0.5,,8,,,,,n.a.,,15,1,,118,,,,,,,,,,,,,,,,,,,,,1
"51-48
531 m",,Paper,,"The shoshonite porphyry Cu-Au association at Bajo de la Alumbrera, Catamarca Province, Argentina",,Muller,2000,Bajo de la Alumbrera,Bajo de la Alumbrera,Cu-Au,K,,,,,,,,,,,,,,syn,1,,7.1,0.01,Buret 2016,8,1,Buret 2017,,,,,,,,,,,,,,Dacite,,,,,,,,56.2,15.8,2.45,4.31,6.51451,3.45,2.44,2.33,6.19,0.92,0.34,0.14,,5,,,,,,,100,,,,,,525,,,,,63,,,76,,,,,,1,,,,,,4,,,,,35,,,,,,,13,n.a.,18,,,,,,71,,,,,,6,,307,,ma.,,2,,,,,169,,13,2,,135,,,,,,,,,,,,,,,,,,,,,1
"37-49
529 m",,Paper,,"The shoshonite porphyry Cu-Au association at Bajo de la Alumbrera, Catamarca Province, Argentina",,Muller,2000,Bajo de la Alumbrera,Bajo de la Alumbrera,Cu-Au,K,,,,,,,,,,,,,,syn,1,,7.1,0.01,Buret 2016,8,1,Buret 2017,,,,,,,,,,,,,,Dacite,,,,,,,,66.2,14.4,2.11,2.76,4.658578,1.46,1.98,2.04,5.82,0.53,0.22,0.05,,2,,,,,,,100,,,,,,602,,,,,46,,,n.a.,,,,,,L,,,,,,4,,,,,22,,,,,,,28,20,n.a.,,,,,,130,,,,,,4,,336,,0.7,,8,,,,,n.a.,,22,2,,137,,,,,,,,,,,,,,,,,,,,,1
49.2-46.3 453 m,,Paper,,"The shoshonite porphyry Cu-Au association at Bajo de la Alumbrera, Catamarca Province, Argentina",,Muller,2000,Bajo de la Alumbrera,Bajo de la Alumbrera,Cu-Au,K,,,,,,,,,,,,,,syn,1,,7.1,0.01,Buret 2016,8,1,Buret 2017,,,,,,,,,,,,,,Dacite,,,,,,,,64.1,13.3,1.39,1.48,2.730722,1.19,4.18,1.85,6.86,0.45,0.2,0.04,,5,,,,,,,100,,,,,,523,,,,,50,,,n.a.,,,,,,0.8,,,,,,4,,,,,23,,,,,,,30,25,n.a.,,,,,,144,,,,,,4,,378,,1,,8,,,,,n.a.,,26,2,,136,,,,,,,,,,,,,,,,,,,,,1
"43-60
449 m",,Paper,,"The shoshonite porphyry Cu-Au association at Bajo de la Alumbrera, Catamarca Province, Argentina",,Muller,2000,Bajo de la Alumbrera,Bajo de la Alumbrera,Cu-Au,K,,,,,,,,,,,,,,syn,1,,7.1,0.01,Buret 2016,8,1,Buret 2017,,,,,,,,,,,,,,Dacite,,,,,,,,62.9,14.6,2.82,2.64,5.177436,1.28,1.34,0.68,6.94,0.51,0.25,0.06,,5,,,,,,,99.8,,,,,,608,,,,,41,,,n.a.,,,,,,0.9,,,,,,4,,,,,19,,,,,,,22,20,n.a.,,,,,,145,,,,,,4,,184,,0.5,,8,,,,,n.a.,,19,1,,138,,,,,,,,,,,,,,,,,,,,,1
57.5-60 84 m,,Paper,,"The shoshonite porphyry Cu-Au association at Bajo de la Alumbrera, Catamarca Province, Argentina",,Muller,2000,Bajo de la Alumbrera,Bajo de la Alumbrera,Cu-Au,K,,,,,,,,,,,,,,syn,1,,7.1,0.01,Buret 2016,8,1,Buret 2017,,,,,,,,,,,,,,Dacite,,,,,,,,67.3,15.9,4.4,0.69,4.64912,0.77,0.09,0.2,4.32,0.6,0.11,0.01,,5,,,,,,,100,,,,,,243,,,,,61,,,69,,,,,,1,,,,,,4,,,,,32,,,,,,,3,n.a.,6,,,,,,87,,,,,,5,,30,,n.a.,,2,,,,,93,,3,2,,111,,,,,,,,,,,,,,,,,,,,,1
51-48 47 m,,Paper,,"The shoshonite porphyry Cu-Au association at Bajo de la Alumbrera, Catamarca Province, Argentina",,Muller,2000,Bajo de la Alumbrera,Bajo de la Alumbrera,Cu-Au,K,,,,,,,,,,,,,,syn,1,,7.1,0.01,Buret 2016,8,1,Buret 2017,,,,,,,,,,,,,,Dacite,,,,,,,,65.1,15,5.81,1.19,6.417838,0.83,0.3,0.2,3.85,0.51,0.04,0.01,,7,,,,,,,100,,,,,,134,,,,,65,,,62,,,,,,0.5,,,,,,4,,,,,31,,,,,,,3,n.a.,4,,,,,,75,,,,,,5,,24,,n.a.,,2,,,,,81,,2,1,,115,,,,,,,,,,,,,,,,,,,,,1
51-48 544 m,,Paper,,"The shoshonite porphyry Cu-Au association at Bajo de la Alumbrera, Catamarca Province, Argentina",,Muller,2000,Bajo de la Alumbrera,Bajo de la Alumbrera,Cu-Au,K,,,,,,,,,,,,,,syn,1,,7.1,0.01,Buret 2016,8,1,Buret 2017,,,,,,,,,,,,,,Dacite,,,,,,,,66.8,9,4.49,7.12,11.160102,0.92,0.91,0.45,5.67,0.3,0.01,0.07,,4,,,,,,,100,,,,,,487,,,,,18,,,142,,,,,,0.5,,,,,,2,,,,,10,,,,,,,7,n.a.,6,,,,,,74,,,,,,2,,158,,n.a.,,1,,,,,195,,6,0.7,,72,,,,,,,,,,,,,,,,,,,,,1
53-52.4 309 m,,Paper,,"The shoshonite porphyry Cu-Au association at Bajo de la Alumbrera, Catamarca Province, Argentina",,Muller,2000,Bajo de la Alumbrera,Bajo de la Alumbrera,Cu-Au,K,,,,,,,,,,,,,,syn,1,,7.1,0.01,Buret 2016,8,1,Buret 2017,,,,,,,,,,,,,,Dacite,,,,,,,,59.9,15.4,1.41,4.4,5.668718,0.73,1.93,0.55,5.67,0.52,0.23,0.38,,9,,,,,,,99,,,,,,610,,,,,140,,,n.a.,,,,,,2,,,,,,4,,,,,73,,,,,,,34,60,n.a.,,,,,,127,,,,,,9,,12,,1,,10,,,,,n.a.,,39,3,,139,,,,,,,,,,,,,,,,,,,,,1
NP12AP003,,Paper,,"The anatomy of an alkalic porphyry Cu-Au system: geology and alteration at Northparkes Mines, New South Wales, Australia",Econ. Geol,Pacey et al,2019,Northparkes,Northparkes,Cu-Au,K,,,,,,,,,,596427.732,6355955.755,-279.039272,,pre,4,,441.5,4.5,Lickford et al 2003,452,,Pacey thesis,,,,,,,,,,,,,,trachyandesite,AND,,PRO 2,,,,,53.6,20.8,5.98,,5.96804,3.11,4.53,4.05,3.85,0.75,0.49,0.15,,3.04,,,,,,,100.91,<0.5,,1.3,0.008,,1055,,0.06,<0.5,38.3,,,13,<10,,1.07,270,3.59,2.26,1.31,,,19.5,4.01,,2.5,0.006,0.76,,,19.5,10,0.35,,,1,,6.4,18,3,,21,0.005,4.48,0.0006,52.8,,0.11,,0.6,,4.05,1,1285,0.4,0.62,0.02,2.78,,,0.35,0.87,196,1,21.3,2.25,60,91,,,,,,,,,,,,,,,,,,,,,0
NP12AP004,,Paper,,"The anatomy of an alkalic porphyry Cu-Au system: geology and alteration at Northparkes Mines, New South Wales, Australia",Econ. Geol,Pacey et al,2019,Northparkes,Northparkes,Cu-Au,K,,,,,,,,,,596425.4357,6355956.555,-275.2528113,,syn,1,,441.5,4.5,Lickford et al 2003,436.7,3.3,Pacey thesis,,,,,,,,,,,,,,biotite quartz monzonite,BQM,,PRO 1,,,,,51.5,20.6,5.32,,5.30936,3.39,3.21,3.55,4.57,0.5,0.38,0.12,,4.95,,,,,,,98.73,<0.5,,3.1,0.002,,695,,0.04,<0.5,34.3,,,6,<10,,2.54,11,2.82,1.82,1.03,,,19.9,3.03,,2.4,<0.005,0.6,,,17.5,20,0.28,,,2,,6.3,14.7,3,,11,0.001,3.72,<0.0005,77,,0.21,,0.5,,3.17,1,674,0.5,0.48,0.01,3.09,,,0.29,1.75,148,2,15.8,1.71,73,94,,,,,,,,,,,,,,,,,,,,,1
NP12AP006,,Paper,,"The anatomy of an alkalic porphyry Cu-Au system: geology and alteration at Northparkes Mines, New South Wales, Australia",Econ. Geol,Pacey et al,2019,Northparkes,Northparkes,Cu-Au,K,,,,,,,,,,596414.3244,6355960.343,-256.8243721,,late,1,,441.5,4.5,Lickford et al 2003,436.7,3.3,Pacey thesis,,,,,,,,,,,,,,aplite,APL,,PRO 1,,,,,64.1,17.2,1.7,,1.6966,0.92,2.57,5.3,2.07,0.26,0.07,0.1,,3.71,,,,,,,98.92,<0.5,,1.7,0.01,,242,,0.05,<0.5,39.8,,,3,<10,,0.62,6,2.49,2.01,0.58,,,14,2.42,,5,0.019,0.59,,,20.5,<10,0.46,,,3,,9.2,14.7,1,,5,<0.001,4.32,<0.0005,34.1,,0.07,,0.4,,2.87,<1,296,0.6,0.39,0.05,5.46,,,0.37,2.57,26,2,15.8,2.67,40,184,,,,,,,,,,,,,,,,,,,,,1
NP12AP007,,Paper,,"The anatomy of an alkalic porphyry Cu-Au system: geology and alteration at Northparkes Mines, New South Wales, Australia",Econ. Geol,Pacey et al,2019,Northparkes,Northparkes,Cu-Au,K,,,,,,,,,,596398.0857,6355965.64,-229.5873158,,syn,1,,441.5,4.5,Lickford et al 2003,436.7,3.3,Pacey thesis,,,,,,,,,,,,,,biotite quartz monzonite,BQM,,SER 3,,,,,53.6,18.95,3.75,,3.7425,2.76,4.68,0.09,4.23,0.46,0.34,0.12,,9.99,,,,,,,101.47,<0.5,,15.3,0.024,,152,,0.07,<0.5,28.9,,,8,<10,,1.52,6,2.21,1.53,0.78,,,18.5,2.69,,2.5,0.02,0.49,,,14.4,20,0.25,,,6,,6.5,12.3,51,,10,<0.001,3.26,0.0041,85,,0.09,,0.5,,2.7,1,384,0.5,0.39,0.14,3.19,,,0.24,1.78,139,3,13,1.5,37,101,,,,,,,,,,,,,,,,,,,,,1
NP12AP008,,Paper,,"The anatomy of an alkalic porphyry Cu-Au system: geology and alteration at Northparkes Mines, New South Wales, Australia",Econ. Geol,Pacey et al,2019,Northparkes,Northparkes,Cu-Au,K,,,,,,,,,,596372.0921,6355973.533,-185.2482088,,syn,1,,441.5,4.5,Lickford et al 2003,436.7,3.3,Pacey thesis,,,,,,,,,,,,,,biotite quartz monzonite,BQM,,SER 2,,,,,51.6,20.6,3.54,,3.53292,1.84,3.67,4.1,4.11,0.55,0.37,0.14,,6.75,,,,,,,98.9,<0.5,,3.3,0.002,,771,,0.14,<0.5,30.2,,,10,<10,,2.51,525,2.72,1.7,1.07,,,17.2,2.93,,2.3,0.01,0.56,,,15.6,<10,0.25,,,3,,5.5,13.5,1,,15,0.001,3.49,<0.0005,71.5,,0.19,,1.3,,3.09,1,661,0.3,0.47,0.05,2.53,,,0.25,1.28,123,2,15.4,1.63,43,78,,,,,,,,,,,,,,,,,,,,,1
NP12AP009,,Paper,,"The anatomy of an alkalic porphyry Cu-Au system: geology and alteration at Northparkes Mines, New South Wales, Australia",Econ. Geol,Pacey et al,2019,Northparkes,Northparkes,Cu-Au,K,,,,,,,,,,596345.4306,6355980.9,-138.8713227,,pre,4,,441.5,4.5,Lickford et al 2003,452,,Pacey thesis,,,,,,,,,,,,,,trachyandesite,AND,,PRO 2,,,,,49.5,18.5,7.22,,7.20556,4.08,5.88,3.76,3.4,0.69,0.47,0.24,,6.65,,,,,,,101.85,<0.5,,3.7,0.026,,971,,0.03,<0.5,32.9,,,17,<10,,1.61,232,3.34,2.13,1.32,,,17.3,3.63,,1.9,0.02,0.74,,,16.7,10,0.3,,,1,,4.4,15.8,10,,14,<0.001,3.84,<0.0005,44.8,,0.19,,0.8,,3.63,1,1015,0.3,0.6,0.02,2,,,0.3,1.02,234,1,19.3,2.01,102,64,,,,,,,,,,,,,,,,,,,,,0
NP12AP010,,Paper,,"The anatomy of an alkalic porphyry Cu-Au system: geology and alteration at Northparkes Mines, New South Wales, Australia",Econ. Geol,Pacey et al,2019,Northparkes,Northparkes,Cu-Au,K,,,,,,,,,,596344.6942,6355981.094,-137.5788718,,pre,4,,441.5,4.5,Lickford et al 2003,452,,Pacey thesis,,,,,,,,,,,,,,trachyandesite,AND,,PRO 2,,,,,49.5,18.7,7.66,,7.64468,4.53,4.33,3.68,3.49,0.78,0.47,0.27,,5.83,,,,,,,100.38,<0.5,,3.5,0.002,,978,,0.04,<0.5,30.6,,,19,<10,,1.52,140,3.21,2.02,1.13,,,16.6,3.53,,2,0.015,0.7,,,14.8,10,0.3,,,1,,4.7,14.6,8,,14,0.009,3.63,0.0009,47.2,,0.21,,0.6,,3.36,1,974,0.3,0.55,0.02,2.54,,,0.3,0.79,219,1,18.8,1.79,119,70,,,,,,,,,,,,,,,,,,,,,0
NP12AP012,,Paper,,"The anatomy of an alkalic porphyry Cu-Au system: geology and alteration at Northparkes Mines, New South Wales, Australia",Econ. Geol,Pacey et al,2019,Northparkes,Northparkes,Cu-Au,K,,,,,,,,,,596337.8324,6355982.87,-125.5057734,,pre,4,,441.5,4.5,Lickford et al 2003,452,,Pacey thesis,,,,,,,,,,,,,,trachyandesite,AND,,PRO 2,,,,,48,18.45,7.49,,7.47502,4.69,3.49,2.9,3.7,0.79,0.48,0.27,,8.08,,,,,,,100.22,0.6,,5.8,0.002,,1370,,0.08,<0.5,34.9,,,13,<10,,2.93,1460,4.2,2.4,1.43,,,17.9,4.49,,2.1,0.017,0.88,,,18.4,20,0.34,,,1,,4.7,17.9,6,,21,0.009,4.31,0.0008,53.1,,0.3,,1.3,,4.39,1,1190,0.3,0.72,0.05,2.11,,,0.35,0.73,236,1,23,2.28,108,69,,,,,,,,,,,,,,,,,,,,,0
NP12AP015,,Paper,,"The anatomy of an alkalic porphyry Cu-Au system: geology and alteration at Northparkes Mines, New South Wales, Australia",Econ. Geol,Pacey et al,2019,Northparkes,Northparkes,Cu-Au,K,,,,,,,,,,596305.5342,6355990.608,-68.00980244,,pre,4,,441.5,4.5,Lickford et al 2003,452,,Pacey thesis,,,,,,,,,,,,,,trachyandesite,AND,,PRO 4,,,,,44.2,19.65,8.32,,8.30336,2.76,5.9,1.43,2.67,0.71,0.49,0.27,,11.9,,,,,,,100.45,<0.5,,6.1,0.001,,177.5,,0.07,<0.5,25.9,,,14,<10,,4.28,46,2.88,1.76,1.02,,,16.7,2.86,,1.9,0.053,0.62,,,12.6,20,0.26,,,1,,4.6,12.2,4,,8,0.006,3.05,0.0008,50.4,,0.19,,0.5,,2.98,1,348,0.3,0.49,0.02,2.05,,,0.28,1.06,162,3,16.9,1.79,117,68,,,,,,,,,,,,,,,,,,,,,0
NP12AP016,,Paper,,"The anatomy of an alkalic porphyry Cu-Au system: geology and alteration at Northparkes Mines, New South Wales, Australia",Econ. Geol,Pacey et al,2019,Northparkes,Northparkes,Cu-Au,K,,,,,,,,,,596275.6391,6355996.888,-13.94329773,,pre,4,,441.5,4.5,Lickford et al 2003,452,,Pacey thesis,,,,,,,,,,,,,,trachyandesite,AND,,PRO 3,,,,,50.4,19.05,6.19,,6.17762,2.63,4.78,4.1,4.25,0.68,0.45,0.31,,5.7,,,,,,,100,<0.5,,3.6,0.002,,1170,,0.09,<0.5,33.5,,,10,<10,,1.41,295,3.33,1.91,1.14,,,17.8,3.32,,2.2,<0.005,0.68,,,16.8,10,0.31,,,<1,,5.2,15.5,5,,11,0.005,3.92,0.001,60.2,,0.3,,0.5,,3.58,1,1185,0.3,0.56,0.04,2.36,,,0.31,1.14,171,1,18.2,1.92,113,77,,,,,,,,,,,,,,,,,,,,,0
NP12AP017,,Paper,,"The anatomy of an alkalic porphyry Cu-Au system: geology and alteration at Northparkes Mines, New South Wales, Australia",Econ. Geol,Pacey et al,2019,Northparkes,Northparkes,Cu-Au,K,,,,,,,,,,596275.6391,6355996.888,-13.94329773,,pre,4,,441.5,4.5,Lickford et al 2003,452,,Pacey thesis,,,,,,,,,,,,,,trachyandesite,AND,,PRO 3,,,,,51.8,18.95,6.08,,6.06784,2.81,4.91,4.34,3.69,0.68,0.45,0.33,,5.13,,,,,,,100.39,<0.5,,3.5,0.004,,954,,0.06,<0.5,32.9,,,12,<10,,1.3,83,3.08,1.92,1.1,,,17.6,3.29,,2.3,0.005,0.65,,,17.9,10,0.3,,,<1,,5.1,15.3,4,,10,0.001,3.93,0.0007,51.3,,0.32,,0.5,,3.54,1,1070,0.3,0.52,0.1,2.33,,,0.3,1.07,167,1,17.1,1.89,126,76,,,,,,,,,,,,,,,,,,,,,0
NP12AP018,,Paper,,"The anatomy of an alkalic porphyry Cu-Au system: geology and alteration at Northparkes Mines, New South Wales, Australia",Econ. Geol,Pacey et al,2019,Northparkes,Northparkes,Cu-Au,K,,,,,,,,,,596251.8466,6356001.305,29.52442178,,pre,4,,441.5,4.5,Lickford et al 2003,452,,Pacey thesis,,,,,,,,,,,,,,trachyandesite,AND,,PRO 2,,,,,54.7,18.9,5.99,,5.97802,2.73,3.09,4.85,3.22,0.61,0.45,0.24,,3,,,,,,,98.23,<0.5,,2.8,0.002,,835,,0.07,<0.5,34.9,,,12,<10,,0.95,48,3.34,2.12,1.24,,,18.1,3.68,,2.2,0.008,0.74,,,17.9,10,0.33,,,16,,5.3,16.1,3,,11,0.01,4.05,0.0007,42.2,,0.13,,0.6,,3.59,1,1000,0.4,0.59,0.03,2.53,,,0.31,1.13,177,1,18.2,2.09,112,81,,,,,,,,,,,,,,,,,,,,,0
NP12AP019,,Paper,,"The anatomy of an alkalic porphyry Cu-Au system: geology and alteration at Northparkes Mines, New South Wales, Australia",Econ. Geol,Pacey et al,2019,Northparkes,Northparkes,Cu-Au,K,,,,,,,,,,596238.6941,6356003.531,53.6866524,,pre,4,,441.5,4.5,Lickford et al 2003,452,,Pacey thesis,,,,,,,,,,,,,,trachyandesite,AND,,PRO 1,,,,,50.6,19.75,6.92,,6.90616,4.17,2.58,3.7,4.34,0.71,0.46,0.16,,5.38,,,,,,,99.63,<0.5,,3.8,0.001,,830,,0.01,<0.5,35.6,,,21,<10,,1.53,29,2.96,1.86,1.07,,,18.5,3.36,,2.3,<0.005,0.63,,,17.8,10,0.29,,,<1,,5.4,16.7,5,,9,0.004,4.18,0.001,61.2,,0.24,,0.5,,3.54,1,673,0.3,0.5,0.02,2.5,,,0.3,0.75,164,1,16.1,1.83,125,81,,,,,,,,,,,,,,,,,,,,,0
NP12AP020,,Paper,,"The anatomy of an alkalic porphyry Cu-Au system: geology and alteration at Northparkes Mines, New South Wales, Australia",Econ. Geol,Pacey et al,2019,Northparkes,Northparkes,Cu-Au,K,,,,,,,,,,596228.63,6356005.135,72.2193861,,syn,1,,441.5,4.5,Lickford et al 2003,436.7,3.3,Pacey thesis,,,,,,,,,,,,,,biotite quartz monzonite,trachyte sill,,PRO 1,,,,,49.9,16.75,7.03,,7.01594,3.26,3.92,3.61,4.88,0.54,0.44,0.13,,7.55,,,,,,,99.83,<0.5,,4.1,0.002,,1075,,0.03,<0.5,64,,,15,10,,0.78,140,3.14,1.95,1.46,,,15.9,3.9,,2.4,<0.005,0.64,,,33.6,10,0.31,,,2,,8.8,25.5,14,,12,0.004,6.89,0.0008,74.4,,0.53,,0.6,,4.98,1,770,0.6,0.57,0.02,6.02,,,0.28,2.44,180,1,17.1,1.76,124,93,,,,,,,,,,,,,,,,,,,,,1
NP12AP021,,Paper,,"The anatomy of an alkalic porphyry Cu-Au system: geology and alteration at Northparkes Mines, New South Wales, Australia",Econ. Geol,Pacey et al,2019,Northparkes,Northparkes,Cu-Au,K,,,,,,,,,,596210.7862,6356007.772,105.0962914,,late,2,,441.5,4.5,Lickford et al 2003,436.7,3.3,Pacey thesis,,,,,,,,,,,,,,mafic zero porphyry,MZO,,PRO 2,,,,,52.5,15.95,6.86,,6.84628,5.13,3.84,2.11,3.05,0.51,0.42,0.24,,7.97,,,,,,,99.98,<0.5,,4.3,0.001,,513,,0.05,<0.5,74,,,16,10,,1,41,3.09,1.85,1.73,,,18,4.17,,2.4,<0.005,0.64,,,39.9,20,0.28,,,<1,,8.4,28.4,6,,18,0.004,7.7,0.001,48.4,,0.71,,0.6,,5.45,1,352,0.6,0.6,0.02,5.69,,,0.27,2.97,184,2,16.9,1.74,181,89,,,,,,,,,,,,,,,,,,,,,1
NP12AP022,,Paper,,"The anatomy of an alkalic porphyry Cu-Au system: geology and alteration at Northparkes Mines, New South Wales, Australia",Econ. Geol,Pacey et al,2019,Northparkes,Northparkes,Cu-Au,K,,,,,,,,,,596208.8816,6356008.038,108.6036728,,late,2,,441.5,4.5,Lickford et al 2003,436.7,3.3,Pacey thesis,,,,,,,,,,,,,,mafic zero porphyry,MZO,,PRO 1,,,,,48.8,16.85,7.11,,7.09578,5.03,4.25,2.46,4.97,0.54,0.42,0.26,,7.82,,,,,,,100.12,<0.5,,4.7,<0.001,,1185,,0.05,<0.5,58,,,16,10,,0.65,16,3.15,1.82,1.44,,,15.1,3.97,,2.4,<0.005,0.65,,,30.1,20,0.28,,,1,,8.7,23.1,7,,12,0.004,6.26,0.0007,70,,0.69,,0.6,,4.61,1,484,0.6,0.58,0.02,5.93,,,0.27,2.25,170,2,16.8,1.9,180,92,,,,,,,,,,,,,,,,,,,,,1
NP12AP023,,Paper,,"The anatomy of an alkalic porphyry Cu-Au system: geology and alteration at Northparkes Mines, New South Wales, Australia",Econ. Geol,Pacey et al,2019,Northparkes,Northparkes,Cu-Au,K,,,,,,,,,,596206.9765,6356008.3,112.1110571,,late,2,,441.5,4.5,Lickford et al 2003,436.7,3.3,Pacey thesis,,,,,,,,,,,,,,mafic zero porphyry,MZO,,PRO 2,,,,,49.9,17.55,7.96,,7.94408,4.19,5.51,3.29,3.56,0.75,0.36,0.25,,5.59,,,,,,,99.95,<0.5,,2.4,0.002,,867,,0.03,<0.5,28,,,23,10,,1,123,3.02,1.85,1.08,,,16.7,3.41,,1.9,0.007,0.59,,,13.6,10,0.27,,,2,,4,13.6,8,,17,0.01,3.33,0.0011,56.4,,0.73,,0.6,,3.34,1,809,0.2,0.53,0.02,1.65,,,0.29,0.88,244,2,17.4,1.65,128,64,,,,,,,,,,,,,,,,,,,,,1
NP12AP024,,Paper,,"The anatomy of an alkalic porphyry Cu-Au system: geology and alteration at Northparkes Mines, New South Wales, Australia",Econ. Geol,Pacey et al,2019,Northparkes,Northparkes,Cu-Au,K,,,,,,,,,,596189.9207,6356010.506,143.452593,,post,2,,441.5,4.5,Lickford et al 2003,436.7,3.3,Pacey thesis,,,,,,,,,,,,,,zero porphyry,ZRO,,PRO 1,,,,,58.9,16.8,4.07,,4.06186,2.28,2.87,2.39,4.29,0.33,0.13,0.16,,5.47,,,,,,,98.7,<0.5,,3.1,0.001,,691,,0.02,<0.5,33.4,,,7,<10,,1.18,6,2.02,1.3,0.83,,,16.8,2.11,,2.2,<0.005,0.46,,,18.2,10,0.24,,,<1,,4.8,12.2,2,,10,0.001,3.47,0.0008,72.9,,0.72,,0.3,,2.55,1,524,0.3,0.35,<0.01,2.49,,,0.22,1.26,88,2,12.5,1.47,75,79,,,,,,,,,,,,,,,,,,,,,1
NP12AP025,,Paper,,"The anatomy of an alkalic porphyry Cu-Au system: geology and alteration at Northparkes Mines, New South Wales, Australia",Econ. Geol,Pacey et al,2019,Northparkes,Northparkes,Cu-Au,K,,,,,,,,,,596449.3316,6355947.942,-314.2609086,,pre,4,,441.5,4.5,Lickford et al 2003,452,,Pacey thesis,,,,,,,,,,,,,,trachyandesite,AND,,PRO 3,,,,,48.8,19.2,7.47,,7.45506,5.62,3.5,2.64,3.91,0.83,0.5,0.26,,4.53,,,,,,,97.62,<0.5,,2.7,0.002,,887,,0.03,<0.5,40,,,9,<10,,1.21,5,3.9,2.23,1.41,,,19.5,4.44,,2.5,<0.005,0.8,,,19.9,20,0.35,,,2,,5.9,19.6,6,,16,0.009,4.72,0.001,70.8,,0.23,,0.7,,4.41,1,659,0.3,0.67,0.03,2.57,,,0.35,1.36,242,7,22.3,2.14,83,88,,,,,,,,,,,,,,,,,,,,,0
NP12AP026,,Paper,,"The anatomy of an alkalic porphyry Cu-Au system: geology and alteration at Northparkes Mines, New South Wales, Australia",Econ. Geol,Pacey et al,2019,Northparkes,Northparkes,Cu-Au,K,,,,,,,,,,596445.7168,6355949.286,-308.4192718,,syn,1,,441.5,4.5,Lickford et al 2003,436.7,3.3,Pacey thesis,,,,,,,,,,,,,,monzonite porphyry,E34POR,,PRO 1,,,,,67.1,15.3,2.76,,2.75448,2.06,1.54,2.65,5.36,0.25,0.08,0.08,,2.65,,,,,,,100.44,<0.5,,1.7,0.001,,1065,,0.12,<0.5,23.9,,,9,<10,,0.81,67,1.56,1.24,0.53,,,15.2,1.5,,2.6,0.005,0.34,,,15.2,10,0.24,,,1,,5.4,8.6,1,,8,<0.001,2.39,<0.0005,64.8,,0.22,,0.2,,1.81,1,477,0.3,0.26,0.04,3,,,0.2,1.35,59,1,10,1.48,29,99,,,,,,,,,,,,,,,,,,,,,1
NP12AP027,,Paper,,"The anatomy of an alkalic porphyry Cu-Au system: geology and alteration at Northparkes Mines, New South Wales, Australia",Econ. Geol,Pacey et al,2019,Northparkes,Northparkes,Cu-Au,K,,,,,,,,,,596434.4584,6355953.378,-290.0859083,,pre,4,,441.5,4.5,Lickford et al 2003,452,,Pacey thesis,,,,,,,,,,,,,,trachyandesite,AND,,PRO 3,,,,,51.7,19.3,6.49,,6.47702,3.89,3.38,3.34,3.95,0.7,0.46,0.19,,4.29,,,,,,,98.23,<0.5,,2,0.007,,830,,0.09,<0.5,33.7,,,9,<10,,1.63,230,3.27,2.08,1.28,,,16.9,3.53,,2.2,<0.005,0.69,,,17.7,10,0.3,,,1,,5.2,15.6,3,,19,0.005,4,0.0009,56.1,,0.27,,0.7,,3.67,1,739,0.3,0.58,0.03,2.38,,,0.32,0.53,167,2,19.4,1.88,66,78,,,,,,,,,,,,,,,,,,,,,0
NP12AP030,,Paper,,"The anatomy of an alkalic porphyry Cu-Au system: geology and alteration at Northparkes Mines, New South Wales, Australia",Econ. Geol,Pacey et al,2019,Northparkes,Northparkes,Cu-Au,K,,,,,,,,,,596520.3183,6355918.553,-423.3404758,,syn,1,,441.5,4.5,Lickford et al 2003,436.7,3.3,Pacey thesis,,,,,,,,,,,,,,biotite quartz monzonite,BQM,,PRO 3,,,,,53.5,18.95,6.63,,6.61674,3.07,3.99,4.82,3.54,0.69,0.43,0.26,,3.59,,,,,,,100.03,<0.5,,1.7,0.003,,895,,0.05,<0.5,37.2,,,12,<10,,0.53,98,3.44,2.11,1.42,,,17.9,3.64,,2.1,<0.005,0.65,,,18.9,10,0.3,,,1,,5.1,17.7,3,,11,0.002,4.43,0.0006,53.5,,0.12,,0.7,,3.83,1,809,0.3,0.56,0.01,2.49,,,0.3,1.21,160,2,19.3,1.94,64,76,,,,,,,,,,,,,,,,,,,,,1
NP12AP031,,Paper,,"The anatomy of an alkalic porphyry Cu-Au system: geology and alteration at Northparkes Mines, New South Wales, Australia",Econ. Geol,Pacey et al,2019,Northparkes,Northparkes,Cu-Au,K,,,,,,,,,,596505.0627,6355925.292,-400.849312,,syn,1,,441.5,4.5,Lickford et al 2003,436.7,3.3,Pacey thesis,,,,,,,,,,,,,,biotite quartz monzonite,BQM,,PRO 4,,,,,54.1,20.4,6.32,,6.30736,4.45,3.47,0.41,6.11,0.72,0.43,0.3,,4.86,,,,,,,102.3,<0.5,,22.5,0.005,,1190,,0.29,<0.5,36.2,,,8,<10,,1.53,14,3.14,1.94,1.1,,,20.9,3.63,,2.3,0.006,0.64,,,18.1,20,0.32,,,1,,5.6,17.2,6,,11,0.002,4.28,0.0005,136.5,,0.37,,0.6,,3.76,1,276,0.3,0.56,0.08,2.56,,,0.29,1.27,175,5,18.3,1.84,75,86,,,,,,,,,,,,,,,,,,,,,1
NP12AP032,,Paper,,"The anatomy of an alkalic porphyry Cu-Au system: geology and alteration at Northparkes Mines, New South Wales, Australia",Econ. Geol,Pacey et al,2019,Northparkes,Northparkes,Cu-Au,K,,,,,,,,,,596484.6609,6355934.005,-369.9982959,,syn,1,,441.5,4.5,Lickford et al 2003,436.7,3.3,Pacey thesis,,,,,,,,,,,,,,biotite quartz monzonite,BQM,,PRO 2,,,,,53.5,18.5,6.32,,6.30736,3.67,3.05,5.07,3.12,0.58,0.41,0.23,,3.12,,,,,,,97.93,<0.5,,2,0.001,,874,,0.05,<0.5,40.9,,,10,<10,,0.67,38,3.41,2.06,1.56,,,18.1,3.9,,2.1,<0.005,0.73,,,21.6,10,0.31,,,1,,4.8,19.1,1,,12,0.002,4.77,0.0014,43.3,,0.1,,0.7,,4.34,1,648,0.4,0.6,0.03,2.28,,,1.31,1.23,156,2,18.7,1.99,57,74,,,,,,,,,,,,,,,,,,,,,1
NP12AP033,,Paper,,"The anatomy of an alkalic porphyry Cu-Au system: geology and alteration at Northparkes Mines, New South Wales, Australia",Econ. Geol,Pacey et al,2019,Northparkes,Northparkes,Cu-Au,K,,,,,,,,,,596483.598,6355934.445,-368.3622961,,pre,4,,441.5,4.5,Lickford et al 2003,452,,Pacey thesis,,,,,,,,,,,,,,trachyandesite,AND,,PRO 3,,,,,50.6,18.45,8.78,,8.76244,5.12,5.74,3.38,2.78,0.87,0.5,0.36,,4.18,,,,,,,101.33,<0.5,,2,0.002,,764,,0.05,<0.5,35.1,,,19,10,,0.59,119,3.86,2.22,1.38,,,18.5,4.21,,1.9,<0.005,0.83,,,17.2,10,0.33,,,1,,4.6,16.9,10,,14,0.01,4.14,0.0012,42.2,,0.17,,0.6,,4.18,1,1065,0.2,0.66,0.02,1.88,,,0.33,0.8,269,2,22,2.14,99,65,,,,,,,,,,,,,,,,,,,,,0
NP12AP034,,Paper,,"The anatomy of an alkalic porphyry Cu-Au system: geology and alteration at Northparkes Mines, New South Wales, Australia",Econ. Geol,Pacey et al,2019,Northparkes,Northparkes,Cu-Au,K,,,,,,,,,,596618.5654,6355874.346,-570.0186638,,syn,1,,441.5,4.5,Lickford et al 2003,436.7,3.3,Pacey thesis,,,,,,,,,,,,,,biotite quartz monzonite,BQM,,PRO 4,,,,,44.9,17.4,11.55,,11.5269,7.55,5.03,2.28,0.98,0.76,0.33,0.64,,6.53,,,,,,,100.77,0.5,,2.3,0.004,,240,,0.87,<0.5,29.2,,,41,<10,,1.1,1650,2.75,1.76,1.07,,,18.2,3.06,,1.5,<0.005,0.61,,,15.4,30,0.27,,,1,,3.1,13.2,11,,17,0.007,3.31,0.0014,17.4,,0.13,,1.6,,3.05,1,578,0.2,0.49,0.39,1.44,,,0.26,0.91,281,2,15.3,1.7,110,51,,,,,,,,,,,,,,,,,,,,,1
NP12AP035,,Paper,,"The anatomy of an alkalic porphyry Cu-Au system: geology and alteration at Northparkes Mines, New South Wales, Australia",Econ. Geol,Pacey et al,2019,Northparkes,Northparkes,Cu-Au,K,,,,,,,,,,596608.0345,6355879.292,-553.751223,,syn,1,,441.5,4.5,Lickford et al 2003,436.7,3.3,Pacey thesis,,,,,,,,,,,,,,monzonite porphyry,E34POR,,PRO 3,,,,,63.2,15.35,2.78,,2.77444,1.12,5.08,2.92,5.07,0.25,0.08,0.21,,3.84,,,,,,,101.12,<0.5,,0.7,0.001,,1635,,0.07,<0.5,25.5,,,5,10,,0.34,8,1.49,1.16,0.48,,,15.5,1.44,,2.6,<0.005,0.36,,,15.5,<10,0.26,,,1,,5.9,8.3,2,,13,<0.001,2.46,<0.0005,67.9,,0.09,,0.2,,1.61,1,674,0.5,0.24,0.07,3.06,,,0.2,1.48,55,1,9.9,1.49,32,99,,,,,,,,,,,,,,,,,,,,,1
NP12AP036,,Paper,,"The anatomy of an alkalic porphyry Cu-Au system: geology and alteration at Northparkes Mines, New South Wales, Australia",Econ. Geol,Pacey et al,2019,Northparkes,Northparkes,Cu-Au,K,,,,,,,,,,596590.6774,6355887.281,-527.2761679,,syn,1,,441.5,4.5,Lickford et al 2003,436.7,3.3,Pacey thesis,,,,,,,,,,,,,,biotite quartz monzonite,BQM,,PRO 4,,,,,53.1,19.3,7.05,,7.0359,2.82,6.44,3.67,3.43,0.69,0.42,0.28,,3.09,,,,,,,100.82,<0.5,,8.7,0.008,,1155,,0.04,<0.5,40.1,,,14,<10,,0.5,5,3.73,2.36,1.53,,,20.8,4.18,,2.5,<0.005,0.79,,,20.4,10,0.34,,,3,,5.8,19.1,5,,16,0.002,4.8,0.0006,60,,0.16,,0.4,,4.46,1,1040,0.3,0.65,0.03,3.02,,,0.37,1.62,182,2,21.7,2.2,50,92,,,,,,,,,,,,,,,,,,,,,1
NP12AP037,,Paper,,"The anatomy of an alkalic porphyry Cu-Au system: geology and alteration at Northparkes Mines, New South Wales, Australia",Econ. Geol,Pacey et al,2019,Northparkes,Northparkes,Cu-Au,K,,,,,,,,,,596570.5849,6355896.332,-497.1200903,,syn,1,,441.5,4.5,Lickford et al 2003,436.7,3.3,Pacey thesis,,,,,,,,,,,,,,monzonite porphyry,E34POR,,PRO 0,,,,,66.7,15.5,2.81,,2.80438,0.93,2.54,4.21,4.62,0.25,0.08,0.12,,2.62,,,,,,,101.1,<0.5,,0.8,0.001,,1330,,0.03,<0.5,28.2,,,3,<10,,0.28,11,1.78,1.36,0.56,,,14.8,1.73,,2.6,<0.005,0.42,,,17,<10,0.26,,,1,,5.7,9.8,3,,7,<0.001,2.82,<0.0005,52.6,,0.1,,0.3,,1.98,1,770,0.5,0.3,0.01,3.1,,,0.24,1.54,63,1,11.7,1.44,35,99,,,,,,,,,,,,,,,,,,,,,1
NP12AP039,,Paper,,"The anatomy of an alkalic porphyry Cu-Au system: geology and alteration at Northparkes Mines, New South Wales, Australia",Econ. Geol,Pacey et al,2019,Northparkes,Northparkes,Cu-Au,K,,,,,,,,,,598191.7097,6357561.798,-154.94264,,pre,4,,441.5,4.5,Lickford et al 2003,452,,Pacey thesis,,,,,,,,,,,,,,trachyandesite,AND,,PRO 3,,,,,49.5,16.45,9.73,,9.71054,4.74,7,2.39,2.04,0.79,0.36,0.67,,4.23,,,,,,,100.77,<0.5,,8.6,0.005,,749,,0.47,3.5,31.7,,,25,10,,0.29,182,3.72,2.21,1.26,,,17.7,4.08,,1.8,0.036,0.75,,,15.5,10,0.32,,,3,,4,15.9,15,,17,0.012,3.8,0.0022,32.2,,0.44,,1.8,,3.85,2,1340,0.3,0.65,1.06,1.82,,,0.33,1.01,327,3,19.7,2.02,1270,63,,,,,,,,,,,,,,,,,,,,,0
NP12AP042,,Paper,,"The anatomy of an alkalic porphyry Cu-Au system: geology and alteration at Northparkes Mines, New South Wales, Australia",Econ. Geol,Pacey et al,2019,Northparkes,Northparkes,Cu-Au,K,,,,,,,,,,596717.4968,6355823.497,-733.7829882,,syn,1,,441.5,4.5,Lickford et al 2003,436.7,,Pacey thesis,,,,,,,,,,,,,,biotite quartz monzonite,BQM,,SER 1,,,,,61,17.9,3.64,,3.63272,0.94,1.75,5.73,5.17,0.37,0.15,0.11,,1.75,,,,,,,99.06,<0.5,,0.9,0.002,,974,,0.04,<0.5,44.1,,,3,<10,,0.28,9,3.64,2.47,1.08,,,17.7,3.68,,3.9,<0.005,0.77,,,22.9,10,0.43,,,3,,6.9,18.4,<1,,9,0.01,5.02,0.0008,69.8,,0.07,,0.6,,3.99,1,441,0.4,0.59,0.02,3.87,,,0.38,2.16,57,2,22.3,2.57,37,132,,,,,,,,,,,,,,,,,,,,,1
NP12AP044,,Paper,,"The anatomy of an alkalic porphyry Cu-Au system: geology and alteration at Northparkes Mines, New South Wales, Australia",Econ. Geol,Pacey et al,2019,Northparkes,Northparkes,Cu-Au,K,,,,,,,,,,596697.3801,6355834.316,-698.5374618,,pre,4,,441.5,4.5,Lickford et al 2003,452,,Pacey thesis,,,,,,,,,,,,,,trachyandesite,AND,,PRO 4,,,,,50.9,17.95,9.44,,9.42112,4.05,4.32,2.99,2.39,0.72,0.41,0.22,,6.92,,,,,,,104.78,<0.5,,3.5,0.007,,397,,0.61,<0.5,27.9,,,16,<10,,0.94,7,3.03,1.9,0.99,,,17.7,3.29,,2,<0.005,0.64,,,13.9,10,0.29,,,4,,4.7,13.5,5,,13,0.009,3.36,0.0007,67.8,,0.1,,1.8,,3.27,1,688,0.3,0.54,0.47,2.04,,,0.27,1.06,259,4,17.6,1.8,54,68,,,,,,,,,,,,,,,,,,,,,0
NP12AP045,,Paper,,"The anatomy of an alkalic porphyry Cu-Au system: geology and alteration at Northparkes Mines, New South Wales, Australia",Econ. Geol,Pacey et al,2019,Northparkes,Northparkes,Cu-Au,K,,,,,,,,,,596686.6688,6355840.017,-680.1865252,,syn,1,,441.5,4.5,Lickford et al 2003,436.7,,Pacey thesis,,,,,,,,,,,,,,biotite quartz monzonite,BQM,,PRO 4,,,,,48.7,18.7,8.66,,8.64268,2.7,8.98,3.12,2.16,0.73,0.43,0.39,,4.6,,,,,,,101.1,<0.5,,10.6,0.004,,826,,0.27,<0.5,42.5,,,10,<10,,0.14,6,3.65,2.15,1.74,,,22,4.03,,1.7,<0.005,0.76,,,21.7,10,0.3,,,2,,4.5,20.1,2,,16,0.002,4.96,<0.0005,35.2,,0.55,,0.9,,4.44,1,1665,0.2,0.64,0.2,1.82,,,0.33,0.94,182,4,20.4,2,49,59,,,,,,,,,,,,,,,,,,,,,1
NP12AP046,,Paper,,"The anatomy of an alkalic porphyry Cu-Au system: geology and alteration at Northparkes Mines, New South Wales, Australia",Econ. Geol,Pacey et al,2019,Northparkes,Northparkes,Cu-Au,K,,,,,,,,,,596674.8253,6355846.249,-660.2643621,,pre,4,,441.5,4.5,Lickford et al 2003,452,,Pacey thesis,,,,,,,,,,,,,,trachyandesite,AND,,PRO 4,,,,,51.6,15.6,8.82,,8.80236,3.97,8.44,1.26,3.48,0.85,0.37,0.6,,5.59,,,,,,,102.94,<0.5,,3.6,0.011,,1670,,0.42,<0.5,27.1,,,19,10,,0.5,10,3.31,1.97,1.14,,,17.8,3.55,,1.8,<0.005,0.72,,,13.3,10,0.28,,,1,,4,13.8,14,,20,0.013,3.28,0.0019,51.2,,0.36,,0.7,,3.23,2,763,0.2,0.58,0.33,1.78,,,0.31,1.19,241,3,18.7,1.85,75,63,,,,,,,,,,,,,,,,,,,,,0
NP12AP047,,Paper,,"The anatomy of an alkalic porphyry Cu-Au system: geology and alteration at Northparkes Mines, New South Wales, Australia",Econ. Geol,Pacey et al,2019,Northparkes,Northparkes,Cu-Au,K,,,,,,,,,,596674.1294,6355846.613,-659.1052395,,pre,4,,441.5,4.5,Lickford et al 2003,452,,Pacey thesis,,,,,,,,,,,,,,trachyandesite,AND,,MAG 1,,,,,51.1,17.8,10.1,,10.0798,4.86,7.28,3.65,3.25,0.92,0.42,0.29,,1.25,,,,,,,101.28,<0.5,,3,0.013,,826,,0.04,<0.5,30,,,24,10,,0.7,124,3.53,2.11,1.14,,,18.4,3.82,,2,<0.005,0.71,,,14.2,10,0.31,,,2,,4.3,15.3,15,,19,0.012,3.61,0.0017,54.7,,0.15,,0.5,,3.61,1,1310,0.3,0.61,0.01,1.95,,,0.33,1.13,306,1,19.6,2.03,94,68,,,,,,,,,,,,,,,,,,,,,0
NP12AP048,,Paper,,"The anatomy of an alkalic porphyry Cu-Au system: geology and alteration at Northparkes Mines, New South Wales, Australia",Econ. Geol,Pacey et al,2019,Northparkes,Northparkes,Cu-Au,K,,,,,,,,,,596675.8185,6355845.73,-661.9208079,,pre,4,,441.5,4.5,Lickford et al 2003,452,,Pacey thesis,,,,,,,,,,,,,,trachyandesite,AND,,MAG 2,,,,,50.9,17.45,9.88,,9.86024,4.74,7.43,3.38,3.34,0.91,0.4,0.26,,1.29,,,,,,,100.36,<0.5,,1.5,0.017,,890,,0.04,<0.5,30.5,,,27,10,,0.69,272,3.51,2.18,1.23,,,18.9,3.78,,2.1,<0.005,0.76,,,14.8,10,0.33,,,1,,4.6,15.4,17,,12,0.019,3.62,0.0017,49.3,,0.15,,0.5,,3.91,1,1310,0.3,0.6,0.02,2.05,,,0.32,1.02,317,1,20.3,2.05,126,71,,,,,,,,,,,,,,,,,,,,,0
NP12AP049,,Paper,,"The anatomy of an alkalic porphyry Cu-Au system: geology and alteration at Northparkes Mines, New South Wales, Australia",Econ. Geol,Pacey et al,2019,Northparkes,Northparkes,Cu-Au,K,,,,,,,,,,596705.1397,6355830.157,-712.0170295,,syn,1,,441.5,4.5,Lickford et al 2003,436.7,3.3,Pacey thesis,,,,,,,,,,,,,,biotite quartz monzonite,BQM,,PRO 3,,,,,51.9,19.45,6.96,,6.94608,2.37,4.94,5.3,2.81,0.71,0.47,0.2,,3.27,,,,,,,99.25,<0.5,,2.5,0.002,,920,,0.07,<0.5,37.7,,,9,<10,,0.2,11,2.97,1.76,1.35,,,17.8,3.56,,1.7,<0.005,0.58,,,19.2,<10,0.26,,,1,,4,16.9,1,,10,<0.001,4.34,<0.0005,37.8,,0.11,,0.4,,3.72,1,1600,0.2,0.51,0.07,1.81,,,0.26,1.12,136,1,16.6,1.58,46,61,,,,,,,,,,,,,,,,,,,,,1
NP12AP050,,Paper,,"The anatomy of an alkalic porphyry Cu-Au system: geology and alteration at Northparkes Mines, New South Wales, Australia",Econ. Geol,Pacey et al,2019,Northparkes,Northparkes,Cu-Au,K,,,,,,,,,,596703.6746,6355830.944,-709.4603251,,syn,1,,441.5,4.5,Lickford et al 2003,436.7,3.3,Pacey thesis,,,,,,,,,,,,,,biotite quartz monzonite,BQM,,PRO 1,,,,,53.4,19.95,6.48,,6.46704,2.09,5.22,4.65,3.73,0.65,0.43,0.17,,1.52,,,,,,,98.75,<0.5,,5,0.001,,1410,,0.02,<0.5,37.5,,,9,<10,,0.22,27,3.08,1.7,1.49,,,18.7,3.59,,1.5,<0.005,0.59,,,19,<10,0.26,,,1,,3.8,17.7,1,,7,<0.001,4.45,<0.0005,50.8,,0.08,,0.4,,3.81,1,2130,0.2,0.52,0.02,1.65,,,0.24,1.03,132,1,16.4,1.58,53,52,,,,,,,,,,,,,,,,,,,,,1
NP12AP051,,Paper,,"The anatomy of an alkalic porphyry Cu-Au system: geology and alteration at Northparkes Mines, New South Wales, Australia",Econ. Geol,Pacey et al,2019,Northparkes,Northparkes,Cu-Au,K,,,,,,,,,,596694.4718,6355835.869,-693.5245447,,syn,1,,441.5,4.5,Lickford et al 2003,436.7,3.3,Pacey thesis,,,,,,,,,,,,,,biotite quartz monzonite,BQM,,SER 2,,,,,51.8,19.65,6.63,,6.61674,2.28,5.48,4.53,3.54,0.6,0.48,0.17,,3.21,,,,,,,99.76,<0.5,,3.9,0.002,,1445,,0.07,<0.5,40.3,,,10,<10,,0.55,41,3.31,2,1.52,,,18.9,3.71,,1.3,0.005,0.69,,,21.2,<10,0.28,,,1,,4,18.7,1,,9,<0.001,4.69,<0.0005,48.6,,0.1,,1,,4.1,1,2090,0.3,0.55,0.08,1.62,,,0.29,0.91,152,1,18,1.73,82,52,,,,,,,,,,,,,,,,,,,,,1
NP12AP052,,Paper,,"The anatomy of an alkalic porphyry Cu-Au system: geology and alteration at Northparkes Mines, New South Wales, Australia",Econ. Geol,Pacey et al,2019,Northparkes,Northparkes,Cu-Au,K,,,,,,,,,,596801.1553,6355778.492,-886.6691877,,syn,1,,441.5,4.5,Lickford et al 2003,436.7,3.3,Pacey thesis,,,,,,,,,,,,,,biotite quartz monzonite,BQM,,SER 2,,,,,56.5,17.45,3.89,,3.88222,2.36,3.59,3.93,4.53,0.47,0.24,0.16,,6.02,,,,,,,100.84,<0.5,,2.1,0.001,,1240,,0.13,<0.5,31.9,,,4,<10,,1.62,3,2.54,1.77,0.95,,,15.5,2.89,,2.8,0.012,0.53,,,17.6,10,0.28,,,1,,5.4,14.3,1,,7,0.002,3.5,<0.0005,85,,0.12,,0.5,,3.14,1,589,0.5,0.44,0.04,2.69,,,0.27,1.47,92,2,14.6,1.75,32,105,,,,,,,,,,,,,,,,,,,,,1
NP12AP053,,Paper,,"The anatomy of an alkalic porphyry Cu-Au system: geology and alteration at Northparkes Mines, New South Wales, Australia",Econ. Geol,Pacey et al,2019,Northparkes,Northparkes,Cu-Au,K,,,,,,,,,,596764.1961,6355798.295,-818.2456737,,syn,1,,441.5,4.5,Lickford et al 2003,436.7,3.3,Pacey thesis,,,,,,,,,,,,,,biotite quartz monzonite,BQM,,SER 2,,,,,57.8,17.25,4.85,,4.8403,1.75,4.2,3.86,4.41,0.4,0.25,0.19,,3.99,,,,,,,99.98,<0.5,,2.5,0.001,,1035,,0.22,<0.5,38.5,,,4,<10,,1.32,212,3.19,2.04,1.02,,,17.5,3.44,,3,<0.005,0.7,,,20,10,0.36,,,2,,6,16.7,3,,12,0.002,4.42,<0.0005,85.1,,0.22,,0.7,,3.63,1,617,0.5,0.54,0.03,3.46,,,0.3,2.06,114,3,18.3,2,52,113,,,,,,,,,,,,,,,,,,,,,1
NP12AP054,,Paper,,"The anatomy of an alkalic porphyry Cu-Au system: geology and alteration at Northparkes Mines, New South Wales, Australia",Econ. Geol,Pacey et al,2019,Northparkes,Northparkes,Cu-Au,K,,,,,,,,,,596767.0983,6355796.734,-823.5564244,,syn,1,,441.5,4.5,Lickford et al 2003,436.7,3.3,Pacey thesis,,,,,,,,,,,,,,biotite quartz monzonite,BQM,,SER 2,,,,,56.7,17.25,4.94,,4.93012,1.96,2.53,4.09,5.18,0.4,0.25,0.13,,4.21,,,,,,,99.29,<0.5,,2.3,0.004,,1465,,0.47,<0.5,38.1,,,12,<10,,1.27,1310,3.04,2.02,1.01,,,17.3,3.41,,2.8,0.006,0.68,,,20.6,10,0.32,,,2,,5.3,16,2,,11,0.002,4.19,0.001,94.9,,0.08,,1.4,,3.49,1,688,0.4,0.5,0.16,3.12,,,0.29,1.84,118,4,17.8,1.93,61,112,,,,,,,,,,,,,,,,,,,,,1
NP12AP056,,Paper,,"The anatomy of an alkalic porphyry Cu-Au system: geology and alteration at Northparkes Mines, New South Wales, Australia",Econ. Geol,Pacey et al,2019,Northparkes,Northparkes,Cu-Au,K,,,,,,,,,,596873.0005,6355740.652,-1030.547127,,syn,1,,441.5,4.5,Lickford et al 2003,436.7,3.3,Pacey thesis,,,,,,,,,,,,,,biotite quartz monzonite,BQM,,PRO 2,,,,,58.6,17.95,5.35,,5.3393,1.62,3.97,4.56,5.05,0.43,0.28,0.14,,2.68,,,,,,,101.33,<0.5,,1.9,0.001,,1120,,0.03,<0.5,38.3,,,9,<10,,0.58,165,2.84,1.9,1.15,,,17.2,3.39,,2.9,0.005,0.65,,,20.3,10,0.32,,,2,,5.1,15.7,2,,9,0.002,4.2,<0.0005,73.5,,0.12,,0.5,,3.35,1,902,0.4,0.54,0.01,2.97,,,0.3,1.58,138,2,17.5,1.94,48,111,,,,,,,,,,,,,,,,,,,,,1
NP12AP057,,Paper,,"The anatomy of an alkalic porphyry Cu-Au system: geology and alteration at Northparkes Mines, New South Wales, Australia",Econ. Geol,Pacey et al,2019,Northparkes,Northparkes,Cu-Au,K,,,,,,,,,,596996.3002,6355885.414,-244.6261692,,pre,4,,441.5,4.5,Lickford et al 2003,452,,Pacey thesis,,,,,,,,,,,,,,volcanic conglomerate,CON,,KFS 1,,,,,54.2,19.2,6.78,,6.76644,2.99,3.81,5.1,3.86,0.69,0.42,0.21,,3.05,,,,,,,101.04,<0.5,,3.1,0.054,,957,,0.02,<0.5,33.4,,,15,<10,,0.32,604,3.13,2.04,1.18,,,17.8,3.65,,2.4,<0.005,0.69,,,16.5,10,0.3,,,5,,5.4,16,5,,10,0.015,3.89,0.0008,53.5,,0.12,,1.5,,3.74,2,1175,0.3,0.54,0.04,2.44,,,0.31,1.21,165,2,17.9,2.02,128,91,,,,,,,,,,,,,,,,,,,,,0
NP12AP058,,Paper,,"The anatomy of an alkalic porphyry Cu-Au system: geology and alteration at Northparkes Mines, New South Wales, Australia",Econ. Geol,Pacey et al,2019,Northparkes,Northparkes,Cu-Au,K,,,,,,,,,,596994.3029,6355885.327,-244.6836874,,pre,4,,441.5,4.5,Lickford et al 2003,452,,Pacey thesis,,,,,,,,,,,,,,volcanic conglomerate,CON,,MAG 1,,,,,52.8,18.5,6.06,,6.04788,2.51,4.83,4.03,4.73,0.59,0.4,0.2,,3.26,,,,,,,98.8,<0.5,,1.9,0.012,,1045,,0.02,<0.5,36,,,12,<10,,0.66,177,3.5,2.27,1.27,,,18.4,3.79,,2.3,<0.005,0.75,,,18.4,<10,0.34,,,2,,5.8,16.7,4,,12,0.007,4.26,0.0006,70,,0.11,,0.9,,3.79,1,1220,0.4,0.59,0.01,2.52,,,0.33,1.39,184,1,19.6,2.06,90,92,,,,,,,,,,,,,,,,,,,,,0
NP12AP061,,Paper,,"The anatomy of an alkalic porphyry Cu-Au system: geology and alteration at Northparkes Mines, New South Wales, Australia",Econ. Geol,Pacey et al,2019,Northparkes,Northparkes,Cu-Au,K,,,,,,,,,,597050.2258,6355887.77,-243.0503433,,syn,1,,441.5,4.5,Lickford et al 2003,436.7,3.3,Pacey thesis,,,,,,,,,,,,,,biotite quartz monzonite,CON,,PRO 3,,,,,52.2,18.8,6.8,,6.7864,2.85,3.73,3.73,3.96,0.65,0.43,0.58,,3.72,,,,,,,98.98,<0.5,,2,0.018,,1375,,0.6,17.6,33.2,,,15,<10,,0.74,519,3.09,2.01,1.08,,,18.2,3.61,,2.4,0.125,0.67,,,16.3,10,0.32,,,1,,5.8,16,5,,15,0.007,3.88,0.0008,54.2,,0.39,,1,,3.73,1,999,0.3,0.53,0.09,2.58,,,0.3,1.34,168,3,18,1.93,5090,98,,,,,,,,,,,,,,,,,,,,,1
NP12AP065,,Paper,,"The anatomy of an alkalic porphyry Cu-Au system: geology and alteration at Northparkes Mines, New South Wales, Australia",Econ. Geol,Pacey et al,2019,Northparkes,Northparkes,Cu-Au,K,,,,,,,,,,597147.0705,6355892.385,-240.0959757,,syn,1,,441.5,4.5,Lickford et al 2003,436.7,3.3,Pacey thesis,,,,,,,,,,,,,,biotite quartz monzonite,BQM,,PRO 2,,,,,58.3,17.7,5.02,,5.00996,2.16,3.57,3.46,4.44,0.42,0.26,0.47,,3.56,,,,,,,100.29,<0.5,,5.1,0.002,,821,,0.29,1.6,38.3,,,12,<10,,1.42,279,2.88,1.94,0.96,,,18,3.28,,3.5,0.007,0.61,,,20.4,10,0.32,,,2,,6.5,16.7,3,,26,0.003,4.31,<0.0005,69.7,,3.45,,0.4,,3.55,1,500,0.3,0.5,0.09,3.85,,,0.29,2.01,115,3,16.7,2.06,699,129,,,,,,,,,,,,,,,,,,,,,1
NP12AP066,,Paper,,"The anatomy of an alkalic porphyry Cu-Au system: geology and alteration at Northparkes Mines, New South Wales, Australia",Econ. Geol,Pacey et al,2019,Northparkes,Northparkes,Cu-Au,K,,,,,,,,,,597162.0418,6355893.173,-239.6076752,,syn,1,,441.5,4.5,Lickford et al 2003,436.7,3.3,Pacey thesis,,,,,,,,,,,,,,biotite quartz monzonite,BQM,,PRO 2,,,,,58.9,17.7,4.86,,4.85028,2.29,2.93,3.72,4.31,0.41,0.25,0.38,,3.31,,,,,,,99.85,<0.5,,2.9,0.002,,1065,,0.17,3,33.2,,,11,<10,,1.39,289,2.56,1.73,0.87,,,16.4,2.92,,3.4,0.005,0.54,,,17.1,10,0.3,,,1,,6.1,14.4,2,,17,0.003,3.58,<0.0005,62.3,,0.66,,0.4,,3.1,2,563,0.3,0.44,0.06,3.32,,,0.25,1.88,106,2,15.1,1.85,855,136,,,,,,,,,,,,,,,,,,,,,1
NP12AP068,,Paper,,"The anatomy of an alkalic porphyry Cu-Au system: geology and alteration at Northparkes Mines, New South Wales, Australia",Econ. Geol,Pacey et al,2019,Northparkes,Northparkes,Cu-Au,K,,,,,,,,,,597336.5889,6355904.245,-233.7669333,,syn,1,,441.5,4.5,Lickford et al 2003,436.7,3.3,Pacey thesis,,,,,,,,,,,,,,alkali feldspar granite,AFG,,SER 1,,,,,62.9,15.5,3.08,,3.07384,0.92,1.58,4.26,5.29,0.26,0.13,0.14,,2.97,,,,,,,97.77,<0.5,,3.6,0.001,,450,,0.13,<0.5,38.3,,,4,<10,,1.23,53,3.09,2.27,0.77,,,16,2.98,,4.9,<0.005,0.71,,,19.9,10,0.43,,,5,,9.2,15.3,1,,18,0.001,4.26,<0.0005,94.9,,0.18,,0.4,,3.36,2,285,0.7,0.5,0.01,6.22,,,0.38,3.4,61,2,19.6,2.64,200,197,,,,,,,,,,,,,,,,,,,,,1
NP12AP070,,Paper,,"The anatomy of an alkalic porphyry Cu-Au system: geology and alteration at Northparkes Mines, New South Wales, Australia",Econ. Geol,Pacey et al,2019,Northparkes,Northparkes,Cu-Au,K,,,,,,,,,,597231.1932,6355897.132,-237.3953024,,syn,1,,441.5,4.5,Lickford et al 2003,436.7,3.3,Pacey thesis,,,,,,,,,,,,,,biotite quartz monzonite,BQM,,PRO 2,,,,,58.5,16.85,4.53,,4.52094,1.98,3.84,2.65,4.96,0.36,0.22,0.56,,4.1,,,,,,,99.91,<0.5,,12.9,0.002,,1605,,0.32,<0.5,36.5,,,11,<10,,1.17,118,3.07,1.96,1,,,16.6,3.18,,3.1,<0.005,0.65,,,18.9,10,0.35,,,3,,6.4,15.9,3,,17,0.001,4.24,0.0006,90.3,,0.77,,0.7,,3.35,1,635,0.5,0.51,0.09,3.79,,,0.31,1.99,103,3,17.7,2.12,305,121,,,,,,,,,,,,,,,,,,,,,1
NP12AP071,,Paper,,"The anatomy of an alkalic porphyry Cu-Au system: geology and alteration at Northparkes Mines, New South Wales, Australia",Econ. Geol,Pacey et al,2019,Northparkes,Northparkes,Cu-Au,K,,,,,,,,,,597221.9143,6355896.585,-237.6991044,,syn,1,,441.5,4.5,Lickford et al 2003,436.7,3.3,Pacey thesis,,,,,,,,,,,,,,biotite quartz monzonite,BQM,,PRO 2,,,,,57,17.35,4.63,,4.62074,2.43,3.42,3.49,4.42,0.4,0.24,0.35,,4.14,,,,,,,98.82,<0.5,,7.5,0.003,,937,,0.14,<0.5,34.1,,,10,<10,,1.04,277,2.65,1.8,0.89,,,16.8,3.11,,3.4,0.006,0.57,,,17.2,10,0.31,,,3,,5.9,14.9,2,,19,0.001,3.66,<0.0005,71,,0.83,,0.5,,3.25,1,505,0.2,0.46,0.05,3.68,,,0.28,2.11,100,2,16,1.86,486,129,,,,,,,,,,,,,,,,,,,,,1
NP12AP073,,Paper,,"The anatomy of an alkalic porphyry Cu-Au system: geology and alteration at Northparkes Mines, New South Wales, Australia",Econ. Geol,Pacey et al,2019,Northparkes,Northparkes,Cu-Au,K,,,,,,,,,,597172.0218,6355893.715,-239.2824467,,syn,1,,441.5,4.5,Lickford et al 2003,436.7,3.3,Pacey thesis,,,,,,,,,,,,,,biotite quartz monzonite,BQM,,PRO 3,,,,,61.1,16.15,5.16,,5.14968,2.45,4.61,2.22,3.66,0.37,0.22,0.34,,2.88,,,,,,,99.64,<0.5,,3.7,0.001,,885,,0.07,<0.5,37.6,,,8,<10,,1.02,4,2.75,1.85,1.06,,,18,3.02,,3.3,<0.005,0.62,,,19.8,10,0.32,,,1,,6.2,15.5,3,,17,0.002,4.23,<0.0005,59.9,,0.33,,0.4,,3.27,1,615,0.5,0.48,0.05,3.59,,,0.3,1.96,137,3,17,2.01,220,129,,,,,,,,,,,,,,,,,,,,,1
NP12AP074,,Paper,,"The anatomy of an alkalic porphyry Cu-Au system: geology and alteration at Northparkes Mines, New South Wales, Australia",Econ. Geol,Pacey et al,2019,Northparkes,Northparkes,Cu-Au,K,,,,,,,,,,597211.9363,6355896.003,-238.0195094,,syn,1,,441.5,4.5,Lickford et al 2003,436.7,3.3,Pacey thesis,,,,,,,,,,,,,,biotite quartz monzonite,BQM,,PRO 1,,,,,57.2,17.3,5.16,,5.14968,2.76,3.09,3.84,3.88,0.42,0.26,0.54,,4.36,,,,,,,100.21,<0.5,,3.6,0.003,,714,,0.37,<0.5,35.6,,,9,<10,,1.9,79,2.96,1.91,1.05,,,17.3,3.15,,2.7,<0.005,0.65,,,18.2,10,0.33,,,3,,5.8,15.5,3,,14,0.003,4,0.0006,72,,0.43,,0.5,,3.71,1,435,0.5,0.5,0.19,3.15,,,0.3,1.85,124,3,17.4,2.03,521,106,,,,,,,,,,,,,,,,,,,,,1
NP12AP075,,Paper,,"The anatomy of an alkalic porphyry Cu-Au system: geology and alteration at Northparkes Mines, New South Wales, Australia",Econ. Geol,Pacey et al,2019,Northparkes,Northparkes,Cu-Au,K,,,,,,,,,,597381.4082,6355907.891,-232.0552263,,syn,1,,441.5,4.5,Lickford et al 2003,436.7,3.3,Pacey thesis,,,,,,,,,,,,,,biotite quartz monzonite,BQM,,PRO 1,,,,,60.8,17.05,4.44,,4.43112,1.76,3.01,4.85,4.43,0.37,0.23,0.18,,2.74,,,,,,,100.41,<0.5,,1.8,0.001,,745,,0.04,<0.5,34.9,,,9,<10,,0.76,87,3.01,1.99,0.95,,,17.6,3.08,,4.4,<0.005,0.65,,,18.1,10,0.36,,,4,,6.9,14.6,3,,13,0.002,3.94,<0.0005,72.9,,0.19,,0.4,,3.2,1,678,0.6,0.48,0.01,4.78,,,0.32,2.63,106,3,18.1,2.34,91,176,,,,,,,,,,,,,,,,,,,,,1
NP12AP076,,Paper,,"The anatomy of an alkalic porphyry Cu-Au system: geology and alteration at Northparkes Mines, New South Wales, Australia",Econ. Geol,Pacey et al,2019,Northparkes,Northparkes,Cu-Au,K,,,,,,,,,,597443.217,6355913.365,-229.5869379,,syn,1,,441.5,4.5,Lickford et al 2003,436.7,3.3,Pacey thesis,,,,,,,,,,,,,,biotite quartz monzonite,BQM,,PRO 1,,,,,61.3,16.85,4.22,,4.21156,1.78,2.38,4.88,4.73,0.36,0.2,0.19,,2.28,,,,,,,99.65,<0.5,,1.6,0.001,,672,,0.06,<0.5,38.6,,,7,<10,,0.71,49,2.89,2.06,0.88,,,15.9,3.06,,3.2,<0.005,0.66,,,20.7,10,0.37,,,9,,6.9,15.8,2,,9,0.002,4.27,0.0006,76.6,,0.16,,0.5,,3.23,1,526,0.5,0.51,0.01,4.64,,,0.32,3,101,2,18.6,2.13,126,122,,,,,,,,,,,,,,,,,,,,,1
NP12AP079,,Paper,,"The anatomy of an alkalic porphyry Cu-Au system: geology and alteration at Northparkes Mines, New South Wales, Australia",Econ. Geol,Pacey et al,2019,Northparkes,Northparkes,Cu-Au,K,,,,,,,,,,597411.2722,6355910.487,-230.875151,,syn,1,,441.5,4.5,Lickford et al 2003,436.7,3.3,Pacey thesis,,,,,,,,,,,,,,alkali feldspar granite,AFG,,SER 1,,,,,64.7,16.1,2.96,,2.95408,1.22,1.32,4.84,5.19,0.25,0.12,0.1,,1.45,,,,,,,98.52,<0.5,,1.5,0.001,,456,,0.06,<0.5,39.5,,,5,<10,,0.54,21,3.08,2.31,0.76,,,16,3.05,,4.7,0.005,0.71,,,20,20,0.42,,,3,,8.4,15.5,3,,13,0.001,4.27,<0.0005,89.3,,0.15,,0.4,,3.31,1,298,0.7,0.49,0.01,5.82,,,0.38,3.16,56,2,19.9,2.68,79,185,,,,,,,,,,,,,,,,,,,,,1
NP12AP081,,Paper,,"The anatomy of an alkalic porphyry Cu-Au system: geology and alteration at Northparkes Mines, New South Wales, Australia",Econ. Geol,Pacey et al,2019,Northparkes,Northparkes,Cu-Au,K,,,,,,,,,,597610.1085,6355930.347,-222.6644293,,syn,1,,441.5,4.5,Lickford et al 2003,436.7,3.3,Pacey thesis,,,,,,,,,,,,,,biotite quartz monzonite,BQM,,PRO 2,,,,,60,17.1,4.36,,4.35128,1.38,2.94,4.18,4.37,0.36,0.21,0.33,,2.78,,,,,,,98.8,<0.5,,7.9,0.003,,857,,0.27,1.4,35.3,,,7,<10,,0.84,64,2.62,1.98,0.88,,,17.2,2.93,,3.6,0.053,0.57,,,17.8,10,0.32,,,3,,6.6,14.9,1,,29,0.002,3.9,<0.0005,70.2,,0.31,,0.5,,3.2,1,657,0.3,0.42,0.21,4.26,,,0.27,2.32,90,2,16.4,2.04,536,141,,,,,,,,,,,,,,,,,,,,,1
NP12AP082,,Paper,,"The anatomy of an alkalic porphyry Cu-Au system: geology and alteration at Northparkes Mines, New South Wales, Australia",Econ. Geol,Pacey et al,2019,Northparkes,Northparkes,Cu-Au,K,,,,,,,,,,597664.6977,6355936.587,-220.198252,,syn,1,,441.5,4.5,Lickford et al 2003,436.7,3.3,Pacey thesis,,,,,,,,,,,,,,biotite quartz monzonite,BQM,,PRO 2,,,,,59.5,17.05,4.32,,4.31136,1.64,3.56,3.84,4.53,0.37,0.21,0.33,,3.24,,,,,,,99.74,<0.5,,2.1,0.002,,907,,0.38,2.1,34.7,,,8,<10,,0.81,211,2.88,1.95,0.95,,,16.3,2.98,,3.7,0.032,0.64,,,17.6,10,0.34,,,1,,6.8,14.4,2,,19,0.001,3.9,<0.0005,77.9,,0.24,,0.6,,3.07,1,494,0.5,0.48,0.24,4.19,,,0.31,2.19,99,2,17.2,2.15,585,147,,,,,,,,,,,,,,,,,,,,,1
NP12AP083,,Paper,,"The anatomy of an alkalic porphyry Cu-Au system: geology and alteration at Northparkes Mines, New South Wales, Australia",Econ. Geol,Pacey et al,2019,Northparkes,Northparkes,Cu-Au,K,,,,,,,,,,597724.2321,6355943.465,-217.3133597,,syn,1,,441.5,4.5,Lickford et al 2003,436.7,3.3,Pacey thesis,,,,,,,,,,,,,,biotite quartz monzonite,BQM,,PRO 2,,,,,59.9,17.15,4.34,,4.33132,1.75,2.79,4.96,4.3,0.37,0.22,0.16,,2.41,,,,,,,98.79,<0.5,,2.6,0.001,,680,,0.12,<0.5,35.2,,,8,<10,,0.44,115,2.87,1.98,0.98,,,16.1,2.99,,3.5,<0.005,0.63,,,23.7,10,0.34,,,1,,6.6,15.1,2,,18,0.002,3.99,0.0005,64.3,,0.39,,0.6,,3.27,1,496,0.5,0.48,0.02,4.02,,,0.29,2.05,98,2,17.4,2.21,130,149,,,,,,,,,,,,,,,,,,,,,1
NP12AP086,,Paper,,"The anatomy of an alkalic porphyry Cu-Au system: geology and alteration at Northparkes Mines, New South Wales, Australia",Econ. Geol,Pacey et al,2019,Northparkes,Northparkes,Cu-Au,K,,,,,,,,,,598130.6103,6356718.164,-519.959777,,syn,1,,441.5,4.5,Lickford et al 2003,436.7,3.3,Pacey thesis,,,,,,,,,,,,,,alkali feldspar granite,AFG-S,,SER 3,,,,,72.5,11.85,0.88,,0.87824,0.62,1.76,2.08,4.58,0.22,0.12,0.02,,2.49,,,,,,,97.82,0.9,,120.5,0.127,,470,,0.17,<0.5,11.8,,,1,<10,,0.32,2760,1.16,0.93,0.38,,,12.9,1.17,,3.6,0.013,0.26,,,6.2,10,0.16,,,16,,5.2,5.1,1,,9,0.054,1.27,0.001,51.6,,0.39,,2.4,,1.23,1,197,0.4,0.21,0.12,4.06,,,0.14,0.71,49,4,7.5,0.99,53,127,,,,,,,,,,,,,,,,,,,,,1
NP12AP089,,Paper,,"The anatomy of an alkalic porphyry Cu-Au system: geology and alteration at Northparkes Mines, New South Wales, Australia",Econ. Geol,Pacey et al,2019,Northparkes,Northparkes,Cu-Au,K,,,,,,,,,,598168.7544,6356739.717,-455.4290155,,pre,4,,441.5,4.5,Lickford et al 2003,452,,Pacey thesis,,,,,,,,,,,,,,trachyte,TR,,KFS 2,,,,,59.7,17.1,3.97,,3.96206,1.13,1.59,5.42,5.35,0.57,0.31,0.05,,3.59,,,,,,,99.87,0.7,,1.8,0.142,,939,,0.11,<0.5,39.9,,,5,<10,,0.47,2050,3.32,2.19,1.11,,,17.5,3.92,,3.6,0.017,0.71,,,20.6,10,0.35,,,7,,8.2,18.7,2,,6,0.01,4.58,<0.0005,64,,0.05,,2.4,,4.12,2,482,0.4,0.61,0.12,3.94,,,0.34,1.73,96,2,19.5,2.19,83,133,,,,,,,,,,,,,,,,,,,,,0
NP12AP093,,Paper,,"The anatomy of an alkalic porphyry Cu-Au system: geology and alteration at Northparkes Mines, New South Wales, Australia",Econ. Geol,Pacey et al,2019,Northparkes,Northparkes,Cu-Au,K,,,,,,,,,,598364.8878,6356881.717,-59.70941589,,pre,4,,441.5,4.5,Lickford et al 2003,452,,Pacey thesis,,,,,,,,,,,,,,trachyandesite,AND,,PRO 4,,,,,51.3,18.15,9.22,,9.20156,4.42,7.82,2.3,1.25,0.8,0.39,0.34,,3.63,,,,,,,100.97,<0.5,,1.1,0.005,,276,,0.32,<0.5,28.1,,,9,<10,,0.55,1480,3.23,2.11,1.28,,,21.4,3.79,,1.9,<0.005,0.68,,,15.3,20,0.28,,,1,,4.2,15.3,9,,16,0.012,3.4,0.0012,20.8,,0.13,,0.9,,3.72,2,1120,0.1,0.57,0.21,1.81,,,0.29,0.82,292,4,18.5,1.8,132,69,,,,,,,,,,,,,,,,,,,,,0
NP12AP096,,Paper,,"The anatomy of an alkalic porphyry Cu-Au system: geology and alteration at Northparkes Mines, New South Wales, Australia",Econ. Geol,Pacey et al,2019,Northparkes,Northparkes,Cu-Au,K,,,,,,,,,,598337.5725,6356858.297,-117.2326324,,pre,4,,441.5,4.5,Lickford et al 2003,452,,Pacey thesis,,,,,,,,,,,,,,volcanic conglomerate,CON,,PRO 4,,,,,49.9,18.1,10.65,,10.6287,4.38,9.32,1.56,1.94,0.75,0.42,0.39,,4.36,,,,,,,103.68,<0.5,,7,0.004,,282,,0.18,<0.5,33.9,,,33,10,,0.72,251,3.58,2.3,1.63,,,24.5,4.39,,2.3,0.006,0.74,,,17.8,10,0.29,,,<1,,4.9,17.9,11,,21,0.012,4.12,0.0011,35.3,,0.18,,1.2,,4.44,2,1160,0.2,0.64,0.13,2.16,,,0.31,1.42,302,2,20.6,1.98,129,81,,,,,,,,,,,,,,,,,,,,,0
NP12AP097,,Paper,,"The anatomy of an alkalic porphyry Cu-Au system: geology and alteration at Northparkes Mines, New South Wales, Australia",Econ. Geol,Pacey et al,2019,Northparkes,Northparkes,Cu-Au,K,,,,,,,,,,598332.557,6356854.137,-127.664669,,pre,4,,441.5,4.5,Lickford et al 2003,452,,Pacey thesis,,,,,,,,,,,,,,trachyandesite,AND,,PRO 3,,,,,51.4,17.15,9.06,,9.04188,3.46,6.83,1.85,2.76,0.68,0.43,0.24,,3.48,,,,,,,98.71,<0.5,,3.2,0.002,,525,,0.07,<0.5,33.6,,,27,<10,,0.5,323,3.51,2.2,1.33,,,20.2,4.01,,2.4,<0.005,0.7,,,17.5,10,0.31,,,1,,5.7,17.1,7,,10,0.012,4,0.0009,49.1,,0.16,,1.3,,4.05,2,930,0.2,0.59,0.08,2.56,,,0.31,1.22,219,2,19.1,2,90,90,,,,,,,,,,,,,,,,,,,,,0
NP12AP098,,Paper,,"The anatomy of an alkalic porphyry Cu-Au system: geology and alteration at Northparkes Mines, New South Wales, Australia",Econ. Geol,Pacey et al,2019,Northparkes,Northparkes,Cu-Au,K,,,,,,,,,,598321.3611,6356845.073,-150.7961004,,pre,4,,441.5,4.5,Lickford et al 2003,452,,Pacey thesis,,,,,,,,,,,,,,trachyandesite,AND,,PRO 2,,,,,54.1,18.65,9.03,,9.01194,3.39,5.25,3.41,2.49,0.7,0.42,0.19,,2.22,,,,,,,100.09,<0.5,,2.6,0.002,,572,,0.04,<0.5,31.5,,,14,<10,,0.51,317,3.25,2.11,1.33,,,20.4,3.7,,2.2,<0.005,0.69,,,15.9,10,0.3,,,1,,5,16.2,6,,5,0.009,3.77,0.0008,38.6,,0.11,,0.4,,3.7,2,1145,0.2,0.54,0.03,2.25,,,0.29,1.47,230,2,18.4,1.99,69,81,,,,,,,,,,,,,,,,,,,,,0
NP12AP099,,Paper,,"The anatomy of an alkalic porphyry Cu-Au system: geology and alteration at Northparkes Mines, New South Wales, Australia",Econ. Geol,Pacey et al,2019,Northparkes,Northparkes,Cu-Au,K,,,,,,,,,,598304.528,6356831.764,-185.438064,,pre,4,,441.5,4.5,Lickford et al 2003,452,,Pacey thesis,,,,,,,,,,,,,,trachyandesite,AND,,PRO 2,,,,,53.8,17.15,8.21,,8.19358,3.89,4.22,3.34,2.67,0.68,0.44,0.16,,3.22,,,,,,,98.67,<0.5,,3.3,0.002,,447,,0.05,<0.5,36,,,31,<10,,0.45,562,3.16,2.06,1.36,,,21.6,3.82,,2.5,<0.005,0.68,,,19,10,0.29,,,9,,5.6,17.7,9,,8,0.009,4.28,0.0009,55.4,,0.2,,1.5,,4.06,2,1010,0.7,0.59,0.04,2.59,,,0.32,1.31,219,2,18.9,1.88,67,97,,,,,,,,,,,,,,,,,,,,,0
NP12AP103,,Paper,,"The anatomy of an alkalic porphyry Cu-Au system: geology and alteration at Northparkes Mines, New South Wales, Australia",Econ. Geol,Pacey et al,2019,Northparkes,Northparkes,Cu-Au,K,,,,,,,,,,598252.0147,6356793.027,-293.2185939,,pre,4,,441.5,4.5,Lickford et al 2003,452,,Pacey thesis,,,,,,,,,,,,,,trachyandesite,AND,,MAG 2,,,,,50.9,19.05,8.88,,8.86224,3.9,4.17,3.73,2.72,0.73,0.46,0.08,,2.52,,,,,,,97.51,0.6,,2.9,0.025,,590,,0.06,<0.5,36.8,,,19,10,,0.84,1570,3.46,2.25,1.15,,,22.1,4.06,,2.8,<0.005,0.74,,,19.2,10,0.33,,,13,,6.4,17.8,10,,5,0.009,4.34,0.0008,56.5,,<0.05,,1.2,,4.06,1,907,0.3,0.62,0.03,2.96,,,0.33,1.51,238,2,20.5,2.18,41,105,,,,,,,,,,,,,,,,,,,,,0
NP12AP109,,Paper,,"The anatomy of an alkalic porphyry Cu-Au system: geology and alteration at Northparkes Mines, New South Wales, Australia",Econ. Geol,Pacey et al,2019,Northparkes,Northparkes,Cu-Au,K,,,,,,,,,,597978.2999,6356096.195,-245.3601165,,syn,1,,441.5,4.5,Lickford et al 2003,436.7,3.3,Pacey thesis,,,,,,,,,,,,,,biotite quartz monzonite,BQM,,SER 2,,,,,54.6,19.25,6.28,,6.26744,2.56,2.03,5.35,4.4,0.59,0.39,0.18,,2.71,,,,,,,99.55,<0.5,,2.7,0.009,,1265,,0.13,<0.5,40.1,,,20,<10,,0.54,1220,3.17,2.08,1.36,,,21.1,4.02,,2.3,<0.005,0.68,,,21.2,10,0.31,,,12,,5.3,19.1,4,,9,0.001,4.75,<0.0005,66.8,,0.09,,1.6,,4.36,1,942,0.2,0.54,0.07,2.56,,,0.32,1.19,149,3,18.2,2.05,131,93,,,,,,,,,,,,,,,,,,,,,1
NP12AP110,,Paper,,"The anatomy of an alkalic porphyry Cu-Au system: geology and alteration at Northparkes Mines, New South Wales, Australia",Econ. Geol,Pacey et al,2019,Northparkes,Northparkes,Cu-Au,K,,,,,,,,,,597948.5108,6356093.918,-244.1601758,,syn,1,,441.5,4.5,Lickford et al 2003,436.7,3.3,Pacey thesis,,,,,,,,,,,,,,biotite quartz monzonite,BQM,,PRO 4,,,,,54.5,20.7,5.95,,5.9381,3.14,3.45,3.69,5,0.6,0.43,0.24,,3.78,,,,,,,102.72,<0.5,,3.8,0.003,,1915,,0.33,<0.5,36.5,,,10,<10,,0.8,35,2.84,1.86,1.37,,,19.2,3.56,,1.9,<0.005,0.58,,,18.8,20,0.25,,,6,,4.5,18,1,,16,0.001,4.24,<0.0005,62.4,,0.21,,0.7,,3.86,1,924,0.1,0.5,0.28,2.02,,,0.26,1.06,120,3,16,1.75,140,69,,,,,,,,,,,,,,,,,,,,,1
NP12AP111,,Paper,,"The anatomy of an alkalic porphyry Cu-Au system: geology and alteration at Northparkes Mines, New South Wales, Australia",Econ. Geol,Pacey et al,2019,Northparkes,Northparkes,Cu-Au,K,,,,,,,,,,597903.6806,6356090.456,-242.354245,,syn,1,,441.5,4.5,Lickford et al 2003,436.7,3.3,Pacey thesis,,,,,,,,,,,,,,biotite quartz monzonite,BQM,,PRO 3,,,,,53.6,19.3,6.76,,6.74648,2.5,3.84,4.31,3.68,0.64,0.4,0.17,,2.14,,,,,,,98.06,<0.5,,1.9,0.001,,1200,,0.14,<0.5,39.2,,,10,<10,,0.47,158,3.27,1.97,1.36,,,18.3,3.73,,2.1,<0.005,0.68,,,20.9,10,0.28,,,2,,5.3,18.1,2,,15,0.002,4.58,0.0005,54.7,,0.11,,1,,3.87,1,1310,0.4,0.58,0.05,2.36,,,0.29,1.22,138,2,19.1,1.79,101,75,,,,,,,,,,,,,,,,,,,,,1
NP12AP112,,Paper,,"The anatomy of an alkalic porphyry Cu-Au system: geology and alteration at Northparkes Mines, New South Wales, Australia",Econ. Geol,Pacey et al,2019,Northparkes,Northparkes,Cu-Au,K,,,,,,,,,,597863.4578,6356087.702,-240.7335325,,pre,4,,441.5,4.5,Lickford et al 2003,452,,Pacey thesis,,,,,,,,,,,,,,trachyandesite,AND,,PRO 2,,,,,53.8,18.95,6.15,,6.1377,3.3,4.14,4.72,4.1,0.65,0.43,0.23,,2.16,,,,,,,99.09,<0.5,,5.1,0.029,,1035,,0.05,<0.5,32.1,,,13,<10,,0.41,326,2.9,1.95,1.18,,,18,3.64,,2.2,<0.005,0.64,,,16.5,20,0.29,,,2,,5,15.9,3,,18,0.01,3.76,0.0008,49.9,,0.16,,0.6,,3.54,1,1430,0.2,0.53,0.02,2.14,,,0.27,1.16,174,2,17.4,1.79,120,83,,,,,,,,,,,,,,,,,,,,,0
NP12AP113,,Paper,,"The anatomy of an alkalic porphyry Cu-Au system: geology and alteration at Northparkes Mines, New South Wales, Australia",Econ. Geol,Pacey et al,2019,Northparkes,Northparkes,Cu-Au,K,,,,,,,,,,597818.1193,6356085.143,-238.8458882,,pre,4,,441.5,4.5,Lickford et al 2003,452,,Pacey thesis,,,,,,,,,,,,,,trachyandesite,AND,,PRO 2,,,,,53.7,19.3,6.91,,6.89618,2.94,5.12,4.64,3.54,0.76,0.43,0.21,,2.53,,,,,,,100.72,<0.5,,4.1,0.005,,937,,0.06,<0.5,36,,,15,<10,,0.57,103,3.5,2.21,1.27,,,18.6,3.79,,2.6,<0.005,0.75,,,18.2,10,0.34,,,1,,5.7,16.8,8,,13,0.007,4.2,0.0014,49.3,,0.17,,0.6,,3.78,2,1420,0.4,0.6,0.01,2.45,,,0.33,1.35,217,1,20,2.04,115,86,,,,,,,,,,,,,,,,,,,,,0
NP12AP115,,Paper,,"The anatomy of an alkalic porphyry Cu-Au system: geology and alteration at Northparkes Mines, New South Wales, Australia",Econ. Geol,Pacey et al,2019,Northparkes,Northparkes,Cu-Au,K,,,,,,,,,,598428.1734,6356940.707,76.77511779,,pre,4,,441.5,4.5,Lickford et al 2003,452,,Pacey thesis,,,,,,,,,,,,,,trachyandesite,AND,,PRO 3,,,,,53.5,20,5.06,,5.04988,2.16,3.99,2.9,5.8,0.7,0.41,0.25,,2.4,,,,,,,97.58,<0.5,,3.4,0.002,,1295,,0.05,<0.5,34.4,,,11,<10,,0.93,147,3.34,2.2,1.12,,,18,3.72,,2.6,<0.005,0.69,,,17.4,10,0.32,,,2,,5.9,15.9,2,,159,0.004,3.96,0.0006,76,,0.29,,0.5,,3.54,1,1260,0.4,0.57,0.06,2.71,,,0.33,1.24,151,1,20.1,2.1,151,85,,,,,,,,,,,,,,,,,,,,,0
NP12AP118,,Paper,,"The anatomy of an alkalic porphyry Cu-Au system: geology and alteration at Northparkes Mines, New South Wales, Australia",Econ. Geol,Pacey et al,2019,Northparkes,Northparkes,Cu-Au,K,,,,,,,,,,598405.0304,6356918.413,26.46161989,,pre,4,,441.5,4.5,Lickford et al 2003,452,,Pacey thesis,,,,,,,,,,,,,,trachyandesite,AND,,PRO 3,,,,,52.4,20.3,6.31,,6.29738,2.6,5.51,3.97,4.33,0.71,0.44,0.3,,2.62,,,,,,,99.89,<0.5,,2.6,0.001,,1065,,0.05,<0.5,30.3,,,6,<10,,0.35,187,3.07,1.85,1.17,,,17.4,3.38,,2,<0.005,0.64,,,14.9,<10,0.28,,,1,,4.6,14.6,2,,13,0.008,3.62,0.0007,61.7,,0.44,,0.5,,3.26,1,1390,0.4,0.54,0.02,2,,,0.28,1.23,174,1,17.2,1.79,179,68,,,,,,,,,,,,,,,,,,,,,0
NP13AP012,,Paper,,"The anatomy of an alkalic porphyry Cu-Au system: geology and alteration at Northparkes Mines, New South Wales, Australia",Econ. Geol,Pacey et al,2019,Northparkes,Northparkes,Cu-Au,K,,,,,,,,,,598440.9804,6356953.309,104.7523852,,pre,4,,441.5,4.5,Lickford et al 2003,452,,Pacey thesis,,,,,,,,,,,,,,trachyandesite,AND,,PRO 3,,,,,54.2,18.55,5.69,,5.67862,1.68,6.03,5.78,2.22,0.64,0.44,0.28,,2.61,,,,,,,98.83,<0.5,,8.3,0.002,,587,,0.04,<0.5,36.4,,,13,10,,0.16,134,2.94,2.02,1.3,,,19.4,3.53,,2.8,0.02,0.63,,,17.6,<10,0.35,,,1,,6.5,17.4,2,,22,0.004,4.33,<0.0005,28.8,,1.09,,1,,3.88,1,1335,0.5,0.56,0.3,2.92,,,0.32,1.43,189,<1,20.2,2.17,167,98,,,,,,,,,,,,,,,,,,,,,0
NP13AP013,,Paper,,"The anatomy of an alkalic porphyry Cu-Au system: geology and alteration at Northparkes Mines, New South Wales, Australia",Econ. Geol,Pacey et al,2019,Northparkes,Northparkes,Cu-Au,K,,,,,,,,,,598440.9804,6356953.309,104.7523852,,pre,4,,441.5,4.5,Lickford et al 2003,452,,Pacey thesis,,,,,,,,,,,,,,trachyandesite,AND,,PRO 1,,,,,54.2,18.85,6.23,,6.21754,2.91,3.45,4.75,4.38,0.66,0.44,0.22,,2.67,,,,,,,99.4,0.7,,7,0.002,,951,,0.01,<0.5,37.3,,,13,<10,,0.59,130,3.62,2.26,1.28,,,21.3,3.95,,2.7,0.011,0.78,,,18.6,10,0.37,,,1,,6.4,18.1,1,,11,0.003,4.33,<0.0005,67.2,,0.59,,0.8,,4.17,1,1400,0.5,0.63,0.02,2.94,,,0.35,1.58,202,<1,23,2.14,107,97,,,,,,,,,,,,,,,,,,,,,0
NP13AP014,,Paper,,"The anatomy of an alkalic porphyry Cu-Au system: geology and alteration at Northparkes Mines, New South Wales, Australia",Econ. Geol,Pacey et al,2019,Northparkes,Northparkes,Cu-Au,K,,,,,,,,,,598464.1187,6356976.502,155.0180877,,pre,4,,441.5,4.5,Lickford et al 2003,452,,Pacey thesis,,,,,,,,,,,,,,volcanic conglomerate,CON,,PRO 2,,,,,52.5,19.4,6.63,,6.61674,2.85,3.3,2.98,6.11,0.68,0.44,0.24,,3.31,,,,,,,99,<0.5,,5.4,0.001,,1455,,0.01,<0.5,34.1,,,15,<10,,1.1,9,3.17,2.09,1.21,,,20.5,3.38,,2.8,0.018,0.66,,,16.5,10,0.34,,,<1,,6.5,16.6,2,,32,0.003,4.03,<0.0005,94.4,,0.65,,0.7,,3.91,1,1075,0.3,0.58,0.02,2.82,,,0.35,2.8,194,<1,19.9,2.05,153,94,,,,,,,,,,,,,,,,,,,,,0
NP13AP018,,Paper,,"The anatomy of an alkalic porphyry Cu-Au system: geology and alteration at Northparkes Mines, New South Wales, Australia",Econ. Geol,Pacey et al,2019,Northparkes,Northparkes,Cu-Au,K,,,,,,,,,,597777.292,6356361.074,-354.4834883,,syn,1,,441.5,4.5,Lickford et al 2003,436.7,3.3,Pacey thesis,,,,,,,,,,,,,,biotite quartz monzonite,BQM,,SER 1,,,,,63.9,16.7,4.82,,4.81036,1.52,1.28,4.48,4.99,0.3,0.17,0.05,,2.79,,,,,,,101.67,<0.5,,1.6,0.001,,561,,0.02,<0.5,35.4,,,7,<10,,0.82,111,2.82,2.06,0.74,,,18.1,2.57,,4.5,0.017,0.66,,,19.3,<10,0.38,,,3,,8.1,14.1,2,,8,0.001,4.03,<0.0005,86.8,,0.19,,0.5,,3.18,1,434,0.8,0.47,0.01,5.94,,,0.33,2.86,84,2,18.7,2.39,35,166,,,,,,,,,,,,,,,,,,,,,1
NP13AP019,,Paper,,"The anatomy of an alkalic porphyry Cu-Au system: geology and alteration at Northparkes Mines, New South Wales, Australia",Econ. Geol,Pacey et al,2019,Northparkes,Northparkes,Cu-Au,K,,,,,,,,,,597772.3416,6356355.915,-361.4751338,,syn,1,,441.5,4.5,Lickford et al 2003,436.7,3.3,Pacey thesis,,,,,,,,,,,,,,biotite quartz monzonite,BQM,,SER 2,,,,,63.3,16.3,3.68,,3.67264,1.27,1.46,3.52,4.99,0.29,0.17,0.05,,4.25,,,,,,,100.57,<0.5,,7.9,0.005,,796,,0.03,<0.5,35.1,,,6,10,,0.77,1115,2.61,1.76,0.75,,,17.9,2.61,,4.3,0.065,0.53,,,18.4,<10,0.38,,,13,,7.7,14.4,5,,10,0.001,3.87,<0.0005,96.2,,0.57,,0.9,,3.09,2,475,0.4,0.42,0.02,5.06,,,0.3,2.59,90,3,17.4,2.17,44,152,,,,,,,,,,,,,,,,,,,,,1
NP13AP020,,Paper,,"The anatomy of an alkalic porphyry Cu-Au system: geology and alteration at Northparkes Mines, New South Wales, Australia",Econ. Geol,Pacey et al,2019,Northparkes,Northparkes,Cu-Au,K,,,,,,,,,,597771.3507,6356354.886,-362.8746602,,syn,1,,441.5,4.5,Lickford et al 2003,436.7,3.3,Pacey thesis,,,,,,,,,,,,,,biotite quartz monzonite,BQM,,SER 3,,,,,66.9,14.9,2.22,,2.21556,1.57,2.82,0.11,4.13,0.27,0.15,0.05,,6.08,,,,,,,100.74,0.8,,122.5,0.008,,388,,0.04,<0.5,33.4,,,7,<10,,1.04,2340,2.52,1.79,0.6,,,15.4,2.47,,4.1,0.131,0.58,,,18.9,40,0.38,,,12,,7,13.6,2,,7,0.001,4.01,<0.0005,80.3,,0.62,,1.1,,2.88,2,277,0.6,0.38,0.02,4.66,,,0.28,1.97,78,5,16.5,2.08,51,161,,,,,,,,,,,,,,,,,,,,,1
NP13AP023,,Paper,,"The anatomy of an alkalic porphyry Cu-Au system: geology and alteration at Northparkes Mines, New South Wales, Australia",Econ. Geol,Pacey et al,2019,Northparkes,Northparkes,Cu-Au,K,,,,,,,,,,597724.0377,6356307.29,-428.6893896,,syn,1,,441.5,4.5,Lickford et al 2003,436.7,3.3,Pacey thesis,,,,,,,,,,,,,,biotite quartz monzonite,BQM,,SER 1,,,,,61.1,17.5,4.88,,4.87024,1.63,2.74,4.74,4.76,0.41,0.24,0.12,,1.28,,,,,,,99.76,<0.5,,1.5,0.001,,791,,0.01,<0.5,37.2,,,9,<10,,0.39,142,2.84,1.84,0.91,,,18.3,3.03,,3.9,0.008,0.65,,,18.8,10,0.39,,,2,,5.8,15.8,2,,7,0.001,4.36,<0.0005,70.3,,0.08,,0.6,,3.56,2,811,0.5,0.48,0.01,3.52,,,0.33,1.8,117,2,18.1,2.21,42,146,,,,,,,,,,,,,,,,,,,,,1
NP13AP024,,Paper,,"The anatomy of an alkalic porphyry Cu-Au system: geology and alteration at Northparkes Mines, New South Wales, Australia",Econ. Geol,Pacey et al,2019,Northparkes,Northparkes,Cu-Au,K,,,,,,,,,,597725.0681,6356308.292,-427.298553,,syn,1,,441.5,4.5,Lickford et al 2003,436.7,3.3,Pacey thesis,,,,,,,,,,,,,,biotite quartz monzonite,BQM,,PRO 2,,,,,61.2,16.8,4.67,,4.66066,1.64,2.4,4.28,4.61,0.37,0.23,0.18,,2.01,,,,,,,99.13,<0.5,,5.6,0.003,,730,,0.18,<0.5,35.3,,,12,<10,,0.68,123,2.83,1.79,0.86,,,18.1,2.93,,3.5,0.032,0.59,,,17.1,10,0.37,,,2,,7.8,15.3,2,,15,0.002,3.96,<0.0005,80.8,,0.27,,0.7,,3.27,1,626,0.4,0.5,0.07,4.44,,,0.31,2.14,111,2,18,2.24,133,109,,,,,,,,,,,,,,,,,,,,,1
NP13AP025,,Paper,,"The anatomy of an alkalic porphyry Cu-Au system: geology and alteration at Northparkes Mines, New South Wales, Australia",Econ. Geol,Pacey et al,2019,Northparkes,Northparkes,Cu-Au,K,,,,,,,,,,597703.214,6356287.34,-456.4086899,,syn,1,,441.5,4.5,Lickford et al 2003,436.7,3.3,Pacey thesis,,,,,,,,,,,,,,biotite quartz monzonite,BQM,,PRO 2,,,,,59.1,17.5,5.43,,5.41914,2.21,3.59,4.18,4.01,0.43,0.3,0.23,,2.37,,,,,,,99.84,<0.5,,1.5,0.004,,658,,0.12,1.1,35.3,,,10,<10,,0.57,226,2.98,1.86,0.96,,,19.3,3.08,,3.3,0.04,0.65,,,19.1,10,0.34,,,2,,6.5,15.4,2,,71,0.004,4.18,<0.0005,69.3,,0.15,,0.5,,3.58,2,776,0.5,0.5,0.05,4.31,,,0.35,2.01,145,3,19.7,2.18,228,130,,,,,,,,,,,,,,,,,,,,,1
NP13AP026,,Paper,,"The anatomy of an alkalic porphyry Cu-Au system: geology and alteration at Northparkes Mines, New South Wales, Australia",Econ. Geol,Pacey et al,2019,Northparkes,Northparkes,Cu-Au,K,,,,,,,,,,597648.078,6356237.239,-526.0719884,,syn,1,,441.5,4.5,Lickford et al 2003,436.7,3.3,Pacey thesis,,,,,,,,,,,,,,alkali feldspar granite,AFG,,PRO 2,,,,,66,15.6,2.97,,2.96406,0.78,1.87,4.28,4.78,0.21,0.1,0.15,,1.01,,,,,,,98.42,<0.5,,4.5,0.002,,421,,0.23,<0.5,35.3,,,6,<10,,0.44,66,2.7,1.9,0.57,,,17.6,2.62,,5.2,0.01,0.62,,,18.7,<10,0.42,,,<1,,10.3,13.6,1,,13,0.001,3.87,<0.0005,91.8,,0.32,,0.4,,3.16,1,407,0.9,0.44,0.13,7.61,,,0.37,3.83,50,3,19.4,2.4,48,191,,,,,,,,,,,,,,,,,,,,,1
NP13AP027,,Paper,,"The anatomy of an alkalic porphyry Cu-Au system: geology and alteration at Northparkes Mines, New South Wales, Australia",Econ. Geol,Pacey et al,2019,Northparkes,Northparkes,Cu-Au,K,,,,,,,,,,597646.9685,6356236.267,-527.422551,,syn,1,,441.5,4.5,Lickford et al 2003,436.7,3.3,Pacey thesis,,,,,,,,,,,,,,alkali feldspar granite,AFG,,SER 1,,,,,66.4,15.65,3.13,,3.12374,0.71,1.42,4.79,5.15,0.23,0.11,0.13,,0.46,,,,,,,98.31,<0.5,,7.5,<0.001,,453,,0.01,<0.5,39,,,5,10,,0.51,9,3.11,2.22,0.6,,,18.5,3.01,,5.9,0.006,0.67,,,19.9,<10,0.45,,,1,,11.1,15.3,1,,15,0.001,4.29,<0.0005,104.5,,1.67,,0.5,,3.36,1,470,0.6,0.53,<0.01,7.26,,,0.39,3.55,56,<1,22.1,2.75,49,201,,,,,,,,,,,,,,,,,,,,,1
NP13AP028,,Paper,,"The anatomy of an alkalic porphyry Cu-Au system: geology and alteration at Northparkes Mines, New South Wales, Australia",Econ. Geol,Pacey et al,2019,Northparkes,Northparkes,Cu-Au,K,,,,,,,,,,597662.3958,6356249.906,-508.4498043,,syn,1,,441.5,4.5,Lickford et al 2003,436.7,3.3,Pacey thesis,,,,,,,,,,,,,,alkali feldspar granite,AFG,,PRO 2,,,,,66.9,16.15,3.12,,3.11376,0.87,1.56,4.72,5.25,0.25,0.12,0.1,,0.96,,,,,,,100.24,<0.5,,1.7,0.001,,536,,0.02,<0.5,39.1,,,6,<10,,0.31,22,3.19,2.33,0.66,,,18.3,2.93,,5.9,0.008,0.71,,,21.6,<10,0.49,,,3,,9.8,14.6,1,,18,0.002,4.38,<0.0005,102,,0.15,,0.3,,3.28,1,481,0.8,0.5,<0.01,12.3,,,0.45,3.69,64,3,21.6,2.8,50,206,,,,,,,,,,,,,,,,,,,,,1
NP13AP029,,Paper,,"The anatomy of an alkalic porphyry Cu-Au system: geology and alteration at Northparkes Mines, New South Wales, Australia",Econ. Geol,Pacey et al,2019,Northparkes,Northparkes,Cu-Au,K,,,,,,,,,,597690.4991,6356275.459,-472.9366096,,syn,1,,441.5,4.5,Lickford et al 2003,436.7,3.3,Pacey thesis,,,,,,,,,,,,,,k-feldspar quartz monzonite,K-QMP,,SER 1,,,,,69.8,14.5,1.66,,1.65668,0.61,2.13,2.7,4.11,0.12,0.03,0.1,,3.28,,,,,,,99.72,<0.5,,5,<0.001,,797,,0.18,<0.5,17.2,,,2,<10,,0.59,16,0.64,0.54,0.27,,,18.9,0.56,,2.6,0.031,0.12,,,14,<10,0.18,,,<1,,3.4,3.8,1,,5,<0.001,1.13,<0.0005,81.5,,0.09,,0.4,,0.68,<1,441,0.1,0.11,0.05,2.92,,,0.13,1.36,35,<1,5.8,0.91,30,74,,,,,,,,,,,,,,,,,,,,,1
NP13AP030,,Paper,,"The anatomy of an alkalic porphyry Cu-Au system: geology and alteration at Northparkes Mines, New South Wales, Australia",Econ. Geol,Pacey et al,2019,Northparkes,Northparkes,Cu-Au,K,,,,,,,,,,597618.7974,6356211.87,-560.7547852,,syn,1,,441.5,4.5,Lickford et al 2003,436.7,3.3,Pacey thesis,,,,,,,,,,,,,,biotite quartz monzonite,BQM,,SER 1,,,,,62.3,16.35,4.27,,4.26146,1.28,2.72,4.82,4.61,0.35,0.21,0.14,,0.86,,,,,,,98.09,<0.5,,6.4,0.002,,749,,0.01,<0.5,33,,,9,10,,0.26,54,2.54,1.77,0.97,,,18.5,2.5,,4.1,0.016,0.56,,,16.8,<10,0.35,,,1,,7.2,13.4,2,,13,0.001,3.64,<0.0005,82.4,,0.64,,0.8,,2.78,1,799,0.5,0.47,<0.01,5.65,,,0.31,2.76,114,<1,18.2,2.31,60,130,,,,,,,,,,,,,,,,,,,,,1
NP13AP032A,,Paper,,"The anatomy of an alkalic porphyry Cu-Au system: geology and alteration at Northparkes Mines, New South Wales, Australia",Econ. Geol,Pacey et al,2019,Northparkes,Northparkes,Cu-Au,K,,,,,,,,,,597579.4767,6356178.315,-604.9337748,,syn,1,,441.5,4.5,Lickford et al 2003,436.7,3.3,Pacey thesis,,,,,,,,,,,,,,biotite quartz monzonite,BQM,,PRO 2,,,,,59,17.25,5.24,,5.22952,1.85,3.91,4.4,3.89,0.41,0.27,0.26,,3.07,,,,,,,99.73,<0.5,,2.2,0.001,,674,,0.04,<0.5,34.5,,,10,<10,,0.92,74,2.79,1.8,0.98,,,18.9,3.05,,3.8,0.017,0.63,,,17.2,<10,0.37,,,<1,,6,15.4,2,,15,0.002,3.9,<0.0005,66.4,,0.33,,0.8,,3.58,1,711,0.3,0.49,0.02,3.67,,,0.33,1.89,135,<1,19.2,2.16,77,142,,,,,,,,,,,,,,,,,,,,,1
NP13AP034,,Paper,,"The anatomy of an alkalic porphyry Cu-Au system: geology and alteration at Northparkes Mines, New South Wales, Australia",Econ. Geol,Pacey et al,2019,Northparkes,Northparkes,Cu-Au,K,,,,,,,,,,597566.5593,6356167.391,-618.9983496,,syn,1,,441.5,4.5,Lickford et al 2003,436.7,3.3,Pacey thesis,,,,,,,,,,,,,,biotite quartz monzonite,BQM,,PRO 3,,,,,58.1,17.05,5.33,,5.31934,2.05,4.27,1.51,5.11,0.41,0.26,0.52,,4.33,,,,,,,99.6,<0.5,,3.9,0.003,,1130,,0.29,0.5,33.8,,,11,<10,,1.65,170,2.55,1.74,1,,,18.6,2.86,,3.9,0.023,0.53,,,17,<10,0.34,,,1,,5.8,14.4,2,,20,0.003,3.89,<0.0005,119.5,,0.46,,0.7,,3.17,1,568,0.3,0.48,0.13,3.64,,,0.3,1.7,137,2,16.6,1.95,325,152,,,,,,,,,,,,,,,,,,,,,1
NP13AP037,,Paper,,"The anatomy of an alkalic porphyry Cu-Au system: geology and alteration at Northparkes Mines, New South Wales, Australia",Econ. Geol,Pacey et al,2019,Northparkes,Northparkes,Cu-Au,K,,,,,,,,,,597584.145,6356182.272,-599.7813601,,syn,1,,441.5,4.5,Lickford et al 2003,436.7,3.3,Pacey thesis,,,,,,,,,,,,,,biotite quartz monzonite,BQM,,PRO 4,,,,,56.5,17.25,7.77,,7.75446,2.42,5.97,0.12,3.9,0.43,0.26,0.93,,4.03,,,,,,,100.77,<0.5,,7,0.003,,557,,0.43,<0.5,35.7,,,22,<10,,1.51,248,3.2,1.96,1.38,,,21.7,3.43,,2.3,0.012,0.63,,,19.2,10,0.31,,,<1,,6.4,15.9,2,,13,0.002,4.15,<0.0005,123.5,,0.43,,1.5,,3.55,1,483,0.3,0.54,0.27,2.89,,,0.29,1.54,158,8,20,1.96,176,81,,,,,,,,,,,,,,,,,,,,,1
NP13AP038,,Paper,,"The anatomy of an alkalic porphyry Cu-Au system: geology and alteration at Northparkes Mines, New South Wales, Australia",Econ. Geol,Pacey et al,2019,Northparkes,Northparkes,Cu-Au,K,,,,,,,,,,597552.3118,6356155.408,-634.1443994,,syn,1,,441.5,4.5,Lickford et al 2003,436.7,3.3,Pacey thesis,,,,,,,,,,,,,,biotite quartz monzonite,BQM,,PRO 3,,,,,55.4,19.15,5.04,,5.02992,1.94,4.69,1.75,6.24,0.42,0.28,0.54,,4.67,,,,,,,101.84,<0.5,,2.3,0.003,,1920,,0.39,<0.5,33,,,14,<10,,1.63,84,2.51,1.66,0.93,,,18.3,2.72,,2.6,0.02,0.58,,,17.5,<10,0.31,,,4,,5.4,14.4,2,,14,0.002,3.86,<0.0005,136,,0.39,,0.6,,3.41,1,567,0.3,0.42,0.29,3.74,,,0.27,1.6,124,5,16.1,1.71,128,107,,,,,,,,,,,,,,,,,,,,,1
NP13AP041,,Paper,,"The anatomy of an alkalic porphyry Cu-Au system: geology and alteration at Northparkes Mines, New South Wales, Australia",Econ. Geol,Pacey et al,2019,Northparkes,Northparkes,Cu-Au,K,,,,,,,,,,597513.6715,6356123.205,-673.7139806,,syn,1,,441.5,4.5,Lickford et al 2003,436.7,3.3,Pacey thesis,,,,,,,,,,,,,,biotite quartz monzonite,BQM,,PRO 3,,,,,58.6,18.05,4.95,,4.9401,1.88,5.37,4.3,3.34,0.5,0.29,0.5,,2.31,,,,,,,100.63,<0.5,,1.4,0.001,,863,,0.02,<0.5,31.9,,,10,<10,,0.17,62,2.66,1.58,1.12,,,20.1,3.12,,1.8,0.009,0.61,,,17.6,<10,0.28,,,<1,,6.1,14.7,1,,19,0.003,3.81,<0.0005,54.6,,0.2,,0.3,,3.35,1,1140,0.4,0.46,0.02,3.12,,,0.29,1.55,149,3,16.8,1.7,142,60,,,,,,,,,,,,,,,,,,,,,1
NP13AP042,,Paper,,"The anatomy of an alkalic porphyry Cu-Au system: geology and alteration at Northparkes Mines, New South Wales, Australia",Econ. Geol,Pacey et al,2019,Northparkes,Northparkes,Cu-Au,K,,,,,,,,,,597512.4511,6356122.195,-674.9344365,,syn,1,,441.5,4.5,Lickford et al 2003,436.7,3.3,Pacey thesis,,,,,,,,,,,,,,biotite quartz monzonite,BQM,,SER 1,,,,,58.5,17.75,4.87,,4.86026,1.62,3.72,4.96,4.52,0.45,0.27,0.2,,1.34,,,,,,,100.18,<0.5,,4.2,0.002,,1435,,0.01,<0.5,29.4,,,11,<10,,0.22,113,2.44,1.36,1.11,,,18.7,2.71,,1.4,0.013,0.48,,,14.5,<10,0.26,,,1,,4.8,13.7,2,,8,0.002,3.43,<0.0005,69,,0.44,,0.6,,2.93,1,1100,0.2,0.46,0.01,2.15,,,0.23,1.17,146,<1,15.2,1.49,58,35,,,,,,,,,,,,,,,,,,,,,1
NP13AP043,,Paper,,"The anatomy of an alkalic porphyry Cu-Au system: geology and alteration at Northparkes Mines, New South Wales, Australia",Econ. Geol,Pacey et al,2019,Northparkes,Northparkes,Cu-Au,K,,,,,,,,,,597486.7632,6356101.036,-700.5554416,,syn,1,,441.5,4.5,Lickford et al 2003,436.7,3.3,Pacey thesis,,,,,,,,,,,,,,biotite quartz monzonite,BQM,,PRO 2,,,,,58,17.1,5.34,,5.32932,1.7,4.7,3.96,3.98,0.44,0.3,0.43,,2.04,,,,,,,98.29,<0.5,,2.7,0.001,,830,,0.04,0.7,34.8,,,11,10,,0.64,80,2.71,1.87,1.03,,,18.6,3.01,,3,0.025,0.57,,,18,<10,0.33,,,<1,,5.8,14.9,2,,112,0.002,3.85,<0.0005,73.8,,0.33,,0.7,,3.27,1,1235,0.3,0.46,0.06,3.58,,,0.27,1.85,157,1,18.4,1.96,324,104,,,,,,,,,,,,,,,,,,,,,1
NP13AP044,,Paper,,"The anatomy of an alkalic porphyry Cu-Au system: geology and alteration at Northparkes Mines, New South Wales, Australia",Econ. Geol,Pacey et al,2019,Northparkes,Northparkes,Cu-Au,K,,,,,,,,,,597480.6517,6356096.028,-706.6850629,,syn,1,,441.5,4.5,Lickford et al 2003,436.7,3.3,Pacey thesis,,,,,,,,,,,,,,biotite quartz monzonite,BQM,,SER 1,,,,,59.2,17,5.07,,5.05986,1.56,4.15,4.88,4.18,0.44,0.26,0.14,,0.99,,,,,,,98.11,<0.5,,3.4,0.002,,806,,0.01,<0.5,35.5,,,12,10,,0.33,58,2.78,1.77,1.06,,,19.1,3.11,,3.3,0.008,0.56,,,17.8,<10,0.32,,,<1,,6.7,15,1,,5,0.002,3.98,<0.0005,78,,0.27,,0.6,,3.52,1,1100,0.3,0.51,0.01,3.86,,,0.29,1.88,151,<1,18.2,1.97,52,115,,,,,,,,,,,,,,,,,,,,,1
NP13AP049,,Paper,,"The anatomy of an alkalic porphyry Cu-Au system: geology and alteration at Northparkes Mines, New South Wales, Australia",Econ. Geol,Pacey et al,2019,Northparkes,Northparkes,Cu-Au,K,,,,,,,,,,597474.5456,6356091.034,-712.8312189,,syn,1,,441.5,4.5,Lickford et al 2003,436.7,3.3,Pacey thesis,,,,,,,,,,,,,,biotite quartz monzonite,BQM,,PRO 3,,,,,56.8,17.45,5.36,,5.34928,1.78,6.64,4.44,2.95,0.45,0.28,0.51,,3.15,,,,,,,100.55,<0.5,,1.9,0.001,,609,,0.05,<0.5,37.5,,,11,10,,0.18,78,2.91,1.91,1.08,,,19.2,3.12,,3.1,0.013,0.62,,,19.4,<10,0.35,,,<1,,6.5,16.3,1,,19,0.002,4.27,<0.0005,49.8,,0.24,,0.6,,3.29,1,1155,0.4,0.54,0.03,3.88,,,0.3,1.87,157,4,19.4,1.9,199,107,,,,,,,,,,,,,,,,,,,,,1
NP13AP050,,Paper,,"The anatomy of an alkalic porphyry Cu-Au system: geology and alteration at Northparkes Mines, New South Wales, Australia",Econ. Geol,Pacey et al,2019,Northparkes,Northparkes,Cu-Au,K,,,,,,,,,,597473.3248,6356090.037,-714.062432,,syn,1,,441.5,4.5,Lickford et al 2003,436.7,3.3,Pacey thesis,,,,,,,,,,,,,,biotite quartz monzonite,BQM,,PRO 4,,,,,58.5,17.9,5.07,,5.05986,2.11,4.75,0.13,5.33,0.48,0.32,0.71,,5.52,,,,,,,101.96,<0.5,,20.4,0.006,,595,,0.1,<0.5,34.4,,,9,10,,1.61,5,2.78,1.75,0.77,,,20.4,3.1,,3.2,0.016,0.6,,,16.7,10,0.32,,,1,,6.6,15.5,1,,22,0.004,4,<0.0005,182.5,,0.3,,0.6,,3.54,1,231,0.5,0.49,0.12,3.47,,,0.31,1.66,161,11,18,2.08,182,112,,,,,,,,,,,,,,,,,,,,,1
NP13AP053,,Paper,,"The anatomy of an alkalic porphyry Cu-Au system: geology and alteration at Northparkes Mines, New South Wales, Australia",Econ. Geol,Pacey et al,2019,Northparkes,Northparkes,Cu-Au,K,,,,,,,,,,597458.6867,6356078.124,-728.8884137,,syn,1,,441.5,4.5,Lickford et al 2003,436.7,3.3,Pacey thesis,,,,,,,,,,,,,,biotite quartz monzonite,BQM,,PRO 1,,,,,59.1,17.65,5.33,,5.31934,1.62,4.21,4.93,4.14,0.44,0.29,0.17,,0.9,,,,,,,99.04,<0.5,,4.2,0.003,,864,,0.04,<0.5,34,,,12,10,,0.25,124,2.86,1.95,0.97,,,19.7,3.2,,3.3,0.015,0.63,,,18.2,<10,0.34,,,3,,6.2,14.7,3,,7,0.002,4.05,<0.0005,78.4,,0.17,,0.6,,3.37,1,1255,0.4,0.47,0.01,3.47,,,0.3,1.84,156,3,18.2,1.89,62,122,,,,,,,,,,,,,,,,,,,,,1
NP13AP054,,Paper,,"The anatomy of an alkalic porphyry Cu-Au system: geology and alteration at Northparkes Mines, New South Wales, Australia",Econ. Geol,Pacey et al,2019,Northparkes,Northparkes,Cu-Au,K,,,,,,,,,,597425.8273,6356051.559,-762.5118951,,syn,1,,441.5,4.5,Lickford et al 2003,436.7,3.3,Pacey thesis,,,,,,,,,,,,,,alkali feldspar granite,AFG,,PRO 3,,,,,66.4,16.5,3.01,,3.00398,0.77,2.75,4.29,5.07,0.29,0.13,0.27,,1.52,,,,,,,101.34,<0.5,,1.3,0.001,,542,,0.03,<0.5,39.8,,,5,10,,0.43,15,2.89,2.13,0.76,,,18.7,2.8,,5.8,0.013,0.69,,,22.2,<10,0.45,,,4,,9.2,14.8,<1,,10,<0.001,4.28,<0.0005,97.7,,0.13,,0.5,,3.56,1,471,0.5,0.46,<0.01,7.05,,,0.37,3.38,63,3,20,2.71,130,217,,,,,,,,,,,,,,,,,,,,,1
NP13AP055,,Paper,,"The anatomy of an alkalic porphyry Cu-Au system: geology and alteration at Northparkes Mines, New South Wales, Australia",Econ. Geol,Pacey et al,2019,Northparkes,Northparkes,Cu-Au,K,,,,,,,,,,597419.7334,6356046.666,-768.7505246,,syn,1,,441.5,4.5,Lickford et al 2003,436.7,3.3,Pacey thesis,,,,,,,,,,,,,,alkali feldspar granite,AFG,,SER 2,,,,,66.5,16.25,2.88,,2.87424,0.5,1.52,4.67,5.75,0.25,0.08,0.12,,1.59,,,,,,,100.48,<0.5,,1.5,0.001,,406,,0.02,<0.5,36.2,,,4,10,,0.4,27,2.9,1.85,0.54,,,17.6,2.56,,4.6,0.013,0.64,,,19.3,<10,0.39,,,1,,10.1,13.7,<1,,9,<0.001,4.07,<0.0005,106,,0.15,,0.6,,3.15,1,313,0.6,0.43,<0.01,6.79,,,0.36,3.11,50,3,18.2,2.31,80,163,,,,,,,,,,,,,,,,,,,,,1
NP13AP058,,Paper,,"The anatomy of an alkalic porphyry Cu-Au system: geology and alteration at Northparkes Mines, New South Wales, Australia",Econ. Geol,Pacey et al,2019,Northparkes,Northparkes,Cu-Au,K,,,,,,,,,,597382.9747,6356017.417,-806.0773292,,syn,1,,441.5,4.5,Lickford et al 2003,436.7,3.3,Pacey thesis,,,,,,,,,,,,,,biotite quartz monzonite,BQM,,PRO 3,,,,,61.9,16.7,4.56,,4.55088,1.54,3.91,3.98,4.3,0.37,0.22,0.31,,1.91,,,,,,,100.08,<0.5,,1.4,0.001,,812,,0.06,<0.5,34.1,,,9,10,,0.24,36,2.66,1.81,0.97,,,18.9,2.94,,3.7,0.013,0.58,,,17.4,<10,0.33,,,1,,7.2,14.4,1,,15,0.001,3.74,<0.0005,72.8,,0.2,,0.7,,3.24,1,826,0.7,0.47,0.03,4.88,,,0.3,2.43,122,1,18.2,2.14,130,126,,,,,,,,,,,,,,,,,,,,,1
NP13AP061A,,Paper,,"The anatomy of an alkalic porphyry Cu-Au system: geology and alteration at Northparkes Mines, New South Wales, Australia",Econ. Geol,Pacey et al,2019,Northparkes,Northparkes,Cu-Au,K,,,,,,,,,,597379.2826,6356014.512,-809.8093253,,syn,1,,441.5,4.5,Lickford et al 2003,436.7,3.3,Pacey thesis,,,,,,,,,,,,,,biotite quartz monzonite,BQM,,PRO 4,,,,,56.8,17.3,5.19,,5.17962,1.64,4.44,0.11,5.53,0.39,0.23,0.65,,5.23,,,,,,,100.03,0.6,,2.9,0.019,,849,,1.07,8.9,28.1,,,8,10,,1.42,165,2.41,1.55,0.75,,,19.2,2.28,,3.2,0.046,0.47,,,13.2,<10,0.29,,,4,,6,12.1,2,,81,0.001,3.14,<0.0005,167,,0.12,,0.8,,2.9,1,149.5,0.4,0.41,0.52,3.56,,,0.25,1.79,124,14,15.1,1.82,2950,114,,,,,,,,,,,,,,,,,,,,,1
NP13AP062,,Paper,,"The anatomy of an alkalic porphyry Cu-Au system: geology and alteration at Northparkes Mines, New South Wales, Australia",Econ. Geol,Pacey et al,2019,Northparkes,Northparkes,Cu-Au,K,,,,,,,,,,597361.9044,6356001.034,-827.4608483,,syn,1,,441.5,4.5,Lickford et al 2003,436.7,3.3,Pacey thesis,,,,,,,,,,,,,,biotite quartz monzonite,BQM,,PRO 1,,,,,59.2,17.75,5.52,,5.50896,1.86,4.64,4.76,4.21,0.49,0.31,0.2,,1.64,,,,,,,101.04,<0.5,,3.2,0.001,,813,,0.01,<0.5,35.2,,,13,<10,,0.55,80,2.9,1.78,0.99,,,18.4,3.1,,2.9,0.013,0.61,,,18.4,<10,0.31,,,1,,6.7,15.4,1,,6,0.002,4.14,<0.0005,77.5,,0.24,,0.5,,3.53,1,1250,0.4,0.48,0.01,3.88,,,0.3,1.79,154,2,18.2,1.88,73,107,,,,,,,,,,,,,,,,,,,,,1
NP13AP066,,Paper,,"The anatomy of an alkalic porphyry Cu-Au system: geology and alteration at Northparkes Mines, New South Wales, Australia",Econ. Geol,Pacey et al,2019,Northparkes,Northparkes,Cu-Au,K,,,,,,,,,,597881.4036,6354905.358,-555.5127927,,pre,4,,441.5,4.5,Lickford et al 2003,452,,Pacey thesis,,,,,,,,,,,,,,trachyte volcanic breccia,TVB,,KFS 2,,,,,61.9,17.7,4.96,,4.95008,1.28,1.47,3.78,6.9,0.41,0.23,0.07,,1.33,,,,,,,100.9,<0.5,,1,0.019,,1115,,0.01,<0.5,45.5,,,3,<10,,0.36,2430,3.23,2,1.12,,,17.6,3.76,,3.4,0.011,0.69,,,24.4,<10,0.37,,,15,,7.8,19.1,<1,,14,0.001,5.3,<0.0005,117.5,,0.06,,1.2,,4.53,2,502,0.5,0.55,0.02,4.05,,,0.32,2.22,84,6,20.6,2.07,38,138,,,,,,,,,,,,,,,,,,,,,0
NP13AP067,,Paper,,"The anatomy of an alkalic porphyry Cu-Au system: geology and alteration at Northparkes Mines, New South Wales, Australia",Econ. Geol,Pacey et al,2019,Northparkes,Northparkes,Cu-Au,K,,,,,,,,,,597864.5885,6354905.374,-569.6991551,,pre,4,,441.5,4.5,Lickford et al 2003,452,,Pacey thesis,,,,,,,,,,,,,,trachyte volcanic breccia,TVB,,KFS 2,,,,,60,17.05,3.27,,3.26346,1.07,2.91,3.92,5.23,0.41,0.22,0.03,,3.88,,,,,,,99.9,1,,1.3,0.087,,873,,0.05,<0.5,39.9,,,6,10,,0.2,7760,3.14,2.15,1.14,,,16.7,3.42,,3.7,0.021,0.67,,,20.6,<10,0.36,,,38,,7.6,17.5,1,,10,0.001,4.66,<0.0005,94.8,,0.08,,4.9,,3.91,3,805,0.4,0.55,0.06,4.27,,,0.35,2.03,96,5,20.5,2.33,21,131,,,,,,,,,,,,,,,,,,,,,0
NP13AP069,,Paper,,"The anatomy of an alkalic porphyry Cu-Au system: geology and alteration at Northparkes Mines, New South Wales, Australia",Econ. Geol,Pacey et al,2019,Northparkes,Northparkes,Cu-Au,K,,,,,,,,,,597847.8142,6354905.406,-583.9336684,,pre,4,,441.5,4.5,Lickford et al 2003,452,,Pacey thesis,,,,,,,,,,,,,,trachyte volcanic breccia,TVB,,KFS 1,,,,,60.1,17.55,4.68,,4.67064,1.12,2.57,5.23,5.42,0.41,0.23,0.06,,2.22,,,,,,,100.69,<0.5,,1.2,0.01,,954,,<0.01,<0.5,41.6,,,5,10,,0.18,1285,3.31,2.17,1.05,,,19.1,3.28,,3.8,0.016,0.7,,,21,<10,0.4,,,4,,8,17.8,1,,11,0.001,4.68,<0.0005,89.4,,0.27,,1,,3.73,1,689,0.4,0.58,0.02,4.47,,,0.37,2.26,92,1,21.9,2.42,30,134,,,,,,,,,,,,,,,,,,,,,0
NP13AP071,,Paper,,"The anatomy of an alkalic porphyry Cu-Au system: geology and alteration at Northparkes Mines, New South Wales, Australia",Econ. Geol,Pacey et al,2019,Northparkes,Northparkes,Cu-Au,K,,,,,,,,,,597803.7856,6354905.569,-621.6886296,,pre,4,,441.5,4.5,Lickford et al 2003,452,,Pacey thesis,,,,,,,,,,,,,,trachyte volcanic breccia,TVB,,KFS 1,,,,,61.3,17.85,4.37,,4.36126,1.06,2.06,5.32,6,0.41,0.22,0.11,,1.44,,,,,,,100.64,<0.5,,2.2,0.006,,957,,0.03,<0.5,44.8,,,6,10,,0.46,208,3.44,2.24,1.17,,,18.7,3.49,,3.7,0.009,0.76,,,22.8,<10,0.43,,,3,,8.3,19.7,1,,9,0.001,5.14,<0.0005,100,,0.11,,0.8,,4.29,2,670,0.5,0.62,0.02,4.56,,,0.41,2.41,81,2,23.1,2.48,52,140,,,,,,,,,,,,,,,,,,,,,0
NP13AP074,,Paper,,"The anatomy of an alkalic porphyry Cu-Au system: geology and alteration at Northparkes Mines, New South Wales, Australia",Econ. Geol,Pacey et al,2019,Northparkes,Northparkes,Cu-Au,K,,,,,,,,,,597706.1373,6354906.335,-707.5012078,,pre,4,,441.5,4.5,Lickford et al 2003,452,,Pacey thesis,,,,,,,,,,,,,,trachyte volcanic breccia,TVB,,KFS 1,,,,,61.3,17.95,4.87,,4.86026,1.17,2.46,4.97,5.3,0.41,0.24,0.14,,1.31,,,,,,,101.16,<0.5,,2.2,0.004,,990,,0.04,<0.5,42.1,,,5,<10,,0.27,314,3.33,2.32,1.06,,,18.7,3.53,,4,0.008,0.72,,,23,<10,0.4,,,2,,8,17.7,<1,,7,0.001,5.05,<0.0005,78.9,,0.2,,0.8,,3.96,1,775,0.5,0.56,0.06,4.58,,,0.38,2.25,84,3,21.9,2.3,39,149,,,,,,,,,,,,,,,,,,,,,0
NP13AP076,,Paper,,"The anatomy of an alkalic porphyry Cu-Au system: geology and alteration at Northparkes Mines, New South Wales, Australia",Econ. Geol,Pacey et al,2019,Northparkes,Northparkes,Cu-Au,K,,,,,,,,,,597601.4775,6354907.392,-800.4684107,,post,2,,441.5,4.5,Lickford et al 2003,436.7,3.3,Pacey thesis,,,,,,,,,,,,,,zero porphyry,ZRO,,PRO 1,,,,,66.8,15.6,3.44,,3.43312,0.92,2.43,4.76,4.28,0.28,0.1,0.1,,2.27,,,,,,,101.6,<0.5,,1.8,0.001,,1055,,0.03,<0.5,24.8,,,6,10,,0.49,5,1.69,1.21,0.54,,,16.7,1.48,,2.7,0.013,0.37,,,14.3,<10,0.25,,,<1,,6.2,8.7,2,,8,<0.001,2.54,<0.0005,74.7,,0.5,,0.5,,1.87,1,563,0.4,0.29,<0.01,3.14,,,0.21,1.37,78,2,12.4,1.47,59,97,,,,,,,,,,,,,,,,,,,,,1
NP13AP077,,Paper,,"The anatomy of an alkalic porphyry Cu-Au system: geology and alteration at Northparkes Mines, New South Wales, Australia",Econ. Geol,Pacey et al,2019,Northparkes,Northparkes,Cu-Au,K,,,,,,,,,,597610.6244,6354907.325,-792.7012299,,pre,4,,441.5,4.5,Lickford et al 2003,452,,Pacey thesis,,,,,,,,,,,,,,trachytic volcanic breccia,TVB,,PRO 2,,,,,56.5,18.6,7.16,,7.14568,1.87,4.24,5.57,3.36,0.65,0.41,0.29,,2.37,,,,,,,101.75,<0.5,,4.6,0.003,,788,,0.03,<0.5,42.5,,,13,10,,0.3,131,3.67,2.41,1.33,,,21.6,4.13,,3.1,0.013,0.82,,,22.7,<10,0.39,,,2,,7.5,19.4,3,,10,0.004,5.25,<0.0005,53.4,,0.44,,0.6,,4.66,2,1155,0.4,0.66,0.03,3.74,,,0.38,1.83,166,3,23.4,2.47,101,128,,,,,,,,,,,,,,,,,,,,,0
NP13AP079,,Paper,,"The anatomy of an alkalic porphyry Cu-Au system: geology and alteration at Northparkes Mines, New South Wales, Australia",Econ. Geol,Pacey et al,2019,Northparkes,Northparkes,Cu-Au,K,,,,,,,,,,597661.5588,6354906.87,-747.6565758,,pre,4,,441.5,4.5,Lickford et al 2003,452,,Pacey thesis,,,,,,,,,,,,,,volcanic conglomerate,CON,,PRO 2,,,,,54.1,20.1,7.25,,7.2355,1.7,5.41,4.81,3.98,0.64,0.39,0.19,,3.1,,,,,,,102.52,<0.5,,4.5,0.007,,863,,<0.01,<0.5,35.7,,,7,10,,0.37,342,3.29,2.11,1.24,,,21.2,3.53,,3.1,0.019,0.71,,,18.2,<10,0.35,,,3,,6.6,16.9,4,,5,0.003,4.41,<0.0005,66.1,,0.28,,0.8,,3.99,2,1390,0.4,0.58,0.02,3.49,,,0.32,1.63,183,2,20,2.04,68,109,,,,,,,,,,,,,,,,,,,,,0
NP13AP081,,Paper,,"The anatomy of an alkalic porphyry Cu-Au system: geology and alteration at Northparkes Mines, New South Wales, Australia",Econ. Geol,Pacey et al,2019,Northparkes,Northparkes,Cu-Au,K,,,,,,,,,,597698.9465,6354906.414,-713.9362023,,pre,4,,441.5,4.5,Lickford et al 2003,452,,Pacey thesis,,,,,,,,,,,,,,volcanic conglomerate,CON,,MAG 2,,,,,62.1,17.9,4.41,,4.40118,1.06,2.33,5.28,5.79,0.39,0.22,0.17,,1.07,,,,,,,101.15,<0.5,,2.1,0.004,,898,,0.03,<0.5,41.4,,,5,10,,0.32,146,3.3,2.14,1.02,,,18.8,3.46,,3.7,0.011,0.74,,,21.7,<10,0.4,,,3,,8.1,17.6,1,,13,0.001,4.83,<0.0005,85,,0.17,,0.6,,4.27,2,719,0.4,0.56,0.01,4.7,,,0.36,2.32,74,2,21.6,2.4,78,150,,,,,,,,,,,,,,,,,,,,,0
NP13AP093,,Paper,,"The anatomy of an alkalic porphyry Cu-Au system: geology and alteration at Northparkes Mines, New South Wales, Australia",Econ. Geol,Pacey et al,2019,Northparkes,Northparkes,Cu-Au,K,,,,,,,,,,597441.7721,6354913.649,-925.4905121,,syn,1,,441.5,4.5,Lickford et al 2003,436.7,3.3,Pacey thesis,,,,,,,,,,,,,,biotite quartz monzonite,BQM,,PRO 3,,,,,60.5,17.4,5.97,,5.95806,1.69,4.22,4.27,3.24,0.4,0.26,0.18,,2.45,,,,,,,101.01,<0.5,,1.6,0.001,,493,,0.02,<0.5,34.4,,,9,10,,0.29,236,2.71,1.87,1.11,,,20.5,3.4,,3.8,0.016,0.58,,,16.7,<10,0.34,,,1,,5.2,15.4,1,,5,0.002,4.19,<0.0005,65.5,,0.16,,0.7,,3.4,2,855,0.3,0.51,0.02,2.91,,,0.32,1.89,140,<1,18.9,2.23,86,143,,,,,,,,,,,,,,,,,,,,,1
NP13AP095,,Paper,,"The anatomy of an alkalic porphyry Cu-Au system: geology and alteration at Northparkes Mines, New South Wales, Australia",Econ. Geol,Pacey et al,2019,Northparkes,Northparkes,Cu-Au,K,,,,,,,,,,597425.5571,6354914.568,-937.9175755,,syn,1,,441.5,4.5,Lickford et al 2003,436.7,3.3,Pacey thesis,,,,,,,,,,,,,,biotite quartz monzonite,BQM,,MAG 2,,,,,58.3,16.6,5.24,,5.22952,0.7,4.93,1.46,5.49,0.39,0.24,0.06,,4.18,,,,,,,100.69,0.9,,0.9,0.029,,625,,0.14,<0.5,24.1,,,10,10,,0.49,3310,2.22,1.58,0.65,,,20.7,2.55,,2.9,0.021,0.47,,,11.2,<10,0.31,,,40,,5.6,11.7,1,,3,0.004,2.8,<0.0005,146.5,,0.1,,1.9,,2.75,4,534,0.4,0.41,0.09,3.98,,,0.25,1.94,172,8,14.9,1.85,37,92,,,,,,,,,,,,,,,,,,,,,1
NP13AP098,,Paper,,"The anatomy of an alkalic porphyry Cu-Au system: geology and alteration at Northparkes Mines, New South Wales, Australia",Econ. Geol,Pacey et al,2019,Northparkes,Northparkes,Cu-Au,K,,,,,,,,,,597433.0111,6354914.159,-932.2051348,,syn,1,,441.5,4.5,Lickford et al 2003,436.7,3.3,Pacey thesis,,,,,,,,,,,,,,biotite quartz monzonite,BQM,,PRO 2,,,,,60,17.45,5.62,,5.60876,1.6,3.52,4.7,4.22,0.42,0.28,0.16,,2.42,,,,,,,101.22,<0.5,,1.7,0.002,,1050,,0.01,<0.5,34.5,,,9,10,,0.28,101,2.78,1.77,0.95,,,17.9,3.02,,2.5,0.019,0.53,,,17.4,<10,0.31,,,1,,5.7,15.2,1,,3,0.002,3.93,<0.0005,64.4,,0.11,,0.7,,3.11,1,1265,0.3,0.46,0.02,4.41,,,0.27,1.79,147,<1,17.9,1.69,49,86,,,,,,,,,,,,,,,,,,,,,1
NP13AP099,,Paper,,"The anatomy of an alkalic porphyry Cu-Au system: geology and alteration at Northparkes Mines, New South Wales, Australia",Econ. Geol,Pacey et al,2019,Northparkes,Northparkes,Cu-Au,K,,,,,,,,,,597518.5099,6354909.972,-866.3609988,,syn,1,,441.5,4.5,Lickford et al 2003,436.7,3.3,Pacey thesis,,,,,,,,,,,,,,biotite quartz monzonite,BQM,,PRO 1,,,,,61.7,17.55,5.32,,5.30936,1.58,3.8,4.94,4.41,0.41,0.27,0.18,,0.95,,,,,,,101.37,<0.5,,1.8,0.002,,861,,0.01,<0.5,34.1,,,10,10,,0.23,26,2.99,1.81,0.98,,,19.3,3.09,,3.6,0.017,0.65,,,16.9,<10,0.36,,,1,,6.6,15.1,2,,6,0.003,3.86,<0.0005,65.4,,0.15,,0.6,,3.14,1,1160,0.4,0.49,0.01,3.78,,,0.32,1.84,138,<1,19,2.14,39,132,,,,,,,,,,,,,,,,,,,,,1
NP13AP100,,Paper,,"The anatomy of an alkalic porphyry Cu-Au system: geology and alteration at Northparkes Mines, New South Wales, Australia",Econ. Geol,Pacey et al,2019,Northparkes,Northparkes,Cu-Au,K,,,,,,,,,,597570.5948,6354907.924,-825.8825217,,syn,1,,441.5,4.5,Lickford et al 2003,436.7,3.3,Pacey thesis,,,,,,,,,,,,,,biotite quartz monzonite,BQM,,PRO 1,,,,,61.6,18.05,4.74,,4.73052,1.44,4.01,4.93,4.21,0.36,0.25,0.15,,1.09,,,,,,,101.12,<0.5,,1.3,0.003,,753,,<0.01,<0.5,32,,,8,10,,0.23,115,2.51,1.72,0.91,,,18.2,2.61,,3.5,0.013,0.53,,,17.2,<10,0.31,,,3,,6,13.6,2,,3,0.002,3.7,<0.0005,68.4,,0.13,,0.5,,3.11,2,1245,0.4,0.42,<0.01,3.67,,,0.26,1.8,113,2,16.2,1.86,32,129,,,,,,,,,,,,,,,,,,,,,1
NP13AP102,,Paper,,"The anatomy of an alkalic porphyry Cu-Au system: geology and alteration at Northparkes Mines, New South Wales, Australia",Econ. Geol,Pacey et al,2019,Northparkes,Northparkes,Cu-Au,K,,,,,,,,,,597267.8533,6354921.113,-1064.850101,,syn,1,,441.5,4.5,Lickford et al 2003,436.7,3.3,Pacey thesis,,,,,,,,,,,,,,biotite quartz monzonite,BQM,,PRO 1,,,,,59.1,18.25,5.77,,5.75846,1.82,4.31,4.84,4.76,0.47,0.31,0.14,,1.16,,,,,,,101.26,<0.5,,3.5,0.001,,946,,<0.01,<0.5,34.6,,,10,10,,0.28,49,2.96,1.75,1.14,,,20.2,3.07,,3.1,0.012,0.63,,,16.8,<10,0.31,,,<1,,5.8,15.4,1,,6,0.002,4.08,<0.0005,78.9,,0.13,,0.6,,3.47,2,1480,0.3,0.5,0.01,3.46,,,0.31,1.72,239,<1,18.7,2.08,58,110,,,,,,,,,,,,,,,,,,,,,1
NP13AP103,,Paper,,"The anatomy of an alkalic porphyry Cu-Au system: geology and alteration at Northparkes Mines, New South Wales, Australia",Econ. Geol,Pacey et al,2019,Northparkes,Northparkes,Cu-Au,K,,,,,,,,,,597369.7354,6354916.171,-981.1085958,,syn,1,,441.5,4.5,Lickford et al 2003,436.7,3.3,Pacey thesis,,,,,,,,,,,,,,biotite quartz monzonite,BQM,,PRO 1,,,,,68,15.05,2.66,,2.65468,1.34,2.73,4.23,4.24,0.37,0.22,0.06,,1.37,,,,,,,100.65,<0.5,,1.7,0.002,,756,,<0.01,<0.5,16.8,,,5,10,,0.14,93,1.4,0.97,0.76,,,16.4,1.59,,2.4,0.01,0.3,,,8.1,<10,0.16,,,6,,3.9,7.9,1,,6,0.007,1.89,<0.0005,62.7,,0.11,,0.6,,1.85,1,721,0.4,0.26,0.03,1.96,,,0.18,0.86,252,<1,10,1.11,25,85,,,,,,,,,,,,,,,,,,,,,1
NP13AP105,,Paper,,"The anatomy of an alkalic porphyry Cu-Au system: geology and alteration at Northparkes Mines, New South Wales, Australia",Econ. Geol,Pacey et al,2019,Northparkes,Northparkes,Cu-Au,K,,,,,,,,,,597263.3398,6354921.207,-1068.802238,,syn,1,,441.5,4.5,Lickford et al 2003,436.7,3.3,Pacey thesis,,,,,,,,,,,,,,biotite quartz monzonite,BQM,,PRO 2,,,,,58.5,17.8,6.45,,6.4371,2.28,3.98,4.88,3.56,0.47,0.32,0.2,,1.8,,,,,,,100.8,<0.5,,2.1,0.004,,901,,0.22,<0.5,33.2,,,12,10,,0.2,785,2.77,1.71,1.25,,,20.7,2.85,,2.8,0.013,0.57,,,16.5,10,0.3,,,<1,,5.3,15.6,1,,6,0.002,3.84,<0.0005,52.7,,0.2,,0.9,,3.13,1,1090,0.3,0.49,0.31,2.95,,,0.27,1.51,227,1,17.8,1.76,108,103,,,,,,,,,,,,,,,,,,,,,1
NP13AP106,,Paper,,"The anatomy of an alkalic porphyry Cu-Au system: geology and alteration at Northparkes Mines, New South Wales, Australia",Econ. Geol,Pacey et al,2019,Northparkes,Northparkes,Cu-Au,K,,,,,,,,,,597371.3088,6354916.113,-979.8752346,,syn,1,,441.5,4.5,Lickford et al 2003,436.7,3.3,Pacey thesis,,,,,,,,,,,,,,biotite quartz monzonite,BQM,,PRO 2,,,,,59,18.35,5.89,,5.87822,1.58,3.7,5.33,4.09,0.47,0.3,0.12,,2.04,,,,,,,101.35,<0.5,,3.3,0.002,,948,,0.03,<0.5,30,,,8,10,,0.16,202,3,1.77,1.12,,,21.3,3.16,,2.3,0.014,0.6,,,14.1,<10,0.31,,,1,,5.8,15,1,,4,0.002,3.63,<0.0005,66.8,,0.22,,0.6,,3.46,1,1260,0.3,0.52,0.03,2.81,,,0.28,1.49,284,<1,18.4,1.9,69,78,,,,,,,,,,,,,,,,,,,,,1
NP13AP108,,Paper,,"The anatomy of an alkalic porphyry Cu-Au system: geology and alteration at Northparkes Mines, New South Wales, Australia",Econ. Geol,Pacey et al,2019,Northparkes,Northparkes,Cu-Au,K,,,,,,,,,,597299.6493,6354919.69,-1037.451815,,syn,1,,441.5,4.5,Lickford et al 2003,436.7,3.3,Pacey thesis,,,,,,,,,,,,,,biotite quartz monzonite,BQM,,PRO 2,,,,,61.5,18.05,4.26,,4.25148,1.68,4.33,5.27,4.31,0.5,0.31,0.15,,1.77,,,,,,,102.6,<0.5,,2.1,0.003,,810,,<0.01,<0.5,28.8,,,6,10,,0.09,104,2.7,1.67,0.81,,,20.6,2.89,,2.8,0.01,0.56,,,14.6,<10,0.28,,,1,,5.2,13.9,2,,6,0.009,3.7,<0.0005,56.3,,0.19,,0.5,,3.12,2,1020,0.3,0.46,0.03,2.87,,,0.26,1.15,365,3,16.9,1.65,52,109,,,,,,,,,,,,,,,,,,,,,1
NP13AP111,,Paper,,"The anatomy of an alkalic porphyry Cu-Au system: geology and alteration at Northparkes Mines, New South Wales, Australia",Econ. Geol,Pacey et al,2019,Northparkes,Northparkes,Cu-Au,K,,,,,,,,,,598237.0063,6354902.422,-608.3798447,,syn,1,,441.5,4.5,Lickford et al 2003,436.7,3.3,Pacey thesis,,,,,,,,,,,,,,biotite quartz monzonite,BQM,,KFS 3,,,,,61.2,16.55,4.42,,4.41116,1.47,3.8,4.46,4.8,0.37,0.22,0.04,,3.9,,,,,,,103.14,<0.5,,0.4,0.031,,915,,<0.01,<0.5,29.5,,,5,<10,,0.31,2090,2.12,1.49,0.74,,,17.8,2.25,,3.1,0.017,0.47,,,15.9,<10,0.28,,,2,,5.9,12.3,2,,11,0.003,3.44,<0.0005,82,,0.09,,1.7,,2.56,1,1060,0.3,0.37,0.01,3.71,,,0.2,1.49,127,3,14,1.73,38,115,,,,,,,,,,,,,,,,,,,,,1
NP13AP112,,Paper,,"The anatomy of an alkalic porphyry Cu-Au system: geology and alteration at Northparkes Mines, New South Wales, Australia",Econ. Geol,Pacey et al,2019,Northparkes,Northparkes,Cu-Au,K,,,,,,,,,,598184.0102,6354901.694,-576.2165999,,syn,1,,441.5,4.5,Lickford et al 2003,436.7,3.3,Pacey thesis,,,,,,,,,,,,,,biotite quartz monzonite,BQM,,KFS 3,,,,,63.1,14.9,2.1,,2.0958,1.07,4,3.74,4.24,0.33,0.18,0.05,,3.82,,,,,,,100.15,0.9,,0.6,0.041,,897,,0.09,<0.5,28,,,4,10,,0.22,5340,1.91,1.27,0.8,,,16.3,2.28,,3.7,0.015,0.44,,,14.6,<10,0.28,,,28,,6.2,12,2,,5,0.002,2.99,<0.0005,89.4,,0.15,,3.8,,2.49,2,1090,0.4,0.35,0.04,3.71,,,0.22,1.24,122,3,13.8,1.59,135,131,,,,,,,,,,,,,,,,,,,,,1
NP13AP113,,Paper,,"The anatomy of an alkalic porphyry Cu-Au system: geology and alteration at Northparkes Mines, New South Wales, Australia",Econ. Geol,Pacey et al,2019,Northparkes,Northparkes,Cu-Au,K,,,,,,,,,,598156.6913,6354900.534,-559.5938847,,syn,1,,441.5,4.5,Lickford et al 2003,436.7,3.3,Pacey thesis,,,,,,,,,,,,,,biotite quartz monzonite,BQM,,KFS 3,,,,,63,15.75,1.88,,1.87624,0.64,3.92,2.39,5.89,0.35,0.09,0.01,,3.93,,,,,,,100.76,1.9,,0.7,0.089,,888,,0.29,<0.5,27.3,,,4,<10,,0.35,9220,1.99,1.4,0.7,,,15.7,2.04,,3.5,0.032,0.47,,,14.9,<10,0.37,,,240,,5.8,10.7,1,,6,0.003,3.12,<0.0005,113,,0.18,,6.7,,2.55,2,967,0.8,0.39,0.13,3.2,,,0.32,0.96,131,5,12.7,1.56,12,133,,,,,,,,,,,,,,,,,,,,,1
NP13AP114,,Paper,,"The anatomy of an alkalic porphyry Cu-Au system: geology and alteration at Northparkes Mines, New South Wales, Australia",Econ. Geol,Pacey et al,2019,Northparkes,Northparkes,Cu-Au,K,,,,,,,,,,598154.9837,6354900.445,-558.5563944,,syn,1,,441.5,4.5,Lickford et al 2003,436.7,3.3,Pacey thesis,,,,,,,,,,,,,,biotite quartz monzonite,BQM,,KFS 2,,,,,60.4,16.1,2.43,,2.42514,1.36,3.98,4.55,4.84,0.33,0.21,0.05,,2.92,,,,,,,99.75,2.4,,0.7,0.146,,885,,0.44,<0.5,31.7,,,5,10,,0.17,8860,2.07,1.51,0.79,,,16.2,2.47,,3.5,0.009,0.51,,,17.4,<10,0.28,,,16,,6.2,13.1,2,,6,0.003,3.64,<0.0005,74.9,,0.16,,6.3,,2.84,2,982,0.4,0.38,0.24,4.14,,,0.25,1.2,128,6,14.5,1.76,26,131,,,,,,,,,,,,,,,,,,,,,1
NP13AP115,,Paper,,"The anatomy of an alkalic porphyry Cu-Au system: geology and alteration at Northparkes Mines, New South Wales, Australia",Econ. Geol,Pacey et al,2019,Northparkes,Northparkes,Cu-Au,K,,,,,,,,,,598161.8136,6354900.786,-562.7080523,,syn,1,,441.5,4.5,Lickford et al 2003,436.7,3.3,Pacey thesis,,,,,,,,,,,,,,biotite quartz monzonite,BQM,,KFS 3,,,,,61.1,16.95,2.82,,2.81436,1.36,3.71,4.21,5.24,0.36,0.2,0.04,,2.45,,,,,,,100.71,0.7,,0.5,0.05,,886,,0.08,<0.5,30.2,,,5,<10,,0.21,4740,2.27,1.43,0.76,,,16.1,2.44,,3.2,0.012,0.51,,,16.4,<10,0.31,,,14,,6.1,12.4,3,,6,0.002,3.58,<0.0005,83.1,,0.15,,3.6,,2.74,2,937,0.7,0.38,0.06,4,,,0.29,1.15,127,5,14.3,1.61,24,124,,,,,,,,,,,,,,,,,,,,,1
NP13AP117,,Paper,,"The anatomy of an alkalic porphyry Cu-Au system: geology and alteration at Northparkes Mines, New South Wales, Australia",Econ. Geol,Pacey et al,2019,Northparkes,Northparkes,Cu-Au,K,,,,,,,,,,598226.7367,6354902.457,-602.172323,,syn,1,,441.5,4.5,Lickford et al 2003,436.7,3.3,Pacey thesis,,,,,,,,,,,,,,biotite quartz monzonite,BQM,,KFS 2,,,,,61,17.05,4.81,,4.80038,1.39,3.09,4.3,4.44,0.36,0.2,0.04,,2.36,,,,,,,100.59,<0.5,,0.5,0.011,,843,,0.01,<0.5,31.3,,,8,<10,,0.3,1365,2.36,1.64,0.77,,,18.6,2.38,,3.9,0.015,0.53,,,16.9,<10,0.32,,,5,,6.8,12.8,2,,6,0.002,3.57,<0.0005,80.5,,0.1,,1.7,,2.88,1,912,0.7,0.39,0.01,4.48,,,0.3,2.2,119,3,15.4,1.82,62,150,,,,,,,,,,,,,,,,,,,,,1
NP13AP122,,Paper,,"The anatomy of an alkalic porphyry Cu-Au system: geology and alteration at Northparkes Mines, New South Wales, Australia",Econ. Geol,Pacey et al,2019,Northparkes,Northparkes,Cu-Au,K,,,,,,,,,,598825.7095,6354921.532,34.16290032,,syn,1,,441.5,4.5,Lickford et al 2003,436.7,3.3,Pacey thesis,,,,,,,,,,,,,,biotite quartz monzonite,BQM,,PRO 2,,,,,59.8,16.65,4.79,,4.78042,1.57,3.26,5.38,3.98,0.37,0.22,0.24,,1.64,,,,,,,98.61,<0.5,,3.5,0.004,,883,,0.11,<0.5,26.2,,,11,10,,0.15,556,2.45,1.58,0.9,,,19.5,2.66,,3.4,0.013,0.5,,,13.9,10,0.3,,,1,,6.1,11.8,<1,,26,0.002,3.16,<0.0005,54.6,,0.17,,0.9,,2.7,1,868,0.3,0.41,0.03,3.86,,,0.24,1.36,135,2,14.9,1.73,110,119,,,,,,,,,,,,,,,,,,,,,1
NP13AP124,,Paper,,"The anatomy of an alkalic porphyry Cu-Au system: geology and alteration at Northparkes Mines, New South Wales, Australia",Econ. Geol,Pacey et al,2019,Northparkes,Northparkes,Cu-Au,K,,,,,,,,,,598820.4616,6354917.552,19.58161366,,syn,1,,441.5,4.5,Lickford et al 2003,436.7,3.3,Pacey thesis,,,,,,,,,,,,,,biotite quartz monzonite,BQM,,PRO 2,,,,,61.5,17.45,5.21,,5.19958,1.84,2.58,4.31,3.86,0.37,0.24,0.22,,2.08,,,,,,,100.27,<0.5,,2.7,0.006,,822,,0.05,<0.5,28.8,,,9,10,,0.67,628,2.46,1.75,0.88,,,20.1,2.73,,3.2,0.013,0.51,,,15.7,<10,0.32,,,2,,6.1,13,2,,17,0.003,3.5,<0.0005,76.3,,0.2,,0.6,,2.91,1,985,0.4,0.4,0.02,4.46,,,0.28,2.01,135,4,15.8,1.83,108,124,,,,,,,,,,,,,,,,,,,,,1
NP13AP125,,Paper,,"The anatomy of an alkalic porphyry Cu-Au system: geology and alteration at Northparkes Mines, New South Wales, Australia",Econ. Geol,Pacey et al,2019,Northparkes,Northparkes,Cu-Au,K,,,,,,,,,,598813.7178,6354912.58,1.42130806,,syn,1,,441.5,4.5,Lickford et al 2003,436.7,3.3,Pacey thesis,,,,,,,,,,,,,,biotite quartz monzonite,BQM,,MAG 2,,,,,62.3,17.25,4.63,,4.62074,1.43,3.15,5.28,4.11,0.43,0.24,0.18,,1.44,,,,,,,100.95,<0.5,,3,0.005,,810,,0.03,<0.5,33.6,,,9,10,,0.22,242,2.59,1.72,0.91,,,17.9,3.02,,3.7,0.01,0.52,,,17.9,<10,0.31,,,1,,7.1,14.8,2,,16,0.005,3.77,<0.0005,66.6,,0.1,,0.7,,3.21,2,908,0.5,0.45,0.02,5.38,,,0.27,2.62,135,1,15.7,1.93,140,134,,,,,,,,,,,,,,,,,,,,,1
NP13AP128,,Paper,,"The anatomy of an alkalic porphyry Cu-Au system: geology and alteration at Northparkes Mines, New South Wales, Australia",Econ. Geol,Pacey et al,2019,Northparkes,Northparkes,Cu-Au,K,,,,,,,,,,598775.9266,6354887.795,-90.00021467,,syn,1,,441.5,4.5,Lickford et al 2003,436.7,3.3,Pacey thesis,,,,,,,,,,,,,,biotite quartz monzonite,BQM,,MAG 2,,,,,61.5,18.05,4.71,,4.70058,1.58,3.15,5.59,4.49,0.4,0.24,0.2,,0.97,,,,,,,101.28,<0.5,,6.4,0.001,,1085,,0.02,<0.5,33.5,,,8,10,,0.25,84,2.59,1.77,0.95,,,19.5,2.95,,3.5,0.008,0.54,,,18.1,<10,0.34,,,1,,5.8,15.3,2,,10,0.002,3.95,<0.0005,69.7,,0.15,,0.5,,3.3,1,1095,0.6,0.46,0.02,3.87,,,0.3,1.96,121,1,15,2,84,132,,,,,,,,,,,,,,,,,,,,,1
NP13AP130,,Paper,,"The anatomy of an alkalic porphyry Cu-Au system: geology and alteration at Northparkes Mines, New South Wales, Australia",Econ. Geol,Pacey et al,2019,Northparkes,Northparkes,Cu-Au,K,,,,,,,,,,598715.0365,6354856.902,-209.8686193,,syn,1,,441.5,4.5,Lickford et al 2003,436.7,3.3,Pacey thesis,,,,,,,,,,,,,,biotite quartz monzonite,BQM,,MAG 2,,,,,61.8,17.35,5.43,,5.41914,1.24,2.5,5.47,3.77,0.36,0.23,0.09,,1.37,,,,,,,100,<0.5,,3.1,0.002,,749,,0.01,<0.5,29.8,,,9,10,,0.3,234,2.4,1.62,0.82,,,20.5,2.41,,4,0.012,0.54,,,15.7,<10,0.29,,,1,,6.4,13,3,,8,0.002,3.48,<0.0005,63.9,,0.11,,0.5,,2.69,1,839,0.3,0.39,0.01,4.13,,,0.25,2.34,129,3,15.6,1.78,65,147,,,,,,,,,,,,,,,,,,,,,1
NP13AP133,,Paper,,"The anatomy of an alkalic porphyry Cu-Au system: geology and alteration at Northparkes Mines, New South Wales, Australia",Econ. Geol,Pacey et al,2019,Northparkes,Northparkes,Cu-Au,K,,,,,,,,,,598759.4769,6354878.467,-125.2462984,,syn,1,,441.5,4.5,Lickford et al 2003,436.7,3.3,Pacey thesis,,,,,,,,,,,,,,alkali feldspar granite,AFG,,PRO 2,,,,,62.5,17.65,4.38,,4.37124,1.47,3.04,4.93,3.82,0.38,0.21,0.13,,1.84,,,,,,,101.22,<0.5,,1.5,0.001,,1050,,<0.01,<0.5,32.2,,,6,<10,,0.38,292,2.4,1.57,0.82,,,18.6,2.82,,3.5,0.009,0.52,,,17.5,<10,0.33,,,5,,6.1,13.9,6,,12,0.004,3.61,<0.0005,64.8,,0.11,,0.6,,2.99,4,1020,0.4,0.42,0.02,3.96,,,0.27,2.08,127,4,15.1,1.71,64,140,,,,,,,,,,,,,,,,,,,,,1
NP13AP134,,Paper,,"The anatomy of an alkalic porphyry Cu-Au system: geology and alteration at Northparkes Mines, New South Wales, Australia",Econ. Geol,Pacey et al,2019,Northparkes,Northparkes,Cu-Au,K,,,,,,,,,,598786.9031,6354894.483,-65.12506243,,syn,1,,441.5,4.5,Lickford et al 2003,436.7,3.3,Pacey thesis,,,,,,,,,,,,,,alkali feldspar granite,AFG,,PRO 2,,,,,64.2,16.15,3.53,,3.52294,1.33,2.47,3.42,5.01,0.32,0.15,0.17,,1.99,,,,,,,99.47,<0.5,,0.8,0.001,,715,,0.02,<0.5,35.7,,,5,10,,0.44,338,2.73,1.87,0.72,,,17.5,2.85,,4.6,0.005,0.6,,,19.5,<10,0.36,,,3,,8.8,15.3,1,,23,0.001,3.95,<0.0005,90.6,,0.14,,0.6,,3.12,2,666,0.6,0.46,0.02,7.09,,,0.34,3.38,86,2,17.7,2.24,80,178,,,,,,,,,,,,,,,,,,,,,1
NP13AP135,,Paper,,"The anatomy of an alkalic porphyry Cu-Au system: geology and alteration at Northparkes Mines, New South Wales, Australia",Econ. Geol,Pacey et al,2019,Northparkes,Northparkes,Cu-Au,K,,,,,,,,,,598777.5186,6354888.741,-86.45472463,,syn,1,,441.5,4.5,Lickford et al 2003,436.7,3.3,Pacey thesis,,,,,,,,,,,,,,biotite quartz monzonite,BQM,,SER 2,,,,,59.4,17.15,5.15,,5.1397,2.99,2.71,1.8,3.89,0.38,0.24,0.41,,4.28,,,,,,,100.45,0.5,,2,0.003,,633,,0.09,<0.5,73.8,,,16,10,,1.01,1025,3.47,2.05,1.72,,,20.3,4.76,,3.5,0.009,0.71,,,45.3,10,0.35,,,2,,7.1,29.9,3,,10,0.003,7.89,<0.0005,124.5,,0.16,,1.9,,5.4,2,658,0.5,0.61,0.09,5.16,,,0.34,2.86,123,6,20.9,2.1,154,124,,,,,,,,,,,,,,,,,,,,,1
NP13AP136,,Paper,,"The anatomy of an alkalic porphyry Cu-Au system: geology and alteration at Northparkes Mines, New South Wales, Australia",Econ. Geol,Pacey et al,2019,Northparkes,Northparkes,Cu-Au,K,,,,,,,,,,598783.3796,6354892.294,-73.22462867,,syn,1,,441.5,4.5,Lickford et al 2003,436.7,3.3,Pacey thesis,,,,,,,,,,,,,,biotite quartz monzonite,BQM,,SER 3,,,,,59,16.8,4.69,,4.68062,2.77,3.07,0.29,4.71,0.37,0.23,0.62,,4.98,,,,,,,99.85,1.4,,8,0.017,,675,,0.35,4.8,34.4,,,7,10,,1.55,2610,2.45,1.66,0.75,,,19.4,2.69,,3.3,0.052,0.52,,,18.9,10,0.31,,,7,,6.4,14.9,2,,1165,0.003,3.84,<0.0005,148.5,,0.24,,1.8,,3.21,2,337,0.5,0.42,0.39,4.52,,,0.27,2.28,126,10,15.3,1.87,1555,130,,,,,,,,,,,,,,,,,,,,,1
NP13AP141,,Paper,,"The anatomy of an alkalic porphyry Cu-Au system: geology and alteration at Northparkes Mines, New South Wales, Australia",Econ. Geol,Pacey et al,2019,Northparkes,Northparkes,Cu-Au,K,,,,,,,,,,598777.5186,6354888.741,-86.45472463,,syn,1,,441.5,4.5,Lickford et al 2003,436.7,3.3,Pacey thesis,,,,,,,,,,,,,,biotite quartz monzonite,BQM,,SER 3,,,,,66.4,18.1,3.64,,3.63272,0.72,1.46,0.35,5.47,0.42,0.2,0.03,,3.9,,,,,,,102.76,<0.5,,2.7,0.009,,939,,0.11,<0.5,23,,,15,10,,0.55,1200,2.2,1.55,0.5,,,21.3,2.1,,3.8,0.008,0.45,,,12.7,10,0.31,,,10,,6.4,10.8,2,,7,0.006,3.03,<0.0005,136,,0.09,,2.4,,2.55,4,232,0.5,0.34,0.11,4.63,,,0.27,2.6,129,8,12,1.78,23,134,,,,,,,,,,,,,,,,,,,,,1
NP13AP142,,Paper,,"The anatomy of an alkalic porphyry Cu-Au system: geology and alteration at Northparkes Mines, New South Wales, Australia",Econ. Geol,Pacey et al,2019,Northparkes,Northparkes,Cu-Au,K,,,,,,,,,,598789.3544,6354896.03,-59.41920492,,syn,1,,441.5,4.5,Lickford et al 2003,436.7,3.3,Pacey thesis,,,,,,,,,,,,,,biotite quartz monzonite,BQM,,SER 3,,,,,65,16.95,3.22,,3.21356,0.56,2.18,0.29,5.22,0.35,0.12,0.01,,3.9,,,,,,,100.45,<0.5,,5.6,0.005,,608,,0.07,<0.5,36.4,,,12,10,,0.38,37,2.97,2.25,0.76,,,20.7,3.22,,4.8,0.009,0.65,,,20.5,<10,0.47,,,14,,8.9,16,1,,2,0.002,4.19,<0.0005,126,,0.09,,1.7,,3.59,4,495,0.6,0.5,0.21,6.74,,,0.39,2.6,101,6,20,2.62,11,173,,,,,,,,,,,,,,,,,,,,,1
NP13AP143,,Paper,,"The anatomy of an alkalic porphyry Cu-Au system: geology and alteration at Northparkes Mines, New South Wales, Australia",Econ. Geol,Pacey et al,2019,Northparkes,Northparkes,Cu-Au,K,,,,,,,,,,598792.2923,6354897.911,-52.49877595,,syn,1,,441.5,4.5,Lickford et al 2003,436.7,3.3,Pacey thesis,,,,,,,,,,,,,,biotite quartz monzonite,BQM,,SER 3,,,,,63.7,15.1,4.71,,4.70058,0.65,3.39,0.36,4.62,0.29,0.18,0.02,,6.11,,,,,,,103.59,1.3,,3.7,0.019,,637,,0.28,<0.5,36.7,,,21,10,,0.45,4060,2.3,1.67,0.68,,,20.9,2.71,,5,0.017,0.54,,,20.1,<10,0.38,,,17,,8.4,14.5,1,,14,0.002,4.19,<0.0005,128,,0.12,,5.2,,3.14,4,612,0.5,0.42,0.3,6.94,,,0.3,3.27,93,6,15.9,2.13,66,183,,,,,,,,,,,,,,,,,,,,,1
NP13AP152,,Paper,,"The anatomy of an alkalic porphyry Cu-Au system: geology and alteration at Northparkes Mines, New South Wales, Australia",Econ. Geol,Pacey et al,2019,Northparkes,Northparkes,Cu-Au,K,,,,,,,,,,598696.3048,6354849.211,-242.0222082,,syn,1,,441.5,4.5,Lickford et al 2003,436.7,3.3,Pacey thesis,,,,,,,,,,,,,,biotite quartz monzonite,BQM,,MAG 1,,,,,61.9,17.5,4.78,,4.77044,1.36,3.18,5.47,4.19,0.38,0.22,0.16,,0.84,,,,,,,100.34,<0.5,,5.1,0.001,,984,,0.04,<0.5,33.3,,,6,10,,0.17,94,2.54,1.73,0.88,,,19.7,2.88,,3.3,0.011,0.52,,,17.7,<10,0.3,,,3,,6.1,14.6,2,,8,0.003,3.72,<0.0005,62.2,,0.12,,0.8,,3.14,1,1025,0.4,0.41,0.01,3.62,,,0.27,1.8,117,1,14.8,1.93,91,125,,,,,,,,,,,,,,,,,,,,,1
NP13AP155,,Paper,,"The anatomy of an alkalic porphyry Cu-Au system: geology and alteration at Northparkes Mines, New South Wales, Australia",Econ. Geol,Pacey et al,2019,Northparkes,Northparkes,Cu-Au,K,,,,,,,,,,598617.4548,6354824.176,-356.8242661,,syn,1,,441.5,4.5,Lickford et al 2003,436.7,3.3,Pacey thesis,,,,,,,,,,,,,,biotite quartz monzonite,BQM,,SER 3,,,,,61.5,17.35,5.15,,5.1397,0.4,4.25,0.37,5.19,0.38,0.17,0.03,,4.63,,,,,,,104.44,<0.5,,2.1,0.004,,498,,0.18,<0.5,33.5,,,18,10,,0.43,95,2.01,1.37,0.73,,,19.8,2.4,,3.7,0.012,0.45,,,18.2,<10,0.27,,,6,,6.5,13.2,1,,<2,0.004,3.81,<0.0005,128,,0.11,,3.1,,3.02,5,960,0.3,0.37,0.23,4.49,,,0.23,1.77,139,11,13.1,1.37,12,142,,,,,,,,,,,,,,,,,,,,,1
NP13AP156,,Paper,,"The anatomy of an alkalic porphyry Cu-Au system: geology and alteration at Northparkes Mines, New South Wales, Australia",Econ. Geol,Pacey et al,2019,Northparkes,Northparkes,Cu-Au,K,,,,,,,,,,598617.8491,6354824.276,-356.3171975,,syn,1,,441.5,4.5,Lickford et al 2003,436.7,3.3,Pacey thesis,,,,,,,,,,,,,,biotite quartz monzonite,BQM,,SER 3,,,,,59.8,17.45,6.08,,6.06784,2.18,2.48,0.46,5.21,0.41,0.23,0.16,,4.65,,,,,,,102.02,0.8,,2.4,0.017,,818,,0.1,<0.5,32.4,,,14,10,,0.72,2710,2.54,1.65,0.78,,,20.9,2.84,,3.6,0.016,0.52,,,16.8,10,0.32,,,3,,6.3,14.8,3,,3,0.003,3.83,<0.0005,132.5,,0.08,,2.2,,3.18,2,363,0.4,0.42,0.09,3.91,,,0.28,2.38,115,6,15,1.86,112,134,,,,,,,,,,,,,,,,,,,,,1
NP13AP161,,Paper,,"The anatomy of an alkalic porphyry Cu-Au system: geology and alteration at Northparkes Mines, New South Wales, Australia",Econ. Geol,Pacey et al,2019,Northparkes,Northparkes,Cu-Au,K,,,,,,,,,,598374.4523,6354717.178,-560.4354553,,syn,1,,441.5,4.5,Lickford et al 2003,436.7,3.3,Pacey thesis,,,,,,,,,,,,,,biotite quartz monzonite,BQM,,MAG 2,,,,,58.3,17.3,3.98,,3.97204,1.61,3.42,3.16,5.83,0.36,0.14,0.14,,3.74,,,,,,,100.15,0.6,,0.9,0.036,,1030,,0.03,<0.5,18.9,,,5,10,,0.46,1835,1.19,0.84,0.51,,,15.4,1.3,,3.3,0.016,0.27,,,10.9,<10,0.18,,,12,,5.9,7.4,2,,11,0.001,2.2,<0.0005,127,,0.06,,1.6,,1.81,3,916,0.3,0.2,0.02,3.82,,,0.14,1.37,130,6,7.9,0.85,44,120,,,,,,,,,,,,,,,,,,,,,1
NP13AP171,,Paper,,"The anatomy of an alkalic porphyry Cu-Au system: geology and alteration at Northparkes Mines, New South Wales, Australia",Econ. Geol,Pacey et al,2019,Northparkes,Northparkes,Cu-Au,K,,,,,,,,,,597888.1901,6354919.029,-555.2410212,,pre,4,,441.5,4.5,Lickford et al 2003,452,,Pacey thesis,,,,,,,,,,,,,,trachytic volcanic breccia,TVB,,KFS 2,,,,,60.5,17.05,3.49,,3.48302,1.03,3.18,4.75,5.48,0.39,0.21,0.07,,2.38,,,,,,,99.62,0.6,,2.6,0.041,,976,,0.15,<0.5,42.1,,,5,10,,0.34,2670,3.32,2.32,1.1,,,16.8,3.53,,3.4,0.021,0.71,,,22.6,<10,0.37,,,168,,8.1,18.6,2,,14,0.001,4.71,<0.0005,88.5,,0.08,,2.2,,4.06,2,982,0.5,0.56,0.11,4.82,,,0.36,2.06,85,4,20.2,2.38,41,134,,,,,,,,,,,,,,,,,,,,,0
NP13AP195,,Paper,,"The anatomy of an alkalic porphyry Cu-Au system: geology and alteration at Northparkes Mines, New South Wales, Australia",Econ. Geol,Pacey et al,2019,Northparkes,Northparkes,Cu-Au,K,,,,,,,,,,597875.2891,6355102.639,-651.9122807,,pre,4,,441.5,4.5,Lickford et al 2003,452,,Pacey thesis,,,,,,,,,,,,,,trachytic volcanic breccia,TVB,,KFS 1,,,,,61.9,18.35,4.86,,4.85028,1.15,1.66,5.5,5.33,0.43,0.25,0.11,,1.38,,,,,,,101.37,<0.5,,2,0.002,,1060,,<0.01,<0.5,45.8,,,6,10,,0.32,358,3.76,2.7,1.2,,,18.4,4.07,,3.7,0.008,0.79,,,24.4,<10,0.48,,,3,,8.7,20.6,1,,10,0.001,5.31,<0.0005,88.3,,0.13,,0.5,,4.69,3,725,0.5,0.67,0.01,5.23,,,0.41,2.61,89,2,23.9,2.7,50,148,,,,,,,,,,,,,,,,,,,,,0
NP13AP198,,Paper,,"The anatomy of an alkalic porphyry Cu-Au system: geology and alteration at Northparkes Mines, New South Wales, Australia",Econ. Geol,Pacey et al,2019,Northparkes,Northparkes,Cu-Au,K,,,,,,,,,,598278.2939,6354676.803,-601.1527091,,syn,1,,441.5,4.5,Lickford et al 2003,436.7,3.3,Pacey thesis,,,,,,,,,,,,,,biotite quartz monzonite,BQM,,KFS 2,,,,,62.6,15.55,3.46,,3.45308,1.31,3.51,4.55,4.44,0.33,0.18,0.04,,2.87,,,,,,,101.18,3.3,,1,0.767,,841,,0.59,<0.5,30,,,4,10,,0.2,9110,2.17,1.54,0.73,,,16.3,2.55,,3.2,0.011,0.45,,,16.8,<10,0.28,,,13,,6.1,13.3,3,,13,0.005,3.34,<0.0005,80.1,,0.09,,10.7,,2.7,2,962,0.4,0.37,0.98,4.12,,,0.22,1.46,133,4,13.5,1.6,153,118,,,,,,,,,,,,,,,,,,,,,1
NP13AP199,,Paper,,"The anatomy of an alkalic porphyry Cu-Au system: geology and alteration at Northparkes Mines, New South Wales, Australia",Econ. Geol,Pacey et al,2019,Northparkes,Northparkes,Cu-Au,K,,,,,,,,,,598329.103,6354696.799,-581.484521,,syn,1,,441.5,4.5,Lickford et al 2003,436.7,3.3,Pacey thesis,,,,,,,,,,,,,,biotite quartz monzonite,BQM,,KFS 3,,,,,61.9,16.4,3.67,,3.66266,1.56,2.91,4.9,4.35,0.36,0.2,0.05,,3.35,,,,,,,101.15,0.8,,1.8,0.04,,938,,0.08,<0.5,31.6,,,7,10,,0.3,2200,2.4,1.72,0.8,,,18.1,2.75,,3.3,0.011,0.52,,,17.2,10,0.31,,,6,,6.4,13.9,4,,11,0.003,3.52,<0.0005,80.9,,0.07,,2.4,,2.85,1,1200,0.4,0.4,0.17,4.5,,,0.26,1.53,133,2,15,1.73,36,128,,,,,,,,,,,,,,,,,,,,,1
NP13AP200,,Paper,,"The anatomy of an alkalic porphyry Cu-Au system: geology and alteration at Northparkes Mines, New South Wales, Australia",Econ. Geol,Pacey et al,2019,Northparkes,Northparkes,Cu-Au,K,,,,,,,,,,598329.103,6354696.799,-581.484521,,syn,1,,441.5,4.5,Lickford et al 2003,436.7,3.3,Pacey thesis,,,,,,,,,,,,,,biotite quartz monzonite,BQM,,KFS 3,,,,,61.2,16.6,3.49,,3.48302,1.54,3.03,5.01,4.16,0.38,0.21,0.05,,3.38,,,,,,,100.67,1.4,,1.4,0.077,,898,,0.23,<0.5,32.5,,,6,10,,0.4,3390,2.63,1.73,0.77,,,18.1,2.61,,3.4,0.011,0.54,,,17.7,10,0.31,,,4,,6.6,14.1,3,,13,0.003,3.63,<0.0005,79.9,,0.08,,3.7,,3.13,1,1110,0.4,0.47,0.22,4.49,,,0.27,1.83,139,2,15.7,1.88,35,135,,,,,,,,,,,,,,,,,,,,,1
NP13AP218,,Paper,,"The anatomy of an alkalic porphyry Cu-Au system: geology and alteration at Northparkes Mines, New South Wales, Australia",Econ. Geol,Pacey et al,2019,Northparkes,Northparkes,Cu-Au,K,,,,,,,,,,597859.3097,6355277.379,-767.0661801,,syn,1,,441.5,4.5,Lickford et al 2003,436.7,3.3,Pacey thesis,,,,,,,,,,,,,,syenite,SYN,,KFS 1,,,,,62.1,17.35,5.16,,5.14968,1.27,2.32,4.89,3.91,0.35,0.16,0.24,,1.89,,,,,,,101.28,<0.5,,1.1,0.003,,1325,,0.05,<0.5,32.1,,,15,10,,0.18,315,2.31,1.58,0.72,,,19,2.58,,2.9,0.013,0.51,,,17.7,<10,0.3,,,9,,5.8,14,3,,25,0.002,3.52,<0.0005,66.8,,0.1,,1,,2.86,2,991,0.4,0.4,0.07,3.44,,,0.24,2.68,107,2,14.5,1.64,126,111,,,,,,,,,,,,,,,,,,,,,1
NP13AP219,,Paper,,"The anatomy of an alkalic porphyry Cu-Au system: geology and alteration at Northparkes Mines, New South Wales, Australia",Econ. Geol,Pacey et al,2019,Northparkes,Northparkes,Cu-Au,K,,,,,,,,,,597859.1878,6355282.512,-770.1701452,,syn,1,,441.5,4.5,Lickford et al 2003,436.7,3.3,Pacey thesis,,,,,,,,,,,,,,syenite,SYN,,PRO 1,,,,,61.8,17.5,5.04,,5.02992,1.24,2.99,4.9,3.86,0.36,0.18,0.2,,1.58,,,,,,,100.63,<0.5,,0.5,0.002,,1190,,0.01,<0.5,28.1,,,4,10,,0.21,388,2.16,1.42,0.72,,,19.4,2.15,,2.7,0.016,0.47,,,15.7,<10,0.24,,,3,,5.2,11.4,5,,12,0.002,3.29,<0.0005,66.9,,0.08,,0.7,,2.57,1,1095,0.2,0.35,0.02,2.87,,,0.23,1.47,114,3,13.7,1.5,88,101,,,,,,,,,,,,,,,,,,,,,1
NP13AP227,,Paper,,"The anatomy of an alkalic porphyry Cu-Au system: geology and alteration at Northparkes Mines, New South Wales, Australia",Econ. Geol,Pacey et al,2019,Northparkes,Northparkes,Cu-Au,K,,,,,,,,,,597865.8599,6355511.688,-883.0207288,,syn,1,,441.5,4.5,Lickford et al 2003,436.7,3.3,Pacey thesis,,,,,,,,,,,,,,alkali feldspar granite,AFG,,PRO 1,,,,,65.5,16.4,2.91,,2.90418,0.59,1.6,4.58,5.37,0.22,0.1,0.17,,0.63,,,,,,,98.31,<0.5,,1.6,0.001,,479,,0.03,<0.5,30.9,,,5,10,,0.23,18,2.61,2.01,0.63,,,17.6,2.56,,5.6,0.006,0.61,,,17.8,<10,0.47,,,1,,7.5,12.6,<1,,12,0.001,3.41,<0.0005,99.4,,0.12,,0.4,,2.76,2,492,0.8,0.47,0.01,6.71,,,0.39,3.1,50,2,16.8,2.35,77,217,,,,,,,,,,,,,,,,,,,,,1
NP13AP228,,Paper,,"The anatomy of an alkalic porphyry Cu-Au system: geology and alteration at Northparkes Mines, New South Wales, Australia",Econ. Geol,Pacey et al,2019,Northparkes,Northparkes,Cu-Au,K,,,,,,,,,,597865.1265,6355502.374,-879.4553472,,syn,1,,441.5,4.5,Lickford et al 2003,436.7,3.3,Pacey thesis,,,,,,,,,,,,,,alkali feldspar granite,AFG,,PRO 2,,,,,66.9,16.05,3.03,,3.02394,0.78,2.18,3.8,4.93,0.26,0.12,0.27,,1.78,,,,,,,100.59,<0.5,,0.9,0.001,,629,,0.05,<0.5,45.4,,,3,10,,0.4,17,3.37,2.4,0.73,,,16.7,3.31,,5,0.044,0.72,,,23.9,<10,0.55,,,2,,11.7,18.2,<1,,14,0.001,4.98,<0.0005,85.1,,0.15,,0.5,,3.65,3,541,1,0.56,<0.01,7.29,,,0.45,3.87,60,2,21.7,2.96,209,171,,,,,,,,,,,,,,,,,,,,,1
NP13AP229,,Paper,,"The anatomy of an alkalic porphyry Cu-Au system: geology and alteration at Northparkes Mines, New South Wales, Australia",Econ. Geol,Pacey et al,2019,Northparkes,Northparkes,Cu-Au,K,,,,,,,,,,597865.1265,6355502.374,-879.4553472,,syn,1,,441.5,4.5,Lickford et al 2003,436.7,3.3,Pacey thesis,,,,,,,,,,,,,,alkali feldspar granite,AFG,,PRO 3,,,,,65.2,15.25,4.09,,4.08182,1.34,3.58,0.32,4.4,0.24,0.12,0.3,,3.03,,,,,,,100.38,<0.5,,7.3,0.004,,409,,0.82,4.5,44.6,,,6,10,,1.31,601,3.61,2.68,0.99,,,17,3.56,,4,0.622,0.82,,,23.8,<10,0.52,,,4,,8.7,18,<1,,12,0.002,4.81,<0.0005,126,,0.21,,1.4,,3.69,3,420,0.6,0.62,0.22,5.08,,,0.45,3.79,58,4,24.1,3.08,1460,155,,,,,,,,,,,,,,,,,,,,,1
NP13AP234,,Paper,,"The anatomy of an alkalic porphyry Cu-Au system: geology and alteration at Northparkes Mines, New South Wales, Australia",Econ. Geol,Pacey et al,2019,Northparkes,Northparkes,Cu-Au,K,,,,,,,,,,597861.2354,6355443.423,-854.8657586,,pre,4,,441.5,4.5,Lickford et al 2003,452,,Pacey thesis,,,,,,,,,,,,,,trachyte,TR,,PRO 1,,,,,58.3,18.05,5.61,,5.59878,1.61,2.95,5.53,5.17,0.61,0.39,0.24,,1.6,,,,,,,100.52,<0.5,,3.6,0.001,,1180,,0.02,<0.5,46.6,,,9,10,,0.36,30,3.71,2.53,1.29,,,19.4,4.23,,3.4,0.015,0.8,,,24.6,<10,0.39,,,3,,8.9,21.7,<1,,16,<0.001,5.41,<0.0005,84.4,,0.29,,0.5,,4.93,1,872,0.5,0.64,0.02,4.64,,,0.35,2.31,113,1,22.7,2.65,154,132,,,,,,,,,,,,,,,,,,,,,0
NP13AP239,,Paper,,"The anatomy of an alkalic porphyry Cu-Au system: geology and alteration at Northparkes Mines, New South Wales, Australia",Econ. Geol,Pacey et al,2019,Northparkes,Northparkes,Cu-Au,K,,,,,,,,,,597066.0121,6356923.539,-30.14224703,,pre,4,,441.5,4.5,Lickford et al 2003,452,,Pacey thesis,,,,,,,,,,,,,,trachyandesite,AND,,PRO 4,,,,,51.4,20.6,6.95,,6.9361,3.94,3.36,0.37,5.6,0.6,0.51,0.29,,5.66,,,,,,,101.3,<0.5,,15.2,0.038,,904,,0.26,<0.5,28.1,,,11,<10,,1.46,9,2.84,2.04,0.95,,,21.8,3.41,,2.2,0.01,0.61,,,14.2,10,0.34,,,1,,5.4,14.5,2,,6,0.004,3.36,<0.0005,162,,0.23,,0.7,,3.37,1,165.5,0.3,0.52,0.2,2.74,,,0.31,1.12,209,6,17.1,2.05,67,88,,,,,,,,,,,,,,,,,,,,,0
NP13AP241,,Paper,,"The anatomy of an alkalic porphyry Cu-Au system: geology and alteration at Northparkes Mines, New South Wales, Australia",Econ. Geol,Pacey et al,2019,Northparkes,Northparkes,Cu-Au,K,,,,,,,,,,597066.0121,6356923.539,-30.14224703,,pre,4,,441.5,4.5,Lickford et al 2003,452,,Pacey thesis,,,,,,,,,,,,,,trachyandesite,AND,,PRO 3,,,,,53.1,20.1,5.53,,5.51894,2.89,5.68,4.08,3.61,0.58,0.49,0.25,,3.41,,,,,,,100.35,<0.5,,3.3,0.001,,797,,0.06,<0.5,34.4,,,10,10,,0.51,219,3.38,2.09,1.25,,,19.4,4.02,,2.1,0.013,0.69,,,18.3,<10,0.3,,,1,,5.3,17.4,1,,5,0.003,4.13,<0.0005,61.4,,0.25,,0.5,,3.96,1,1050,0.4,0.55,0.04,2.69,,,0.32,0.94,188,4,19.5,2,62,79,,,,,,,,,,,,,,,,,,,,,0
NP13AP242,,Paper,,"The anatomy of an alkalic porphyry Cu-Au system: geology and alteration at Northparkes Mines, New South Wales, Australia",Econ. Geol,Pacey et al,2019,Northparkes,Northparkes,Cu-Au,K,,,,,,,,,,597066.0121,6356923.539,-30.14224703,,pre,4,,441.5,4.5,Lickford et al 2003,452,,Pacey thesis,,,,,,,,,,,,,,trachyandesite,AND,,PRO 2,,,,,53.6,21.2,6.17,,6.15766,2.53,5.26,3.72,3.98,0.62,0.5,0.19,,2.82,,,,,,,101.22,<0.5,,2.7,0.003,,1240,,0.05,<0.5,34.8,,,13,<10,,0.64,305,3.29,2.04,1.33,,,19.9,3.8,,2.1,0.018,0.66,,,18.4,10,0.32,,,<1,,5.5,17.4,2,,7,0.004,4.15,<0.0005,58.1,,0.44,,0.7,,4.08,2,1300,0.4,0.61,0.01,2.8,,,0.32,1.4,196,3,19.3,2.04,77,81,,,,,,,,,,,,,,,,,,,,,0
NP13AP243,,Paper,,"The anatomy of an alkalic porphyry Cu-Au system: geology and alteration at Northparkes Mines, New South Wales, Australia",Econ. Geol,Pacey et al,2019,Northparkes,Northparkes,Cu-Au,K,,,,,,,,,,597074.2295,6356909.214,-57.43468734,,pre,4,,441.5,4.5,Lickford et al 2003,452,,Pacey thesis,,,,,,,,,,,,,,trachyandesite,AND,,SER 1,,,,,53.2,20.3,6.19,,6.17762,3,5.03,4.29,3.99,0.62,0.51,0.19,,2.09,,,,,,,99.86,<0.5,,2.3,0.004,,1200,,0.01,<0.5,34.1,,,13,10,,0.37,279,3.39,2.11,1.37,,,20.1,3.83,,2.1,0.01,0.7,,,17.8,10,0.3,,,1,,5.3,17.9,2,,8,0.003,4.24,<0.0005,50.6,,0.27,,0.7,,4.04,1,1605,0.3,0.58,0.02,2.76,,,0.31,0.93,189,1,18.7,2.02,88,77,,,,,,,,,,,,,,,,,,,,,0
NP13AP244,,Paper,,"The anatomy of an alkalic porphyry Cu-Au system: geology and alteration at Northparkes Mines, New South Wales, Australia",Econ. Geol,Pacey et al,2019,Northparkes,Northparkes,Cu-Au,K,,,,,,,,,,597074.2295,6356909.214,-57.43468734,,pre,4,,441.5,4.5,Lickford et al 2003,452,,Pacey thesis,,,,,,,,,,,,,,trachyandesite,AND,,MAG 1,,,,,51.9,20.5,6.16,,6.14768,2.74,5.84,4,3.84,0.64,0.48,0.19,,1.58,,,,,,,98.26,<0.5,,2.1,0.005,,1185,,0.01,<0.5,33.6,,,13,10,,0.34,220,3.23,1.99,1.29,,,20.2,3.59,,2,0.014,0.66,,,17.4,<10,0.3,,,1,,5.2,17,4,,10,0.003,4.15,<0.0005,50.6,,0.22,,0.8,,3.91,1,1535,0.2,0.55,0.02,2.51,,,0.32,0.89,183,2,18.2,1.92,89,75,,,,,,,,,,,,,,,,,,,,,0
NP13AP245,,Paper,,"The anatomy of an alkalic porphyry Cu-Au system: geology and alteration at Northparkes Mines, New South Wales, Australia",Econ. Geol,Pacey et al,2019,Northparkes,Northparkes,Cu-Au,K,,,,,,,,,,597066.0121,6356923.539,-30.14224703,,pre,4,,441.5,4.5,Lickford et al 2003,452,,Pacey thesis,,,,,,,,,,,,,,trachyandesite,AND,,PRO 3,,,,,51.1,19.1,7.06,,7.04588,3.83,7.34,2.68,2.54,0.6,0.46,0.35,,5.7,,,,,,,101.65,<0.5,,5.5,0.002,,320,,0.12,<0.5,35.9,,,8,<10,,0.7,210,3.41,2.13,1.36,,,21.4,3.84,,1.8,0.013,0.72,,,19.4,<10,0.29,,,1,,4.5,18.1,3,,9,0.004,4.44,<0.0005,56.2,,0.39,,0.7,,4.31,1,736,0.2,0.59,0.03,2.39,,,0.3,0.62,179,4,19.8,1.96,58,68,,,,,,,,,,,,,,,,,,,,,0
NP13AP246,,Paper,,"The anatomy of an alkalic porphyry Cu-Au system: geology and alteration at Northparkes Mines, New South Wales, Australia",Econ. Geol,Pacey et al,2019,Northparkes,Northparkes,Cu-Au,K,,,,,,,,,,597066.0121,6356923.539,-30.14224703,,pre,4,,441.5,4.5,Lickford et al 2003,452,,Pacey thesis,,,,,,,,,,,,,,trachyandesite,AND,,PRO 3,,,,,52.3,20.9,6.09,,6.07782,3.01,4.5,4.87,2.53,0.63,0.52,0.23,,3.9,,,,,,,101.44,<0.5,,3.6,0.004,,338,,0.37,<0.5,31.8,,,14,<10,,0.61,76,3.09,1.99,1.01,,,17.9,3.21,,1.9,0.022,0.62,,,16.6,<10,0.32,,,1,,5.1,15.5,3,,6,0.004,3.81,<0.0005,47.1,,0.22,,0.8,,3.36,2,801,0.3,0.52,0.37,2.63,,,0.28,1,196,3,17.4,1.71,86,73,,,,,,,,,,,,,,,,,,,,,0
NP13AP282,,Paper,,"The anatomy of an alkalic porphyry Cu-Au system: geology and alteration at Northparkes Mines, New South Wales, Australia",Econ. Geol,Pacey et al,2019,Northparkes,Northparkes,Cu-Au,K,,,,,,,,,,597088.4662,6356883.76,-104.3587646,,pre,4,,441.5,4.5,Lickford et al 2003,452,,Pacey thesis,,,,,,,,,,,,,,trachyandesite,AND,,PRO 1,,,,,52.5,18.3,9.1,,9.0818,4.01,6.66,3.81,3.86,0.82,0.5,0.23,,1.16,,,,,,,101.28,<0.5,,2.6,0.004,,1145,,0.01,<0.5,36.6,,,21,10,,0.25,243,4,2.57,1.37,,,20.1,4.48,,2.3,0.01,0.81,,,18.6,<10,0.38,,,2,,5.6,19.4,8,,7,0.019,4.57,0.0012,46.9,,0.32,,0.5,,4.73,1,1425,0.3,0.68,0.02,2.53,,,0.4,1.2,264,1,22.8,2.55,127,85,,,,,,,,,,,,,,,,,,,,,0
NP13AP283,,Paper,,"The anatomy of an alkalic porphyry Cu-Au system: geology and alteration at Northparkes Mines, New South Wales, Australia",Econ. Geol,Pacey et al,2019,Northparkes,Northparkes,Cu-Au,K,,,,,,,,,,597890.7989,6355759.546,-957.1109403,,syn,1,,441.5,4.5,Lickford et al 2003,436.7,3.3,Pacey thesis,,,,,,,,,,,,,,biotite quartz monzonite,BQM,,PRO 1,,,,,59.9,18.3,5.04,,5.02992,1.84,3.96,5.04,3.63,0.5,0.29,0.19,,1.01,,,,,,,99.97,<0.5,,2.3,0.001,,736,,<0.01,<0.5,39.5,,,10,<10,,0.22,61,3.05,2.02,1.08,,,19.1,3.72,,2.2,0.015,0.63,,,20.7,<10,0.35,,,1,,6.8,18.2,2,,6,0.003,4.59,<0.0005,54.2,,0.14,,0.4,,3.98,2,1265,0.5,0.54,0.01,4.07,,,0.28,1.72,145,1,18.2,2.07,82,80,,,,,,,,,,,,,,,,,,,,,1
NP13AP287,,Paper,,"The anatomy of an alkalic porphyry Cu-Au system: geology and alteration at Northparkes Mines, New South Wales, Australia",Econ. Geol,Pacey et al,2019,Northparkes,Northparkes,Cu-Au,K,,,,,,,,,,597873.8978,6355598.567,-912.1220703,,syn,1,,441.5,4.5,Lickford et al 2003,436.7,3.3,Pacey thesis,,,,,,,,,,,,,,alkali feldspar granite,AFG,,SER 1,,,,,65.7,17.1,2.91,,2.90418,0.57,1.53,5.02,6.31,0.22,0.1,0.15,,0.98,,,,,,,100.93,<0.5,,1.2,0.002,,593,,0.01,<0.5,24.3,,,4,10,,0.25,131,1.75,1.42,0.73,,,16.8,1.89,,5.6,<0.005,0.38,,,14.8,<10,0.32,,,5,,5.7,9.3,<1,,9,0.003,2.55,<0.0005,102,,0.13,,0.5,,2.15,1,473,0.4,0.3,0.01,4.99,,,0.24,2.3,44,1,11.9,1.69,73,238,,,,,,,,,,,,,,,,,,,,,1
NP13AP288,,Paper,,"The anatomy of an alkalic porphyry Cu-Au system: geology and alteration at Northparkes Mines, New South Wales, Australia",Econ. Geol,Pacey et al,2019,Northparkes,Northparkes,Cu-Au,K,,,,,,,,,,597880.3233,6355659.877,-929.3181492,,syn,1,,441.5,4.5,Lickford et al 2003,436.7,3.3,Pacey thesis,,,,,,,,,,,,,,biotite quartz monzonite,BQM,,SER 3,,,,,58.7,17.75,6.77,,6.75646,2.58,2.78,0.06,4.85,0.43,0.27,0.49,,5.12,,,,,,,100.71,<0.5,,1.5,0.001,,756,,0.16,<0.5,37,,,11,10,,1.5,382,2.91,1.87,0.93,,,19.2,3.21,,2.6,0.018,0.57,,,19.8,<10,0.34,,,5,,6.5,16.2,2,,5,0.003,4.2,<0.0005,153,,0.27,,0.6,,3.34,2,157,0.5,0.49,0.04,3.58,,,0.29,2.02,139,6,17,1.93,105,97,,,,,,,,,,,,,,,,,,,,,1
NP13AP289,,Paper,,"The anatomy of an alkalic porphyry Cu-Au system: geology and alteration at Northparkes Mines, New South Wales, Australia",Econ. Geol,Pacey et al,2019,Northparkes,Northparkes,Cu-Au,K,,,,,,,,,,597880.7263,6355663.71,-930.3871027,,syn,1,,441.5,4.5,Lickford et al 2003,436.7,3.3,Pacey thesis,,,,,,,,,,,,,,biotite quartz monzonite,BQM,,PRO 3,,,,,58.1,17.5,5.37,,5.35926,2.28,4.41,1.36,4.37,0.39,0.25,0.63,,5.27,,,,,,,100.93,<0.5,,1.2,0.001,,1030,,0.08,<0.5,34.8,,,7,<10,,0.94,29,2.83,1.86,1.13,,,17.4,3.11,,3,0.016,0.59,,,18.8,<10,0.33,,,5,,6,15.6,1,,10,0.003,3.91,<0.0005,110,,0.35,,0.6,,3.5,2,524,0.5,0.49,0.03,3.47,,,0.27,1.76,118,5,17.3,1.88,135,117,,,,,,,,,,,,,,,,,,,,,1
NP13AP290,,Paper,,"The anatomy of an alkalic porphyry Cu-Au system: geology and alteration at Northparkes Mines, New South Wales, Australia",Econ. Geol,Pacey et al,2019,Northparkes,Northparkes,Cu-Au,K,,,,,,,,,,597883.5466,6355690.544,-937.8697773,,syn,1,,441.5,4.5,Lickford et al 2003,436.7,3.3,Pacey thesis,,,,,,,,,,,,,,biotite quartz monzonite,BQM,,PRO 1,,,,,59.2,17.75,5.6,,5.5888,2.25,3.17,3.46,5.18,0.43,0.3,0.28,,3.01,,,,,,,101.31,<0.5,,1.9,0.002,,1380,,0.08,<0.5,34.3,,,10,10,,0.67,338,2.91,1.73,1.13,,,18.7,3.11,,3.3,0.013,0.57,,,18.5,<10,0.3,,,5,,5.5,16.1,2,,9,0.003,3.98,<0.0005,83.2,,0.22,,0.7,,3.72,1,841,0.3,0.49,0.01,3.4,,,0.27,1.49,123,4,16.2,1.82,89,132,,,,,,,,,,,,,,,,,,,,,1
NP13AP291,,Paper,,"The anatomy of an alkalic porphyry Cu-Au system: geology and alteration at Northparkes Mines, New South Wales, Australia",Econ. Geol,Pacey et al,2019,Northparkes,Northparkes,Cu-Au,K,,,,,,,,,,597886.1655,6355715.461,-944.817975,,syn,1,,441.5,4.5,Lickford et al 2003,436.7,3.3,Pacey thesis,,,,,,,,,,,,,,biotite quartz monzonite,BQM,,SER 1,,,,,58.8,17.7,5.07,,5.05986,1.49,3.62,4.66,5.03,0.45,0.27,0.24,,2.56,,,,,,,100.57,<0.5,,1.7,0.002,,912,,0.04,<0.5,34,,,10,<10,,0.53,92,2.86,1.86,1.05,,,17.3,3.21,,2,0.009,0.59,,,17.7,<10,0.29,,,3,,5.5,16.2,1,,10,0.002,3.99,<0.0005,65.9,,0.18,,0.6,,3.55,1,724,0.4,0.5,0.02,2.22,,,0.27,1.22,133,3,16.4,1.79,96,84,,,,,,,,,,,,,,,,,,,,,1
NP13AP292,,Paper,,"The anatomy of an alkalic porphyry Cu-Au system: geology and alteration at Northparkes Mines, New South Wales, Australia",Econ. Geol,Pacey et al,2019,Northparkes,Northparkes,Cu-Au,K,,,,,,,,,,597888.9707,6355742.151,-952.2605638,,syn,1,,441.5,4.5,Lickford et al 2003,436.7,3.3,Pacey thesis,,,,,,,,,,,,,,biotite quartz monzonite,BQM,,SER 1,,,,,59.7,18.55,4.85,,4.8403,1.73,3.04,4.94,4.84,0.45,0.27,0.18,,1.85,,,,,,,100.88,<0.5,,1.6,0.001,,982,,0.02,<0.5,29.1,,,10,<10,,0.29,64,2.43,1.61,0.93,,,16.3,2.8,,2.4,0.01,0.49,,,16,<10,0.25,,,2,,4.8,13.5,3,,11,0.002,3.32,<0.0005,63.4,,0.17,,0.5,,2.82,1,961,0.4,0.4,0.02,2.2,,,0.24,1.21,119,2,14.7,1.62,97,99,,,,,,,,,,,,,,,,,,,,,1
NP13AP293,,Paper,,"The anatomy of an alkalic porphyry Cu-Au system: geology and alteration at Northparkes Mines, New South Wales, Australia",Econ. Geol,Pacey et al,2019,Northparkes,Northparkes,Cu-Au,K,,,,,,,,,,597889.1873,6355744.212,-952.8351263,,syn,1,,441.5,4.5,Lickford et al 2003,436.7,3.3,Pacey thesis,,,,,,,,,,,,,,biotite quartz monzonite,BQM,,PRO 1,,,,,59.1,18.15,4.87,,4.86026,1.57,3.7,4.82,4.51,0.44,0.27,0.2,,1.09,,,,,,,99.05,<0.5,,1.9,0.001,,994,,0.01,<0.5,31.3,,,10,<10,,0.17,41,2.79,1.7,1.1,,,17.8,3.12,,2.3,0.008,0.52,,,16.6,<10,0.3,,,2,,5.6,14.5,2,,10,0.002,3.74,<0.0005,61.7,,0.13,,0.4,,3.34,1,1150,0.4,0.49,0.02,3.06,,,0.26,1.38,134,2,15.8,1.78,89,90,,,,,,,,,,,,,,,,,,,,,1
NP13AP309,,Paper,,"The anatomy of an alkalic porphyry Cu-Au system: geology and alteration at Northparkes Mines, New South Wales, Australia",Econ. Geol,Pacey et al,2019,Northparkes,Northparkes,Cu-Au,K,,,,,,,,,,597167.5798,6356737.129,-348.3643865,,pre,4,,441.5,4.5,Lickford et al 2003,452,,Pacey thesis,,,,,,,,,,,,,,trachyandesite,AND,,PRO 3,,,,,54.1,20.1,6.28,,6.26744,2.31,6.58,5.31,2.59,0.68,0.48,0.3,,1.91,,,,,,,100.95,<0.5,,2.7,0.001,,527,,0.02,<0.5,33.5,,,13,10,,0.09,27,3.22,1.93,1.25,,,22,3.66,,2.3,0.007,0.67,,,17.4,<10,0.33,,,1,,5.5,16.8,2,,11,0.008,3.98,0.0006,25.2,,0.47,,0.6,,3.8,1,1360,0.3,0.56,0.03,3.19,,,0.31,0.72,201,3,18.1,1.9,91,88,,,,,,,,,,,,,,,,,,,,,0
NP13AP310,,Paper,,"The anatomy of an alkalic porphyry Cu-Au system: geology and alteration at Northparkes Mines, New South Wales, Australia",Econ. Geol,Pacey et al,2019,Northparkes,Northparkes,Cu-Au,K,,,,,,,,,,597167.5798,6356737.129,-348.3643865,,pre,4,,441.5,4.5,Lickford et al 2003,452,,Pacey thesis,,,,,,,,,,,,,,trachyandesite,AND,,PRO 1,,,,,54.3,19.9,6.44,,6.42712,1.71,6.15,4.16,4.17,0.67,0.49,0.19,,1.32,,,,,,,99.84,<0.5,,3.2,0.002,,1060,,0.01,<0.5,33.7,,,15,10,,0.35,87,3.15,2.07,1.15,,,18.7,3.73,,2.4,0.013,0.65,,,17.2,<10,0.32,,,2,,6.1,16,3,,8,0.005,3.93,0.0005,65.6,,0.29,,0.6,,3.91,2,1330,0.4,0.53,0.01,3.15,,,0.3,0.71,213,2,18.7,1.96,93,94,,,,,,,,,,,,,,,,,,,,,0
NP13AP311,,Paper,,"The anatomy of an alkalic porphyry Cu-Au system: geology and alteration at Northparkes Mines, New South Wales, Australia",Econ. Geol,Pacey et al,2019,Northparkes,Northparkes,Cu-Au,K,,,,,,,,,,597167.5798,6356737.129,-348.3643865,,pre,4,,441.5,4.5,Lickford et al 2003,452,,Pacey thesis,,,,,,,,,,,,,,trachyandesite,AND,,MAG 1,,,,,52.9,19.65,6.96,,6.94608,1.91,5.56,4.49,3.77,0.68,0.45,0.13,,1.21,,,,,,,98.02,<0.5,,4.5,0.001,,994,,0.01,<0.5,32.8,,,17,10,,0.39,22,3.29,2.06,1.2,,,21.5,3.49,,2.6,0.006,0.68,,,16.8,<10,0.33,,,1,,6,17.2,4,,11,0.008,4.14,0.0005,54.2,,0.34,,0.4,,3.97,2,1390,0.3,0.56,0.02,3.24,,,0.33,1.4,221,2,18.2,1.99,112,98,,,,,,,,,,,,,,,,,,,,,0
NP13AP315,,Paper,,"The anatomy of an alkalic porphyry Cu-Au system: geology and alteration at Northparkes Mines, New South Wales, Australia",Econ. Geol,Pacey et al,2019,Northparkes,Northparkes,Cu-Au,K,,,,,,,,,,597079.5676,6356899.765,-75.120534,,pre,4,,441.5,4.5,Lickford et al 2003,452,,Pacey thesis,,,,,,,,,,,,,,trachyandesite,AND,,MAG 1,,,,,52.7,20.2,5.98,,5.96804,2.88,4.97,4.29,4.46,0.6,0.52,0.19,,2.38,,,,,,,99.63,<0.5,,12.4,0.004,,1535,,0.01,<0.5,33.7,,,13,20,,0.39,312,3.18,2.1,1.18,,,19.4,3.75,,2.1,0.013,0.63,,,17.3,20,0.3,,,1,,5.3,17.1,1,,8,0.004,4.02,<0.0005,68.7,,0.61,,0.6,,3.92,2,1740,0.3,0.55,0.02,2.72,,,0.27,0.71,194,1,18.3,1.96,93,77,,,,,,,,,,,,,,,,,,,,,0
NP13AP316,,Paper,,"The anatomy of an alkalic porphyry Cu-Au system: geology and alteration at Northparkes Mines, New South Wales, Australia",Econ. Geol,Pacey et al,2019,Northparkes,Northparkes,Cu-Au,K,,,,,,,,,,597076.8026,6356904.675,-65.96534658,,pre,4,,441.5,4.5,Lickford et al 2003,452,,Pacey thesis,,,,,,,,,,,,,,trachyandesite,AND,,PRO 3,,,,,51.1,21,5.67,,5.65866,2.64,7.02,4.54,2.93,0.61,0.51,0.27,,3.45,,,,,,,100.48,<0.5,,2.9,0.001,,1335,,0.02,<0.5,35.2,,,9,<10,,0.27,2,3.15,1.98,1.26,,,19.5,3.75,,2,0.017,0.6,,,18.5,<10,0.29,,,1,,5.2,17.2,2,,6,0.004,4.32,<0.0005,48,,0.39,,0.5,,4.06,1,1080,0.3,0.56,0.04,2.7,,,0.33,0.6,199,2,17.9,1.75,42,75,,,,,,,,,,,,,,,,,,,,,0
E05129,,Paper,,Petrogenetic Evolution of Arc Magmatism Associated with Late Oligocene to Late Miocene Porphyry-Related Ore Deposits in Ecuador,Econ. Geol,Shutte et al ,2010,Junin,Junin,Cu-Mo,CA,,,,,,,,0°19' N,78°39' W,,,,,pre,3,,9.01,0.6,Schutte 2010,,,,,,,,,,,,,,,,,granodiorite,Apuela batholith at Junin,,,,,,,69.52489607,14.8671453,3.822980219,,3.815334259,1.580560297,1.669466814,3.052457074,3.338933628,0.405018576,0.098785019,0.019757004,,1.21,,,,,,,99.59,,,<3,,,,,,,,,,,18,,,176,,,,,,14,,,,,,,,,,,,,,,,,,,<2,,,,,,,,,,,,246,,,,,,,,,84,,13.8,,28,,,,,,,,,,,,,,,,,,,,,,1
E06209,,Paper,,Petrogenetic Evolution of Arc Magmatism Associated with Late Oligocene to Late Miocene Porphyry-Related Ore Deposits in Ecuador,Econ. Geol,Shutte et al ,2010,Junin,Junin,Cu-Mo,CA,,,,,,,,0°19' N,78°40' W,,,,,pre,3,,9.01,0.6,Schutte 2010,,,,,,,,,,,,,,,,,granodiorite,Apuela batholith at Junin,,,,,,,68.27464289,15.57332404,4.374417771,,4.365668935,1.696202809,3.065068234,3.521356709,2.529425242,0.406691902,0.099193147,0.039677259,,0.81,,,,,,,100.39,,,4,,,,,,,,,,,22,,,12,,,,,,15,,,,,,,,,,,,,,,,,,,4,,,,,,,,,,,,289,,,,,,,,,87,,14,,29,,0.51298382,,6.745899171,18.76870055,15.59537916,38.44240443,0.703653602,,,,,,,,,,,,,,1
E07034,,Paper,,Petrogenetic Evolution of Arc Magmatism Associated with Late Oligocene to Late Miocene Porphyry-Related Ore Deposits in Ecuador,Econ. Geol,Shutte et al ,2010,Junin,Junin,Cu-Mo,CA,,,,,,,,0°19' N,78°39' W,,,,,pre,3,,9.01,0.6,Schutte 2010,,,,,,,,,,,,,,,,,qtz-diorite,Apuela batholith at Junin,,,,,,,64.37753579,16.30725953,5.970417423,,5.958476588,2.306977213,3.455515225,3.099072394,1.970336761,0.544565437,0.128715467,0.039604759,,0.98,,,,,,,99.18,0.267891336,,4,,,211.1773347,,,,,24.96201114,,11.81049543,29,,3.65709028,191,2.127206834,1.351733626,0.609914505,,,18,2.195487786,,3.01358954,,0.392689591,,,12.93634805,,0.225797312,,,2.095460809,,2.62487468,11.92961833,11.45997706,,3,,2.895309102,,49.55889038,,0.998623506,14.60583009,,,2.555467022,1.914763107,331,0.220466777,0.3640599,,3.870956032,,,0.21954587,1.724960365,126,,13.6,1.32642865,46,104.1579449,,,,,,,,,,,,,,,,,,,,,1
E06200,,Paper,,Petrogenetic Evolution of Arc Magmatism Associated with Late Oligocene to Late Miocene Porphyry-Related Ore Deposits in Ecuador,Econ. Geol,Shutte et al ,2010,Cuellaje,Cuellaje,Cu-Mo,CA,,,,,,,,0°26' N,78°34' W,,,,,pre,3,,11,,,,,,,,,,,,,,,,,,,granodiorite,Apuela batholith at Cuellaje,,,,,,,66.220383,16.57979747,3.596571085,,3.589377943,1.689597955,3.991798677,4.416668338,1.462342089,0.414988971,0.138329657,0.039522759,,1.19,,,,,,,99.74,<0.10,,<3,,,1405.781467,,,,,16.99921718,,8.540348849,27,,1.800286354,36,0.913114816,0.474486402,0.548179927,,,18,1.502836493,,2.056931463,,0.191051572,,,8.466953636,,0.086505629,,,0.465881326,,2.40853374,8.955200289,13.33686859,,<2,,2.015026023,,29.48452724,,0.323687952,7.909060252,,,1.908682719,,563,0.156388362,0.17152176,,1.727007512,,,0.064039034,1.015617173,81,1.127648777,5.9,0.519747046,38,78.78467708,0.51294518,,5.992142604,18.75441035,15.56452437,38.39415717,0.703738753,,,,,,,,,,,,,,1
E06202,,Paper,,Petrogenetic Evolution of Arc Magmatism Associated with Late Oligocene to Late Miocene Porphyry-Related Ore Deposits in Ecuador,Econ. Geol,Shutte et al ,2010,Cuellaje,Cuellaje,Cu-Mo,CA,,,,,,,,0°26' N,78°34' W,,,,,pre,3,,11,,,,,,,,,,,,,,,,,,,granodiorite,Apuela batholith at Cuellaje,,,,,,,65.69090726,16.55454637,3.730742121,,3.723280637,1.890242674,4.367455443,4.437095962,1.502245494,0.437740409,0.139281039,0.049743228,,0.51,,,,,,,99.31,<0.06,,<3,,,478.544063,,,,,18.36011618,,9.795441974,28,,1.249057869,8,1.306571286,0.686202789,0.534339966,,,18,1.460025199,,1.98512714,,0.237959205,,,9.061548839,,0.104232698,,,0.360723838,,2.536569143,9.699584809,17.63308651,,2,,2.206900019,,25.37050934,,0.16068245,8.691682078,,,1.879604415,,577,0.143172583,0.208616285,,1.508647238,,,0.08803033,0.781883791,84,2.953868446,7.5,0.623977635,38,71.20851616,0.51296306,,6.340923179,18.87474914,15.59382886,38.54808857,0.703786,,,,,,,,,,,,,,1
E06205A,,Paper,,Petrogenetic Evolution of Arc Magmatism Associated with Late Oligocene to Late Miocene Porphyry-Related Ore Deposits in Ecuador,Econ. Geol,Shutte et al ,2010,Cuellaje,Cuellaje,Cu-Mo,CA,,,,,,,,0°26' N,78°34' W,,,,,pre,3,,11,,,,,,,,,,,,,,,,,,,granodiorite,Apuela batholith at Cuellaje,,,,,,,66.48544615,16.20794439,3.626116632,,3.618864399,1.86286761,4.2636756,4.502760213,1.713439727,0.398474355,0.129504165,0.059771153,,0.38,,,,,,,99.63,,,<3,,,,,,,,,,,26,,,2,,,,,,19,,,,,,,,,,,,,,,,,,,4,,,,,,,,,,,,549,,,,,,,,,70,,6.9,,47,,,,,,,,,,,,,,,,,,,,,,1
E06206A,,Paper,,Petrogenetic Evolution of Arc Magmatism Associated with Late Oligocene to Late Miocene Porphyry-Related Ore Deposits in Ecuador,Econ. Geol,Shutte et al ,2010,Cuellaje,Cuellaje,Cu-Mo,CA,,,,,,,,0°26' N,78°34' W,,,,,pre,3,,11,,,,,,,,,,,,,,,,,,,granodiorite,Apuela batholith at Cuellaje,,,,,,,66.66503817,16.0980916,3.807721977,,3.800106533,1.854021695,4.13666131,4.48553636,1.554985938,0.428617919,0.13955002,0.059807151,,0.32,,,,,,,99.56,0.083718013,,4,,,654.3818713,,,,,20.28904692,,9.469634151,40,,0.997304928,63,1.242902559,0.735180882,0.603483806,,,19,2.040537548,,2.182179473,,0.215643301,,,10.78605683,,0.091389243,,,0.310516946,,2.601744004,10.22208396,16.34958457,,3,,2.380052919,,27.60472908,,0.172100123,9.205761919,,,2.000736966,0.83544907,555,0.149578789,0.249338235,,2.271946183,,,0.098139368,0.83714645,81,,7.1,0.815260279,54,81.56237941,,,,,,,,,,,,,,,,,,,,,1
E06206B,,Paper,,Petrogenetic Evolution of Arc Magmatism Associated with Late Oligocene to Late Miocene Porphyry-Related Ore Deposits in Ecuador,Econ. Geol,Shutte et al ,2010,Cuellaje,Cuellaje,Cu-Mo,CA,,,,,,,,0°26' N,78°34' W,,,,,pre,3,,11,,,,,,,,,,,,,,,,,,,granodiorite,Apuela batholith at Cuellaje,,,,,,,68.12325265,15.43316188,3.389712557,,3.382933132,1.615098336,3.599077156,4.416596067,1.694856278,0.38881997,0.129606657,0.049848714,,0.3,,,,,,,99.15,,,4,,,,,,,,,,,30,,,10,,,,,,18,,,,,,,,,,,,,,,,,,,4,,,,,,,,,,,,489,,,,,,,,,69,,7.4,,52,,,,,,,,,,,,,,,,,,,,,,1
E05120,,Paper,,Petrogenetic Evolution of Arc Magmatism Associated with Late Oligocene to Late Miocene Porphyry-Related Ore Deposits in Ecuador,Econ. Geol,Shutte et al ,2010,Junin,Junin,Cu-Mo,CA,,,,,,,,0°19' N,78°39' W,,,,,syn,1,,9.01,0.6,Schutte 2010,9.01,0.6,Schutte 2010,,,,,,,,,,,,,,granodioritic porphyry,Junin porphyry intrusions,,,,,,,69.30441188,16.2621978,1.323093203,,1.320447017,0.513439153,0.167855108,3.386723647,5.766316646,0.227098087,0.088864469,0,,1.24,,,,,,,98.28,0.430158618,,3,,,620.0102327,,,,,3.88222365,,1.308504925,<2,,0.353379667,3536,0.348855809,0.157872762,0.133600805,,,18,0.360675432,,1.373625397,,0.074364843,,,1.765383935,,0.022983864,,,64.22648998,,0.723528256,2.177127659,1.262998742,,<2,,0.499438752,,46.20501091,,0.317424512,2.496005405,,,0.340871767,,129,0.060634175,0.042485966,,0.335251611,,,0.035300201,0.462053469,36,8.544091274,2.4,0.183594973,20,50.44974865,,,,,,,,,,,,,,,,,,,,,1
E05127,,Paper,,Petrogenetic Evolution of Arc Magmatism Associated with Late Oligocene to Late Miocene Porphyry-Related Ore Deposits in Ecuador,Econ. Geol,Shutte et al ,2010,Junin,Junin,Cu-Mo,CA,,,,,,,,0°19' N,78°39' W,,,,,,1,,9.01,0.6,Schutte 2010,9.01,0.6,Schutte 2010,,,,,,,,,,,,,,granodioritic porphyry,Junin porphyry intrusions,,,,,,,70.45100583,15.93640776,1.743199357,,1.739712958,0.762649719,0.723031551,5.685206994,2.911935289,0.237709003,0.099045418,0.019809084,,0.95,,,,,,,99.52,0.38303845,,<3,,,636.1823675,,,,,12.41966823,,3.120827274,7,,1.419469275,357,0.805590639,0.408780665,0.352520173,,,17,1.365365953,,1.934078449,,0.188491298,,,5.885001054,,0.06103486,,,6.34141012,,1.655778811,7.124363827,4.446521782,,<2,,1.641573052,,40.08187348,,0.466055747,5.071926454,,,1.398017068,,336,0.12695388,0.151639417,,0.816707803,,,0.070087846,0.700934861,46,4.027500023,3.9,0.433726282,26,67.75791688,0.51296522,,6.383059409,18.85252263,15.6019442,38.53271522,0.703764024,,,,,,,,,,,,,,1
E06183,,Paper,,Petrogenetic Evolution of Arc Magmatism Associated with Late Oligocene to Late Miocene Porphyry-Related Ore Deposits in Ecuador,Econ. Geol,Shutte et al ,2010,Junin,Junin,Cu-Mo,CA,,,,,,,,0°19' N,78°39' W,,,,,,1,,9.01,0.6,Schutte 2010,9.01,0.6,Schutte 2010,,,,,,,,,,,,,,granodioritic porphyry,Junin porphyry intrusions,,,,,,,69.12695604,16.69827586,2.353382738,,2.348675973,0.820266183,0.205066546,4.003680177,3.38848054,0.224596693,0.019530147,0.009765074,,2.33,,,,,,,99.18,,,19,,,,,,,,,,,7,,,370,,,,,,18,,,,,,,,,,,,,,,,,,,<2,,,,,,,,,,,,210,,,,,,,,,37,,6.1,,28,,,,,,,,,,,,,,,,,,,,,,1
E06211,,Paper,,Petrogenetic Evolution of Arc Magmatism Associated with Late Oligocene to Late Miocene Porphyry-Related Ore Deposits in Ecuador,Econ. Geol,Shutte et al ,2010,Junin,Junin,Cu-Mo,CA,,,,,,,,0°19' N,78°39' W,,,,,,1,,9.01,0.6,Schutte 2010,9.01,0.6,Schutte 2010,,,,,,,,,,,,,,granodioritic porphyry,Junin porphyry intrusions,,,,,,,68.6620462,16.32979298,2.928712871,,2.922855445,1.153735374,0.394439444,4.674107411,3.99369937,0.325412541,0.118331833,0.019721972,,1.39,,,,,,,99.99,0.230402566,,6,,,623.9666884,,,,,16.859615,,6.466782202,5,,0.901996115,617,0.71405275,0.361489461,0.63089384,,,18,1.174672542,,1.827349715,,0.140793428,,,8.103065096,,0.046200329,,,1.954226709,,1.778541669,8.710664298,6.930039936,,<2,,2.009955689,,51.25359429,,0.521788129,4.77885182,,,1.868634038,,218,0.102996559,0.163132248,,0.978023,,,0.040889433,0.878324078,56,4.808643324,4.4,0.242493761,86,74.0886403,0.51295253,,6.135509055,18.85579222,15.5833355,38.47424887,0.703784664,,,,,,,,,,,,,,1
E07032,,Paper,,Petrogenetic Evolution of Arc Magmatism Associated with Late Oligocene to Late Miocene Porphyry-Related Ore Deposits in Ecuador,Econ. Geol,Shutte et al ,2010,Junin,Junin,Cu-Mo,CA,,,,,,,,0°19' N,78°39' W,,,,,,1,,9.01,0.6,Schutte 2010,9.01,0.6,Schutte 2010,,,,,,,,,,,,,,granodioritic porphyry,Junin porphyry intrusions,,,,,,,70.36114303,16.54333333,2.316660682,,2.312027361,0.742519449,0.425711151,5.068932775,3.435389986,0.247506483,0.099002593,0.019800519,,1,,,,,,,100.26,0.154143838,,3,,,835.5866944,,,,,13.9300308,,4.452987344,5,,0.8599307,127,0.700033789,0.26038313,0.380969885,,,18,1.068806386,,1.628650497,,0.112787631,,,6.664455538,,0.052577406,,,0.544998985,,1.44884641,7.355171379,2.701220823,,2,,1.710260605,,44.04760704,,0.284723013,4.215204107,,,1.311032953,1.715250136,297,0.086391348,0.12553218,,0.752535588,,,0.05113602,0.510749302,40,,3.9,0.408917776,22,62.79666224,0.51296024,,6.285911989,18.87556581,15.60093402,38.53674783,0.703771334,,,,,,,,,,,,,,1
E06186,,Paper,,Petrogenetic Evolution of Arc Magmatism Associated with Late Oligocene to Late Miocene Porphyry-Related Ore Deposits in Ecuador,Econ. Geol,Shutte et al ,2010,Junin,Junin,Cu-Mo,CA,,,,,,,,0°19' N,78°39' W,,,,,,1,,9.01,0.6,Schutte 2010,9.01,0.6,Schutte 2010,,,,,,,,,,,,,,fsp-qtz porpyhry,Junin porphyry intrusions,,,,,,,70.84369682,16.00619533,2.092055123,,2.087871013,0.720377472,0.453936489,5.614997004,2.743355303,0.236836429,0.088813661,0.019736369,,1.32,,,,,,,100.14,0.218563391,,18,,,542.922353,,,,,14.8133927,,6.482932447,6,,0.662861089,291,0.820846383,0.35980529,0.487745869,,,18,1.227701731,,1.982596761,,0.134610231,,,7.237369514,,0.062054077,,,1.172147835,,1.805822576,7.978277817,5.307391683,,3,,1.824245288,,38.43623761,,0.623029113,4.836790913,,,1.302883443,,298,0.115832345,0.136176234,,0.947243374,,,0.042330267,0.48368145,43,6.879018578,4.1,0.47966488,29,71.35929894,,,,,,,,,,,,,,,,,,,,,1
E06197,,Paper,,Petrogenetic Evolution of Arc Magmatism Associated with Late Oligocene to Late Miocene Porphyry-Related Ore Deposits in Ecuador,Econ. Geol,Shutte et al ,2010,Junin,Junin,Cu-Mo,CA,,,,,,,,0°19' N,78°39' W,,,,,,1,,9.01,0.6,Schutte 2010,9.01,0.6,Schutte 2010,,,,,,,,,,,,,,fsp-qtz porphyry,Junin porphyry intrusions,,,,,,,70.22166049,17.017779,1.924688219,,1.920838843,0.648109298,0.098198379,2.798653788,5.145595036,0.196396757,0.058919027,0,,1.8,,,,,,,99.91,0.160175539,,5,,,375.6057805,,,,,4.85944056,,4.864791729,3,,0.261852076,775,0.259077022,0.186270691,0.12766928,,,20,0.326253526,,1.489459904,,0.062400908,,,2.573616282,,0.058711975,,,7.718077226,,0.694859634,2.33803449,2.438181087,,<2,,0.554918874,,54.63295338,,0.419336985,3.232111975,,,0.510821226,,87,0.042249361,0.051684756,,0.552599649,,,0.03731096,0.450506402,50,10.3278473,2.4,0.235259037,12,53.44214095,,,,,,,,,,,,,,,,,,,,,1
E07035,,Paper,,Petrogenetic Evolution of Arc Magmatism Associated with Late Oligocene to Late Miocene Porphyry-Related Ore Deposits in Ecuador,Econ. Geol,Shutte et al ,2010,Junin,Junin,Cu-Mo,CA,,,,,,,,0°19' N,78°39' W,,,,,,1,,9.01,0.6,Schutte 2010,9.01,0.6,Schutte 2010,,,,,,,,,,,,,,porphyritic microdiorite,Junin porphyry intrusions,,,,,,,67.15504686,16.7468699,3.311917767,,3.305293931,1.251826061,2.276943465,3.627338507,2.848643555,0.433703517,0.128139676,0.029570694,,1.42,,,,,,,99.23,<0.09,,5,,,1346.395342,,,,,13.99236111,,6.665036186,16,,2.574387634,22,0.818669756,0.380388663,0.466690583,,,20,1.408384827,,1.929532964,,0.141587335,,,6.665032534,,0.03889386,,,0.353031287,,1.694411101,8.568249154,6.05069533,,3,,1.838917326,,35.69742369,,0.6669375,5.978011392,,,1.668160123,1.869598179,291,0.080098313,0.107610646,,0.566614036,,,0.055283495,0.376253502,80,,4.3,0.327072696,41,64.94154044,,,,,,,,,,,,,,,,,,,,,1
E06127,,Paper,,Petrogenetic Evolution of Arc Magmatism Associated with Late Oligocene to Late Miocene Porphyry-Related Ore Deposits in Ecuador,Econ. Geol,Shutte et al ,2010,Balsapamba,Balsapamba,Cu-Mo,CA,,,,,,,,1°44' S,79°08' W,,,,,,3,,21,1,Schutte 2010,22,1,Schutte 2010,,,,,,,,,,,,,,tonalite,Balsapamba batholith,,,,,,,67.5319512,16.53193319,3.774459446,,3.766910527,1.523726373,4.720564056,3.893967397,1.045694569,0.38840084,0.119507951,0.049794979,,0.41,,,,,,,99.99,<0.10,,<3,,,222.3211615,,,,,14.7454557,,,12,,1.507733139,62,1.113997199,0.619930821,0.564084362,,,17,1.430214211,,1.710669503,,0.228006013,,,7.50108188,,0.090635711,,,1.287073204,,2.650498148,7.844850165,6.536225533,,3,,1.811876607,,18.91005788,,<0.12,7.671664201,,,1.700457658,,402,0.215631801,0.19496697,,1.118371922,,,0.089635827,0.403815485,68,0.348537856,6.5,0.594954114,38,60.74316112,0.512927573,,5.648687768,18.86250801,15.59228834,38.51026657,0.703658602,,,,,,,,,,,,,,1
E06130,,Paper,,Petrogenetic Evolution of Arc Magmatism Associated with Late Oligocene to Late Miocene Porphyry-Related Ore Deposits in Ecuador,Econ. Geol,Shutte et al ,2010,Balsapamba,Balsapamba,Cu-Mo,CA,,,,,,,,1°44' S,79°08' W,,,,,,3,,21,1,Schutte 2010,22,1,Schutte 2010,,,,,,,,,,,,,,tonalite,Balsapamba batholith,,,,,,,67.54363255,16.48208217,4.008346661,,4.000329968,1.515593762,4.666433427,3.828868453,1.166608357,0.378898441,0.109681128,0.049855058,,0.29,,,,,,,100.04,<0.12,,3,,,290.0717475,,,,,15.22872254,,5.589686374,15,,1.109011004,20,1.099950698,0.685721217,0.597407253,,,17,1.425827152,,1.617587534,,0.19774541,,,7.481847339,,0.10482001,,,0.451197487,,2.035596198,8.018410879,5.179405281,,3,,1.676538047,,18.23725371,,<0.08,7.509669268,,,1.877318717,,396,0.126362788,0.263281703,,1.343679079,,,0.090764977,0.584922441,65,0.477667559,6.9,0.645830631,39,50.9142506,,,,,,,,,,,,,,,,,,,,,1
E06140,,Paper,,Petrogenetic Evolution of Arc Magmatism Associated with Late Oligocene to Late Miocene Porphyry-Related Ore Deposits in Ecuador,Econ. Geol,Shutte et al ,2010,Balsapamba,Balsapamba,Cu-Mo,CA,,,,,,,,1°44' S,79°08' W,,,,,,3,,21,1,Schutte 2010,22,1,Schutte 2010,,,,,,,,,,,,,,tonalite,Balsapamba batholith,,,,,,,66.25896468,15.79591352,3.973940317,,3.965992436,1.617533496,4.592996346,3.844138246,1.737350792,0.389406212,0.099847747,0.059908648,,0.15,,,,,,,98.52,,,<3,,,,,,,,,,,13,,,5,,,,,,17,,,,,,,,,,,,,,,,,,,4,,,,,,,,,,,,355,,,,,,,,,66,,8.6,,40,,,,,,,,,,,,,,,,,,,,,,1
E06144A,,Paper,,Petrogenetic Evolution of Arc Magmatism Associated with Late Oligocene to Late Miocene Porphyry-Related Ore Deposits in Ecuador,Econ. Geol,Shutte et al ,2010,Balsapamba,Balsapamba,Cu-Mo,CA,,,,,,,,n/a,n/a,,,,,,3,,21,1,Schutte 2010,22,1,Schutte 2010,,,,,,,,,,,,,,tonalite,Balsapamba batholith,,,,,,,65.67714934,16.31223209,4.49134107,,4.482358388,1.65313219,4.99923108,3.81415439,1.155200807,0.408303734,0.109544904,0.069710394,,0.41,,,,,,,99.1,,,<3,,,,,,,,,,,15,,,12,,,,,,18,,,,,,,,,,,,,,,,,,,4,,,,,,,,,,,,379,,,,,,,,,75,,7.5,,48,,,,,,,,,,,,,,,,,,,,,,1
E06136,,Paper,,Petrogenetic Evolution of Arc Magmatism Associated with Late Oligocene to Late Miocene Porphyry-Related Ore Deposits in Ecuador,Econ. Geol,Shutte et al ,2010,Balsapamba,Balsapamba,Cu-Mo,CA,,,,,,,,1° 44' S,79°07' W,,,,,,3,,21,1,Schutte 2010,22,1,Schutte 2010,,,,,,,,,,,,,,tonalite,Balsapamba batholith,,,,,,,67.64998002,16.98695565,2.372812625,,2.368067,2.015401518,4.676128646,3.782600879,1.290651219,0.45669197,0.119137036,0.049640431,,0.72,,,,,,,100.12,<0.10,,<3,,,281.7964657,,,,,6.552623337,,2.987975881,19,,1.258157879,9,0.665242682,0.326362028,0.443960337,,,16,0.806849745,,1.726378133,,0.118304075,,,3.508561666,,0.065725664,,,<0.30,,2.102122064,3.486093105,5.71394906,,3,,0.834801154,,22.24250164,,0.133395249,10.5681206,,,0.842828778,,393,0.167438486,0.10682791,,0.988865287,,,0.055891207,0.293556034,79,0.472498616,3.5,0.36181458,38,65.16956652,0.51297271,,6.52917069,18.79285786,15.60269374,38.50217718,0.703684122,,,,,,,,,,,,,,1
E06139,,Paper,,Petrogenetic Evolution of Arc Magmatism Associated with Late Oligocene to Late Miocene Porphyry-Related Ore Deposits in Ecuador,Econ. Geol,Shutte et al ,2010,Balsapamba,Balsapamba,Cu-Mo,CA,,,,,,,,1° 44' S,79°07' W,,,,,,3,,21,1,Schutte 2010,22,1,Schutte 2010,,,,,,,,,,,,,,tonalite,Balsapamba batholith,,,,,,,67.85030339,16.77086613,2.908012416,,2.902196391,1.752774607,4.601033343,3.804317613,1.214991489,0.458111545,0.049794733,0.049794733,,0.41,,,,,,,99.87,,,<3,,,,,,,,,,,20,,,8,,,,,,17,,,,,,,,,,,,,,,,,,,2,,,,,,,,,,,,395,,,,,,,,,73,,1.4,,45,,,,,,,,,,,,,,,,,,,,,,1
E06131,,Paper,,Petrogenetic Evolution of Arc Magmatism Associated with Late Oligocene to Late Miocene Porphyry-Related Ore Deposits in Ecuador,Econ. Geol,Shutte et al ,2010,Balsapamba,Balsapamba,Cu-Mo,CA,,,,,,,,1°44' S,79°08' W,,,,,,1,,21,1,Schutte 2010,22,1,Schutte 2010,,,,,,,,,,,,,,qtz-diorite porphyry,Balsapamba porphyry intrusions,,,,,,,66.05797239,16.04905072,5.177113134,,5.166758908,2.040977293,4.938169451,3.424859458,1.234542363,0.428107432,0.099559868,0.079647894,,0.44,,,,,,,99.97,<0.08,,4,,,262.3160439,,,,,13.27487779,,,14,,1.847102967,40,1.799132924,1.057835465,0.505670525,,,16,1.609233142,,1.689818583,,0.332253375,,,6.319565892,,0.175911437,,,0.973448413,,2.120713528,7.440970507,10.84352846,,<2,,1.75861998,,23.60182354,,0.114824286,13.22874284,,,1.801574228,,333,0.168975057,0.267634966,,1.320737577,,,0.14950903,0.667839013,98,0.381831216,10.7,0.961150983,55,57.14287347,0.51296292,,6.338195764,18.69179218,15.58305039,38.35813844,0.703685982,,,,,,,,,,,,,,1
E06132,,Paper,,Petrogenetic Evolution of Arc Magmatism Associated with Late Oligocene to Late Miocene Porphyry-Related Ore Deposits in Ecuador,Econ. Geol,Shutte et al ,2010,Balsapamba,Balsapamba,Cu-Mo,CA,,,,,,,,1°44' S,79°08' W,,,,,,1,,21,1,Schutte 2010,22,1,Schutte 2010,,,,,,,,,,,,,,qtz-diorite porphyry,Balsapamba porphyry intrusions,,,,,,,65.62446862,16.45835801,4.477787851,,4.468832275,1.980177294,4.666850005,3.522526443,1.462744031,0.417926866,0.109457036,0.059703838,,0.49,,,,,,,99.27,0.201829685,,<3,,,243.1446229,,,,,16.69152223,,,14,,2.551089531,23,1.171129819,0.783300601,0.533531575,,,17,1.044943791,,1.680685963,,0.243726326,,,8.326786112,,0.142086066,,,0.848371608,,2.294088521,8.242221139,9.870494135,,3,,2.050607743,,28.36507341,,0.188228143,11.93563696,,,1.639594718,,348,0.217465833,0.183918173,,1.513139266,,,0.106578644,0.919515222,109,0.77818219,8,0.814355761,58,56.16806981,0.51297317,,6.538144146,18.71854734,15.61947047,38.45667295,0.703691232,,,,,,,,,,,,,,1
E06135,,Paper,,Petrogenetic Evolution of Arc Magmatism Associated with Late Oligocene to Late Miocene Porphyry-Related Ore Deposits in Ecuador,Econ. Geol,Shutte et al ,2010,Balsapamba,Balsapamba,Cu-Mo,CA,,,,,,,,1° 44' S,79°07' W,,,,,,1,,21,1,Schutte 2010,22,1,Schutte 2010,,,,,,,,,,,,,,qtz-diorite porphyry,Balsapamba porphyry intrusions,,,,,,,65.62530092,16.4510562,5.695743324,,5.684351837,2.007923475,4.681841371,3.389613392,1.322048625,0.427429255,0.099402152,0.059641291,,0.6,,,,,,,100.36,<0.11,,<3,,,202.1515219,,,,,10.48088491,,5.923718021,16,,2.45662152,24,1.240774699,0.85151975,0.499847534,,,16,1.12132523,,1.716036676,,0.296574876,,,5.261433716,,0.150395199,,,0.392794096,,2.244796597,5.016529224,9.588940829,,3,,1.276602909,,30.68685474,,0.215179686,12.54931003,,,1.12491662,,340,0.183549854,0.197820367,,1.557144684,,,0.145729995,0.98383184,100,0.783878648,8.7,0.978668885,60,58.97936332,0.51294328,,5.955087216,18.71565054,15.58671931,38.36076801,0.703698723,,,,,,,,,,,,,,1
E06138,,Paper,,Petrogenetic Evolution of Arc Magmatism Associated with Late Oligocene to Late Miocene Porphyry-Related Ore Deposits in Ecuador,Econ. Geol,Shutte et al ,2010,Balsapamba,Balsapamba,Cu-Mo,CA,,,,,,,,1° 44' S,79°07' W,,,,,,1,,21,1,Schutte 2010,22,1,Schutte 2010,,,,,,,,,,,,,,qtz-diorite porphyry,Balsapamba porphyry intrusions,,,,,,,62.0240014,18.46341976,3.956447092,,3.948534198,3.242501752,4.462158374,4.015942537,2.092256482,0.654449895,0.069411352,0.069411352,,0.84,,,,,,,99.89,<0.10,,<3,,,287.0877385,,,,,3.971326445,,6.598619157,21,,2.222849652,69,0.3807206,0.263459155,0.392772356,,,17,0.340281457,,1.410964975,,0.076184738,,,1.987967729,,0.048153043,,,1.368329136,,2.127099964,2.208565594,9.018093982,,3,,0.451278003,,39.16772987,,<0.08,18.58123536,,,0.435742518,,348,0.14163671,0.070252306,,0.333579804,,,0.039015012,0.287886242,138,0.837065697,2.4,0.322179998,54,48.36756463,0.512943857,,5.966327116,18.71009754,15.58865249,38.39564947,0.703711283,,,,,,,,,,,,,,1
E06141,,Paper,,Petrogenetic Evolution of Arc Magmatism Associated with Late Oligocene to Late Miocene Porphyry-Related Ore Deposits in Ecuador,Econ. Geol,Shutte et al ,2010,Balsapamba,Balsapamba,Cu-Mo,CA,,,,,,,,1°44' S,79°08' W,,,,,,1,,21,1,Schutte 2010,22,1,Schutte 2010,,,,,,,,,,,,,,qtz-diorite porphyry,Balsapamba porphyry intrusions,,,,,,,65.84601559,16.09657537,5.610465814,,5.599244882,1.995935626,4.637323071,3.30669932,1.271043583,0.426991204,0.09930028,0.04965014,,0.7,,,,,,,100.04,<0.10,,<3,,,202.1561052,,,,,10.27290378,,5.847581835,14,,1.919169275,27,1.221682258,0.892236184,0.396489123,,,17,1.137475077,,1.616981502,,0.279177369,,,5.454208913,,0.183454803,,,0.399264011,,2.053528782,5.02241243,8.188966631,,2,,1.237590838,,26.54360207,,0.130875616,12.48622355,,,0.967656564,,335,0.188787365,0.155490099,,1.321051516,,,0.140059627,0.889492378,97,0.673078463,9,0.978821948,45,54.60223525,,,,,,,,,,,,,,,,,,,,,1
E06134,,Paper,,Petrogenetic Evolution of Arc Magmatism Associated with Late Oligocene to Late Miocene Porphyry-Related Ore Deposits in Ecuador,Econ. Geol,Shutte et al ,2010,Balsapamba,Balsapamba,Cu-Mo,CA,,,,,,,,1° 44' S,79°07' W,,,,,,1,,21,1,Schutte 2010,22,1,Schutte 2010,,,,,,,,,,,,,,diorite porphyry,Balsapamba porphyry intrusions,,,,,,,57.62906109,17.84196509,7.234017454,,7.219549419,3.150297924,5.14354198,3.121128498,1.983520915,0.641727355,0.126400843,0.05833885,,2.76,,,,,,,99.69,<0.10,,3,,,213.2989131,,,,,11.37340611,,24.28409905,21,,2.237581834,658,1.802683779,0.888404294,0.600595393,,,19,2.185914247,,1.263183721,,0.339496701,,,4.867995859,,0.112293475,,,1.366344046,,1.20429944,7.372519817,12.8900898,,3,,1.420356822,,40.22259337,,0.184085251,14.14400343,,,2.051272249,,344,0.06,0.360242808,,0.515043805,,,0.133636714,0.46159021,189,0.559222433,10.6,0.766999807,49,44.97190149,,,,,,,,,,,,,,,,,,,,,1
E06153,,Paper,,Petrogenetic Evolution of Arc Magmatism Associated with Late Oligocene to Late Miocene Porphyry-Related Ore Deposits in Ecuador,Econ. Geol,Shutte et al ,2010,Telimbela,Telimbela,Cu-Mo,CA,,,,,,,,n/a,n/a,,,,,,1,,22,,Schutte 2010,22,,Schutte 2010,,,,,,,,,,,,,,qtz-diorite porphyry,Telimbela porphyry intrusion,,,,,,,64.47939519,16.46979471,4.675873,,4.666521254,2.015291335,5.420438764,3.881669518,1.022536983,0.486449633,0.119130522,0.079420348,,0.72,,,,,,,99.37,0.178291842,,4,,,147.4071954,,,,,9.784948323,,9.748877915,28,,3.103336478,25,1.257326233,0.658371112,0.508501677,,,18,1.378348159,,1.937674062,,0.247999251,,,4.340188616,,0.103549181,,,69.67856911,,1.825192875,6.038779889,15.72926933,,3,,1.375441554,,18.44421974,,0.215370524,10.68399838,,,1.166953615,,393,0.168817902,0.190992159,,0.876512802,,,0.10529302,0.561064396,114,4.172453381,7.4,0.668354989,44,68.24490518,0.51297079,,6.491716263,18.79985379,15.60372705,38.50037408,0.703724873,,,,,,,,,,,,,,1
E05070,,Paper,,Petrogenetic Evolution of Arc Magmatism Associated with Late Oligocene to Late Miocene Porphyry-Related Ore Deposits in Ecuador,Econ. Geol,Shutte et al ,2010,Gaby-Papa Grande,Gaby-Papa Grande,Cu-Mo,CA,,,,,,,,3°03' S,79°43' W,,,,,syn,1,,21,1,Schutte 2010,21,1,Schutte 2010,,,,,,,,,,,,,,hbl-plag porphyry,Gaby/Papa Grande porphyry intrusions,,,,,,,63.85443274,16.55963587,3.665570268,,3.658239127,2.791396329,7.34107433,3.943716521,0.178808306,0.516557328,0.109271742,0.059602769,,0.66,,,,,,,99.69,<0.17,,<3,,,135.9379012,,,,,10.71019896,,9.333497599,29,,0.392470081,98,2.172175645,1.402157837,0.641341441,,,16,1.802749838,,1.840098151,,0.457802929,,,4.549427407,,0.223978826,,,3.681864691,,2.187360814,6.524347201,8.931383972,,2,,1.382554762,,2.659220014,,0.673242195,21.24849161,,,1.692649465,,309,0.177891282,0.294348068,,1.079584485,,,0.209236909,0.420014298,118,1.529845068,13.8,1.528461251,32,65.15078941,0.512898,,5.071805055,18.90010415,15.58735406,38.57008705,0.704215581,,,,,,,,,,,,,,1
E05072,,Paper,,Petrogenetic Evolution of Arc Magmatism Associated with Late Oligocene to Late Miocene Porphyry-Related Ore Deposits in Ecuador,Econ. Geol,Shutte et al ,2010,Gaby-Papa Grande,Gaby-Papa Grande,Cu-Mo,CA,,,,,,,,3°03' S,79°43' W,,,,,syn,1,,21,1,Schutte 2010,21,1,Schutte 2010,,,,,,,,,,,,,,hbl-plag porphyry,Gaby/Papa Grande porphyry intrusions,,,,,,,62.09278557,16.65976954,6.161422846,,6.1491,2.851402806,6.709769539,3.778607214,0.548346693,0.518436874,0.109669339,0.059819639,,0.3,,,,,,,99.8,,,<3,,,,,,,,,,,33,,,89,,,,,,17,,,,,,,,,,,,,,,,,,,2,,,,,,,,,,,,302,,,,,,,,,136,,14,,29,,,,,,,,,,,,,,,,,,,,,,1
E05073,,Paper,,Petrogenetic Evolution of Arc Magmatism Associated with Late Oligocene to Late Miocene Porphyry-Related Ore Deposits in Ecuador,Econ. Geol,Shutte et al ,2010,Gaby-Papa Grande,Gaby-Papa Grande,Cu-Mo,CA,,,,,,,,3°03' S,79°43' W,,,,,syn,1,,21,1,Schutte 2010,21,1,Schutte 2010,,,,,,,,,,,,,,plag-hbl porphyry,Gaby/Papa Grande porphyry intrusions,,,,,,,62.63372387,16.25972267,5.267514068,,5.25697904,2.83253115,7.165806873,3.836340434,0.228590233,0.506873995,0.109325764,0.059632235,,0.61,,,,,,,99.52,0.291635618,,<3,,,163.7740321,,,,,9.820434848,,10.45023163,29,,0.358546201,154,2.332496079,1.525411175,0.647693939,,,16,1.999122888,,1.830277964,,0.498057034,,,4.138214728,,0.251984851,,,5.068930259,,2.112337131,7.092050385,8.207855252,,2,,1.445932941,,4.000167556,,0.782367891,21.63958408,,,1.826865294,,300,0.171183771,0.345162182,,1.127905344,,,0.229206961,0.44324183,136,1.374612243,14.7,1.640092086,32,64.63855319,,,,,,,,,,,,,,,,,,,,,1
E05076,,Paper,,Petrogenetic Evolution of Arc Magmatism Associated with Late Oligocene to Late Miocene Porphyry-Related Ore Deposits in Ecuador,Econ. Geol,Shutte et al ,2010,Gaby-Papa Grande,Gaby-Papa Grande,Cu-Mo,CA,,,,,,,,3°03' S,79°43' W,,,,,syn,1,,21,1,Schutte 2010,21,1,Schutte 2010,,,,,,,,,,,,,,hbl porphyry,Gaby/Papa Grande porphyry intrusions,,,,,,,64.00111089,17.33878866,2.701763302,,2.696359775,2.672073595,6.699977126,5.195698657,0.188034809,0.544311288,0.118758826,0.049482844,,1.04,,,,,,,100.55,,,5,,,,,,,,,,,30,,,36,,,,,,15,,,,,,,,,,,,,,,,,,,<2,,,,,,,,,,,,256,,,,,,,,,74,,13.5,,26,,,,,,,,,,,,,,,,,,,,,,1
E05078,,Paper,,Petrogenetic Evolution of Arc Magmatism Associated with Late Oligocene to Late Miocene Porphyry-Related Ore Deposits in Ecuador,Econ. Geol,Shutte et al ,2010,Gaby-Papa Grande,Gaby-Papa Grande,Cu-Mo,CA,,,,,,,,3°03' S,79°43' W,,,,,syn,1,,21,1,Schutte 2010,21,1,Schutte 2010,,,,,,,,,,,,,,hbl porphyry,Gaby/Papa Grande porphyry intrusions,,,,,,,62.89612341,16.2415306,5.274516678,,5.263967645,2.925863969,7.264900331,3.871296204,0.16918261,0.527451668,0.109471101,0.069663428,,0.48,,,,,,,99.83,0.270443106,,<3,,,134.3945692,,,,,11.88723084,,10.33936735,30,,0.316444814,187,2.341653568,1.504986192,0.583845346,,,16,1.845717492,,1.755019238,,0.502348772,,,5.092907745,,0.237496265,,,14.23370338,,2.141497658,6.688559667,9.558588989,,2,,1.572984371,,2.006895113,,0.611426723,21.32738646,,,1.917906902,,297,0.179231333,0.318232647,,1.109851892,,,0.208565405,0.456992194,171,1.068462593,14.6,1.566017896,35,66.24065073,0.512894188,,4.997440683,18.75963268,15.60687084,38.46138178,0.704208701,,,,,,,,,,,,,,1
E05083a,,Paper,,Petrogenetic Evolution of Arc Magmatism Associated with Late Oligocene to Late Miocene Porphyry-Related Ore Deposits in Ecuador,Econ. Geol,Shutte et al ,2010,Gaby-Papa Grande,Gaby-Papa Grande,Cu-Mo,CA,,,,,,,,3°03' S,79°43' W,,,,,syn,1,,21,1,Schutte 2010,21,1,Schutte 2010,,,,,,,,,,,,,,plag-hbl porphyry,Gaby/Papa Grande porphyry intrusions,,,,,,,60.48639048,16.519768,7.509888521,,7.494868744,2.572832178,6.705257608,4.102624284,0.298011449,0.536420609,0.109270865,0.069536005,,0.66,,,,,,,99.57,0.389039215,,<3,,,95.84853692,,,,,10.94945299,,7.832613438,31,,0.330809838,72,2.041969348,1.175141266,0.624227915,,,17,2.27890369,,1.764956663,,0.4063674,,,4.694944214,,0.1973411,,,3.795724229,,2.379126353,6.884287724,7.926356995,,3,,1.514848778,,4.52206268,,1.245239802,18.47134564,,,1.82869792,,279,0.17985443,0.313816974,,0.975543385,,,0.160545454,0.416846013,129,2.102855944,12.2,1.117263167,32,65.04530618,0.51292,,5.500957791,18.67945842,15.59843261,38.43648809,0.70416131,,,,,,,,,,,,,,1
E05083b,,Paper,,Petrogenetic Evolution of Arc Magmatism Associated with Late Oligocene to Late Miocene Porphyry-Related Ore Deposits in Ecuador,Econ. Geol,Shutte et al ,2010,Gaby-Papa Grande,Gaby-Papa Grande,Cu-Mo,CA,,,,,,,,3°03' S,79°43' W,,,,,syn,1,,21,1,Schutte 2010,21,1,Schutte 2010,,,,,,,,,,,,,,plag-hbl porphyry,Gaby/Papa Grande porphyry intrusions,,,,,,,61.08461193,16.68924183,7.092927779,,7.078741923,2.612661073,6.755169314,4.192178604,0.327824393,0.526505844,0.099340725,0.069538508,,0.66,,,,,,,100.11,0.209562114,,7,,,93.09468321,,,,,12.0744522,,8.348888527,29,,0.347003451,128,2.030804905,1.18206233,0.64743523,,,17,2.30457213,,1.776877639,,0.390884287,,,5.407396837,,0.167825555,,,12.73230616,,2.421633506,7.848917988,8.651783897,,5,,1.637971376,,6.112268708,,0.850241128,18.06336384,,,1.681804695,,283,0.155905264,0.295677039,,0.912989274,,,0.172816284,0.43800332,129,1.826992426,12.4,1.248423695,34,64.9350614,,,,,,,,,,,,,,,,,,,,,1
E05086,,Paper,,Petrogenetic Evolution of Arc Magmatism Associated with Late Oligocene to Late Miocene Porphyry-Related Ore Deposits in Ecuador,Econ. Geol,Shutte et al ,2010,Gaby-Papa Grande,Gaby-Papa Grande,Cu-Mo,CA,,,,,,,,3°03' S,79°43' W,,,,,syn,1,,21,1,Schutte 2010,21,1,Schutte 2010,,,,,,,,,,,,,,plag-hbl porphyry,Gaby/Papa Grande porphyry intrusions,,,,,,,61.19134499,17.05430036,6.639384801,,6.626106031,2.378287093,6.619565742,3.270144753,0.604481303,0.554933655,0.128823884,0.138733414,,0.9,,,,,,,99.48,<0.12,,<3,,,425.1902074,,,,,14.1036471,,,24,,0.576517059,24,2.655775352,1.687519463,0.757608977,,,17,2.35395348,,1.933520516,,0.520338274,,,6.756671416,,0.274064178,,,0.97413593,,2.814737578,8.63915416,6.051231883,,4,,1.868349705,,8.953054776,,1.294036302,19.79971272,,,2.125923805,,307,0.191448066,0.375563043,,1.033335049,,,0.245850379,0.443348867,116,0.462317949,16.7,1.834747622,82,72.52726771,,,,,,,,,,,,,,,,,,,,,1
E05088,,Paper,,Petrogenetic Evolution of Arc Magmatism Associated with Late Oligocene to Late Miocene Porphyry-Related Ore Deposits in Ecuador,Econ. Geol,Shutte et al ,2010,Gaby-Papa Grande,Gaby-Papa Grande,Cu-Mo,CA,,,,,,,,3°03' S,79°43' W,,,,,syn,1,,21,1,Schutte 2010,21,1,Schutte 2010,,,,,,,,,,,,,,plag-hbl porphyry,Gaby/Papa Grande porphyry intrusions,,,,,,,61.21652731,17.20910782,6.551138228,,6.538035952,2.33545109,6.838121624,3.305257051,0.672926585,0.534382877,0.12864773,0.148439688,,1.04,,,,,,,99.98,<0.12,,6,,,412.562689,,,,,14.26202687,,13.12860461,24,,0.648893231,21,2.640996315,1.671688052,0.65842676,,,17,2.342945404,,1.759251136,,0.551330909,,,6.575588006,,0.292799536,,,0.562786029,,2.756761526,8.03991158,4.614001473,,4,,2.050216149,,10.9571659,,0.947158767,19.56507567,,,1.980213228,,308,0.19478468,0.373194386,,1.023901977,,,0.23124509,0.417866883,112,0.394357399,16.2,1.481514664,89,71.10333398,0.512864,,4.40856901,18.84790298,15.60283913,38.56385089,0.704398534,,,,,,,,,,,,,,1
E06033,,Paper,,Petrogenetic Evolution of Arc Magmatism Associated with Late Oligocene to Late Miocene Porphyry-Related Ore Deposits in Ecuador,Econ. Geol,Shutte et al ,2010,Gaby-Papa Grande,Gaby-Papa Grande,Cu-Mo,CA,,,,,,,,3°03' S,79°43' W,,,,,syn,1,,21,1,Schutte 2010,21,1,Schutte 2010,,,,,,,,,,,,,,plag-hbl porphyry,Gaby/Papa Grande porphyry intrusions,,,,,,,60.79728808,17.17604827,6.51505279,,6.502022684,2.349367521,6.771706385,3.158813474,0.612020111,0.542921066,0.108584213,0.138198089,,1.28,,,,,,,99.45,,,4,,,,,,,,,,,24,,,19,,,,,,17,,,,,,,,,,,,,,,,,,,5,,,,,,,,,,,,310,,,,,,,,,116,,16.1,,83,,,,,,,,,,,,,,,,,,,,,,1
E06041,,Paper,,Petrogenetic Evolution of Arc Magmatism Associated with Late Oligocene to Late Miocene Porphyry-Related Ore Deposits in Ecuador,Econ. Geol,Shutte et al ,2010,Gaby-Papa Grande,Gaby-Papa Grande,Cu-Mo,CA,,,,,,,,3°04' S,79°43' W,,,,,syn,1,,21,1,Schutte 2010,21,1,Schutte 2010,,,,,,,,,,,,,,plag-hbl porphyry,Gaby/Papa Grande porphyry intrusions,,,,,,,61.60086509,17.15642468,5.431878403,,5.421014646,2.295438596,6.698327284,3.977441016,0.217670901,0.554071385,0.118729583,0.079153055,,1.05,,,,,,,99.18,,,5,,,,,,,,,,,17,,,479,,,,,,17,,,,,,,,,,,,,,,,,,,<2,,,,,,,,,,,,292,,,,,,,,,115,,16.9,,48,,,,,,,,,,,,,,,,,,,,,,1
E06046,,Paper,,Petrogenetic Evolution of Arc Magmatism Associated with Late Oligocene to Late Miocene Porphyry-Related Ore Deposits in Ecuador,Econ. Geol,Shutte et al ,2010,Gaby-Papa Grande,Gaby-Papa Grande,Cu-Mo,CA,,,,,,,,3°03' S,79°43' W,,,,,syn,1,,21,1,Schutte 2010,21,1,Schutte 2010,,,,,,,,,,,,,,hbl-plag porphyry,Gaby/Papa Grande porphyry intrusions,,,,,,,61.06859768,16.71393034,6.534170621,,6.52110228,2.769054013,6.583973751,3.595785967,0.707204442,0.527913175,0.099606259,0.059763756,,0.39,,,,,,,99.05,,,4,,,,,,,,,,,29,,,155,,,,,,18,,,,,,,,,,,,,,,,,,,<2,,,,,,,,,,,,290,,,,,,,,,139,,14,,30,,,,,,,,,,,,,,,,,,,,,,1
E06048,,Paper,,Petrogenetic Evolution of Arc Magmatism Associated with Late Oligocene to Late Miocene Porphyry-Related Ore Deposits in Ecuador,Econ. Geol,Shutte et al ,2010,Gaby-Papa Grande,Gaby-Papa Grande,Cu-Mo,CA,,,,,,,,3°03' S,79°43' W,,,,,syn,1,,21,1,Schutte 2010,21,1,Schutte 2010,,,,,,,,,,,,,,hbl-plag porphyry,Gaby/Papa Grande porphyry intrusions,,,,,,,62.7213183,16.56320301,5.212683709,,5.202258342,2.685924812,7.192309774,3.919460652,0.248696742,0.517289223,0.099478697,0.059687218,,0.52,,,,,,,99.75,0.328935486,,5,,,125.1995251,,,,,9.813218643,,8.26527002,28,,0.350394281,440,2.329833206,1.381327814,0.736872304,,,17,2.584966453,,1.786886184,,0.51617133,,,3.638380482,,0.229175492,,,1.347508088,,1.959671157,8.446620161,9.790395127,,<2,,1.423959932,,2.415378357,,0.691995079,17.25798954,,,2.533482849,,293,0.119425746,0.400983429,,1.168994421,,,0.227567473,0.632769994,133,0.73613374,15.1,1.567366074,40,67.45448597,,,,,,,,,,,,,,,,,,,,,1
E06050,,Paper,,Petrogenetic Evolution of Arc Magmatism Associated with Late Oligocene to Late Miocene Porphyry-Related Ore Deposits in Ecuador,Econ. Geol,Shutte et al ,2010,Gaby-Papa Grande,Gaby-Papa Grande,Cu-Mo,CA,,,,,,,,3°03' S,79°43' W,,,,,syn,1,,21,1,Schutte 2010,21,1,Schutte 2010,,,,,,,,,,,,,,plag-hbl porphyry,Gaby/Papa Grande porphyry intrusions,,,,,,,62.7951317,16.54440811,3.332758099,,3.326092583,2.964662428,8.07820769,3.810287617,0.348198607,0.54716924,0.099485316,0.049742658,,0.51,,,,,,,99.09,,,<3,,,,,,,,,,,40,,,79,,,,,,17,,,,,,,,,,,,,,,,,,,<2,,,,,,,,,,,,304,,,,,,,,,132,,14.6,,28,,,,,,,,,,,,,,,,,,,,,,1
E06051,,Paper,,Petrogenetic Evolution of Arc Magmatism Associated with Late Oligocene to Late Miocene Porphyry-Related Ore Deposits in Ecuador,Econ. Geol,Shutte et al ,2010,Gaby-Papa Grande,Gaby-Papa Grande,Cu-Mo,CA,,,,,,,,3°03' S,79°43' W,,,,,syn,1,,21,1,Schutte 2010,21,1,Schutte 2010,,,,,,,,,,,,,,plag porphyry + enclave,Gaby/Papa Grande porphyry intrusions,,,,,,,61.5891132,16.84318402,5.445166465,,5.434276132,2.757424334,7.306676755,3.454246368,0.597276029,0.527593826,0.099546005,0.039818402,,0.45,,,,,,,99.12,0.378473076,,<3,,,178.1745742,,,,,20.18872571,,13.62156079,23,,1.088244558,822,1.954374097,1.388571224,0.528332196,,,18,1.588623855,,1.77122102,,0.441599234,,,11.68213994,,0.254542892,,,17.3422818,,2.335557986,8.493320208,12.75939677,,<2,,2.261188146,,13.93168569,,0.391183816,20.31920458,,,1.670436874,,294,0.165135458,0.278284514,,1.204281936,,,0.199381047,0.942768924,142,1.036775352,14.2,1.53685453,29,68.74806686,,,,,,,,,,,,,,,,,,,,,1
E06053,,Paper,,Petrogenetic Evolution of Arc Magmatism Associated with Late Oligocene to Late Miocene Porphyry-Related Ore Deposits in Ecuador,Econ. Geol,Shutte et al ,2010,Gaby-Papa Grande,Gaby-Papa Grande,Cu-Mo,CA,,,,,,,,3°03' S,79°43' W,,,,,syn,1,,21,1,Schutte 2010,21,1,Schutte 2010,,,,,,,,,,,,,,plag porphyry,Gaby/Papa Grande porphyry intrusions,,,,,,,60.66567494,16.46824657,6.710760694,,6.697339173,2.99694209,7.089112187,3.385250202,0.627266949,0.56752724,0.109522801,0.059739709,,0.43,,,,,,,99.12,0.159163705,,<3,,,146.5774895,,,,,12.06460224,,10.02097836,62,,1.423380624,113,2.089431693,1.43236287,0.578699831,,,18,1.659315388,,1.809398011,,0.446345047,,,6.19972304,,0.245689492,,,5.148817584,,2.254483692,6.646638988,11.46983932,,<2,,1.576727015,,15.69058607,,0.498985606,20.64363834,,,1.780994893,,287,0.156825633,0.321280886,,1.14931977,,,0.219041337,0.768169314,156,1.600417705,15.5,1.620278534,30,65.84774626,,,,,,,,,,,,,,,,,,,,,1
E05090,,Paper,,Petrogenetic Evolution of Arc Magmatism Associated with Late Oligocene to Late Miocene Porphyry-Related Ore Deposits in Ecuador,Econ. Geol,Shutte et al ,2010,Gaby-Papa Grande,Gaby-Papa Grande,Cu-Mo,CA,,,,,,,,3°04' S,79°42' W,,,,,syn,1,,21,1,Schutte 2010,21,1,Schutte 2010,,,,,,,,,,,,,,hbl-plag porphyry,Gaby/Papa Grande porphyry intrusions,,,,,,,61.63104343,16.86681977,6.42874688,,6.415889386,2.844053919,7.969276086,2.182416375,0.17775337,0.523384923,0.108627059,0.167878183,,1.25,,,,,,,100.15,<0.17,,5,,,74.82130239,,,,,13.71308132,,15.97005804,35,,0.830430774,35,1.931801848,1.169332916,0.534854844,,,18,1.71737524,,1.453807636,,0.331757238,,,6.276853359,,0.192708159,,,0.301495668,,2.454916314,7.354534376,10.05106643,,4,,1.52552656,,3.470693613,,6.209927922,16.36641347,,,1.567690857,,309,0.143044686,0.293408402,,1.105138124,,,0.148973289,0.476067124,129,1.463358475,12.9,1.577353723,73,69.75734888,0.512878937,,4.699951093,19.04341752,15.6340265,38.70598223,0.704269392,,,,,,,,,,,,,,1
E06044,,Paper,,Petrogenetic Evolution of Arc Magmatism Associated with Late Oligocene to Late Miocene Porphyry-Related Ore Deposits in Ecuador,Econ. Geol,Shutte et al ,2010,Gaby-Papa Grande,Gaby-Papa Grande,Cu-Mo,CA,,,,,,,,3°04' S,79°42' W,,,,,syn,1,,38,1,Schutte 2010,21,1,Schutte 2010,,,,,,,,,,,,,,plag(-hbl) porphyry,Gaby/Papa Grande porphyry intrusions,,,,,,,62.08300976,16.27111961,6.358374409,,6.34565766,2.813876874,7.58265768,1.945030681,0.375183583,0.503535862,0.08885927,0.118479026,,1.26,,,,,,,99.41,,,7,,,,,,,,,,,36,,,31,,,,,,17,,,,,,,,,,,,,,,,,,,3,,,,,,,,,,,,299,,,,,,,,,128,,12.1,,49,,,,,,,,,,,,,,,,,,,,,,1
E07002,,Paper,,Petrogenetic Evolution of Arc Magmatism Associated with Late Oligocene to Late Miocene Porphyry-Related Ore Deposits in Ecuador,Econ. Geol,Shutte et al ,2010,Chaucha,Chaucha,Cu-Mo,CA,,,,,,,,2°55' S,79°25' W,,,,,syn,1,,10.5,0.5,Schutte 2010,10.5,0.5,Schutte 2010,,,,,,,,,,,,,,dacitic porphyry,Chaucha porphyry intrusions                    (Gur-Gur/Tunas),,,,,,,64.48638319,17.5717919,5.202765383,,5.192359852,1.514981491,4.893788894,3.936958479,1.196038019,0.588052026,0.189372686,0.039867934,,0.33,,,,,,,99.95,0.157829724,,4,,,407.4836118,,,,,25.38496122,,4.253326791,5,,2.092127294,19,1.536967929,0.693771705,0.924267878,,,22,2.620170577,,3.077129681,,0.310411086,,,12.2929074,,0.116582386,,,0.607322844,,3.179831086,13.41360038,1.95725532,,4,,3.095515242,,39.56331363,,0.124315072,8.797598747,,,2.936796807,1.118487381,611,0.206730689,0.325206558,,1.328561867,,,0.12146841,0.583588208,79,,8.3,0.738552896,43,122.2013527,0.512700162,,1.212592799,19.01728489,15.64776217,38.78108051,0.704411105,,,,,,,,,,,,,,1
E07005,,Paper,,Petrogenetic Evolution of Arc Magmatism Associated with Late Oligocene to Late Miocene Porphyry-Related Ore Deposits in Ecuador,Econ. Geol,Shutte et al ,2010,Chaucha,Chaucha,Cu-Mo,CA,,,,,,,,2°56' S,79°26' W,,,,,syn,1,,10.5,0.5,Schutte 2010,10.5,0.5,Schutte 2010,,,,,,,,,,,,,,dacitic porphyry,Chaucha porphyry intrusions                    (Gur-Gur/Tunas),,,,,,,68.3988325,16.55431406,2.99102991,,2.98504785,1.23392323,3.336528415,4.15585344,1.747235294,0.424469591,0.128328016,0.039485543,,1.29,,,,,,,100.3,0.118669074,,5,,,197.6896612,,,,,18.23697509,,8.742574987,11,,1.832450419,34,1.941542755,1.130143204,0.636569828,,,20,1.968269947,,2.523523463,,0.397342798,,,8.032935248,,0.212087961,,,5.868597692,,3.404927067,9.413233151,7.583955296,,7,,2.218053971,,37.0245575,,0.135939555,12.34942837,,,2.071137695,1.686529604,492,0.217027827,0.351412235,,4.989627828,,,0.188799719,1.571593807,62,,7.2,1.319966988,38,92.19331687,0.512689992,,1.014201381,19.03151438,15.63608093,38.7610769,0.704453845,,,,,,,,,,,,,,1
E06179,,Paper,,Petrogenetic Evolution of Arc Magmatism Associated with Late Oligocene to Late Miocene Porphyry-Related Ore Deposits in Ecuador,Econ. Geol,Shutte et al ,2010,Chaucha,Chaucha,Cu-Mo,CA,,,,,,,,2°55' S,79°24' W,,,,,syn,1,,10.5,0.5,Schutte 2010,10.5,0.5,Schutte 2010,,,,,,,,,,,,,,granodiorite porphyry,Chaucha porphyry intrusions                    (Gur-Gur/Tunas),,,,,,,73.26242206,14.85769023,1.045760401,,1.04366888,0.769521805,3.383922807,4.350757895,0.443954887,0.187447619,0.069059649,0.039462657,,1.34,,,,,,,99.75,0.228047227,,4,,,188.6514364,,,,,9.355866426,,1.489568534,7,,1.49323559,542,0.780902922,0.452888612,0.47022635,,,15,0.633851057,,2.21924054,,0.098742591,,,5.260617586,,0.105308003,,,2.175714173,,2.143242565,4.319566737,4.407322675,,5,,0.887251294,,10.4381264,,<0.30,4.807304598,,,0.93860827,,329,0.314533404,0.114488369,,10.73182265,,,0.062400519,1.814305702,41,3.637149545,4.6,0.536645182,40,58.94296169,,,,,,,,,,,,,,,,,,,,,1
E06181,,Paper,,Petrogenetic Evolution of Arc Magmatism Associated with Late Oligocene to Late Miocene Porphyry-Related Ore Deposits in Ecuador,Econ. Geol,Shutte et al ,2010,Chaucha,Chaucha,Cu-Mo,CA,,,,,,,,2°55' S,79°24' W,,,,,syn,1,,10.5,0.5,Schutte 2010,10.5,0.5,Schutte 2010,,,,,,,,,,,,,,granodiorite porphyry,Chaucha porphyry intrusions                    (Gur-Gur/Tunas),,,,,,,73.40605334,15.10489661,1.133113575,,1.130847348,0.916344022,3.30080911,4.108768355,0.413832784,0.206916392,0.019706323,0.029559485,,1.47,,,,,,,100.11,<0.23,,<3,,,170.3758719,,,,,5.491350095,,1.920743421,7,,1.9795604,190,0.203300434,0.221102661,0.406896874,,,15,0.329636431,,2.366020151,,0.057892215,,,3.611097228,,0.036735433,,,2.728147619,,2.047786647,1.659334274,5.186636334,,4,,0.467080553,,9.717272543,,0.656199189,5.129723101,,,0.282604607,,307,0.298568268,0.029734458,,10.8583314,,,0.016746466,1.572192391,23,3.327745579,1.7,0.251183373,35,63.82048085,,,,,,,,,,,,,,,,,,,,,1
E06157,,Paper,,Petrogenetic Evolution of Arc Magmatism Associated with Late Oligocene to Late Miocene Porphyry-Related Ore Deposits in Ecuador,Econ. Geol,Shutte et al ,2010,Chaucha,Chaucha,Cu-Mo,CA,,,,,,,,2°56' S,79°24' W,,,,,pre,4,,10.5,0.5,Schutte 2010,24,5,Schutte 2010,,,,,,,,,,,,,,andesite,Saraguro Group at Chaucha,,,,,,,57.16275234,18.48769246,7.882118346,,7.866354109,3.00176512,7.882118346,2.624059575,0.74547147,0.665954513,0.139154674,0.178913153,,0.6,,,,,,,99.37,0.051524002,,3,,,219.5383333,,,,,14.87669076,,6.397566359,10,,1.745437723,49,2.998696763,1.896316747,0.774709264,,,19,2.849499095,,2.005376663,,0.658391706,,,7.166372444,,0.329269083,,,0.672715628,,2.750542821,9.367731251,9.471690063,,8,,2.03206498,,20.43828328,,0.225846202,22.6454301,,,2.549828624,,395,0.215087898,0.425858291,,1.814839086,,,0.267023531,0.715501179,156,0.357962233,19.5,1.883217232,93,71.81906736,0.512747,,2.126256735,n/a,n/a,n/a,0.70476241,,,,,,,,,,,,,,0
E06166,,Paper,,Petrogenetic Evolution of Arc Magmatism Associated with Late Oligocene to Late Miocene Porphyry-Related Ore Deposits in Ecuador,Econ. Geol,Shutte et al ,2010,Chaucha,Chaucha,Cu-Mo,CA,,,,,,,,2°56' S,79°24' W,,,,,pre,4,,10.5,0.5,Schutte 2010,24,5,Schutte 2010,,,,,,,,,,,,,,andesite,Saraguro Group at Chaucha,,,,,,,65.78652008,15.61873805,5.150229446,,5.139928987,2.263728489,4.695506692,2.303269598,1.640956023,0.57334608,0.128508604,0.069196941,,1.14,,,,,,,99.37,0.594745913,,5,,,533.5539593,,,,,32.82831475,,12.48658351,25,,5.408435805,1082,3.081250458,2.035332842,0.795798498,,,17,3.31651037,,3.458214685,,0.627160331,,,16.88684935,,0.312699745,,,14.36717207,,5.666085213,15.22869986,16.92596722,,2,,4.022661039,,67.49593258,,0.250365746,16.29673389,,,3.3694397,,320,0.478544651,0.465151144,,8.088266336,,,0.266308526,2.667907246,122,0.886782866,19.9,1.844833755,101,130.9372751,0.51266,,0.429152735,19.17252599,15.68968703,39.02575314,0.707071,,,,,,,,,,,,,,0
E06172,,Paper,,Petrogenetic Evolution of Arc Magmatism Associated with Late Oligocene to Late Miocene Porphyry-Related Ore Deposits in Ecuador,Econ. Geol,Shutte et al ,2010,Chaucha,Chaucha,Cu-Mo,CA,,,,,,,,2°56' S,79°24' W,,,,,pre,4,,10.5,0.5,Schutte 2010,24,5,Schutte 2010,,,,,,,,,,,,,,andesite,Saraguro Group at Chaucha,,,,,,,61.36133038,16.74296166,6.762148536,,6.748624239,3.198978565,4.970720539,2.372165644,1.594567777,0.639795713,0.118116132,0.039372044,,1.56,,,,,,,99.37,0.235044629,,4,,,265.6584194,,,,,21.49834911,,12.01343341,30,,9.376118678,508,3.063133752,1.82628493,0.667219021,,,19,3.119995891,,3.000802201,,0.639533542,,,9.598002038,,0.288773705,,,2.654372779,,4.71721259,11.43531138,18.749078,,<2,,2.558258373,,70.16615698,,0.840258965,22.05094849,,,2.770359651,,270,0.353235997,0.400499113,,4.200356343,,,0.278970953,1.320570447,138,2.120334512,18.5,1.852113803,48,117.3092144,,,,,,,,,,,,,,,,,,,,,0
E06004,,Paper,,Petrogenetic Evolution of Arc Magmatism Associated with Late Oligocene to Late Miocene Porphyry-Related Ore Deposits in Ecuador,Econ. Geol,Shutte et al ,2010,Canicapa,Canicapa,Cu-Mo,CA,,,,,,,,3°32' S,79°15' W,,,,,pre,4,,10.5,0.5,Schutte 2010,20,1,Schutte 2010,,,,,,,,,,,,,,dacite (subvolcanic?),Saraguro Group at Canicapa,,,,,,,69.86038109,14.75178546,2.360677488,,2.355956133,0.86199012,2.830853917,3.653662668,2.409654199,0.264474241,0.097953423,0.068567396,,2.03,,,,,,,99.19,,,4,,,,,,,,,,,2,,,8,,,,,,15,,,,,,,,,,,,,,,,,,,14,,,,,,,,,,,,289,,,,,,,,,26,,14.9,,47,,,,,,,,,,,,,,,,,,,,,,0
E06009,,Paper,,Petrogenetic Evolution of Arc Magmatism Associated with Late Oligocene to Late Miocene Porphyry-Related Ore Deposits in Ecuador,Econ. Geol,Shutte et al ,2010,Canicapa,Canicapa,Cu-Mo,CA,,,,,,,,3°32' S,79°17' W,,,,,pre,4,,10.5,0.5,Schutte 2010,20,1,Schutte 2010,,,,,,,,,,,,,,dacite (flow),Saraguro Group at Canicapa,,,,,,,70.58622041,15.22816762,2.465418555,,2.460487718,0.673286995,2.584233908,3.960511736,2.326800645,0.267334542,0.118815352,0.079210235,,0.98,,,,,,,99.27,,,5,,,,,,,,,,,5,,,6,,,,,,16,,,,,,,,,,,,,,,,,,,15,,,,,,,,,,,,340,,,,,,,,,22,,12.8,,49,,,,,,,,,,,,,,,,,,,,,,0
E06010,,Paper,,Petrogenetic Evolution of Arc Magmatism Associated with Late Oligocene to Late Miocene Porphyry-Related Ore Deposits in Ecuador,Econ. Geol,Shutte et al ,2010,Canicapa,Canicapa,Cu-Mo,CA,,,,,,,,3°32' S,79°17' W,,,,,pre,4,,10.5,0.5,Schutte 2010,20,1,Schutte 2010,,,,,,,,,,,,,,dacite (flow),Saraguro Group at Canicapa,,,,,,,70.07383785,15.27694867,2.734395483,,2.728926692,0.812392861,2.526343652,3.962892004,2.367827972,0.2972169,0.12879399,0.06935061,,0.92,,,,,,,99.17,0.152125097,,4,,,722.6631814,,,,,29.84800244,,3.484886392,9,,1.797822352,11,1.667912963,0.959573323,0.675326006,,,16,2.241907012,,2.436858895,,0.351930724,,,16.82669224,,0.179067571,,,0.897710958,,6.014956928,12.7639711,3.003514963,,15,,3.311721176,,45.08115579,,0.380711374,5.261170346,,,2.368664742,,329,0.531031143,0.28173623,,5.287967711,,,0.149435521,1.716252589,27,0.894397606,12.4,1.108940807,57,93.92618912,0.512736,,1.911680367,n/a,n/a,n/a,0.704433995,,,,,,,,,,,,,,0
E06011,,Paper,,Petrogenetic Evolution of Arc Magmatism Associated with Late Oligocene to Late Miocene Porphyry-Related Ore Deposits in Ecuador,Econ. Geol,Shutte et al ,2010,Canicapa,Canicapa,Cu-Mo,CA,,,,,,,,3°31' S,79°18' W,,,,,pre,4,,10.5,0.5,Schutte 2010,20,1,Schutte 2010,,,,,,,,,,,,,,dacite (subvolcanic?),Saraguro Group at Canicapa,,,,,,,69.36858223,15.1685177,2.763295351,,2.75776876,1.055973581,3.138314006,3.621890693,2.200767369,0.296067359,0.128295856,0.128295856,,1.3,,,,,,,99.17,<0.10,,5,,,682.3047302,,,,,30.05337642,,3.663330257,<2,,2.833588528,7,1.759342873,1.023834629,0.610408011,,,15,1.923121894,,2.472075975,,0.364838852,,,16.24682682,,0.169592504,,,0.812948951,,5.928025919,12.57252171,2.165762763,,15,,3.422807255,,41.63871342,,0.280326453,5.156835044,,,2.107476514,,417,0.461904604,0.264512897,,5.400885652,,,0.157107298,1.894899869,25,0.561078439,11.8,1.214077917,55,99.69362923,,,,,,,,,,,,,,,,,,,,,0
E06012,,Paper,,Petrogenetic Evolution of Arc Magmatism Associated with Late Oligocene to Late Miocene Porphyry-Related Ore Deposits in Ecuador,Econ. Geol,Shutte et al ,2010,Canicapa,Canicapa,Cu-Mo,CA,,,,,,,,3°31' S,79°18' W,,,,,pre,4,,10.5,0.5,Schutte 2010,20,1,Schutte 2010,,,,,,,,,,,,,,dacite (subvolcanic?),Saraguro Group at Canicapa,,,,,,,68.69023103,15.59842716,2.847722962,,2.842027516,1.024786118,2.936406376,3.813386804,2.276207627,0.29561138,0.128098265,0.059122276,,1.45,,,,,,,99.12,<0.15,,5,,,702.4607951,,,,,30.55729754,,3.576789144,<2,,2.627597119,7,1.905786786,1.031816739,0.593913132,,,17,1.606475396,,2.359391566,,0.345759561,,,16.97337699,,0.200253248,,,0.856411678,,5.980604345,12.20489286,<1.5,,16,,3.472509568,,45.34614042,,0.591622916,5.753141029,,,2.458164529,,401,0.472252075,0.302756865,,5.492299865,,,0.157201305,1.821812775,26,0.81831007,11.9,1.158250844,42,99.9668202,n/a,,n/a,18.97506259,15.66504354,38.83696498,0.704403184,,,,,,,,,,,,,,0
E05-M10,,Paper,,Petrogenetic Evolution of Arc Magmatism Associated with Late Oligocene to Late Miocene Porphyry-Related Ore Deposits in Ecuador,Econ. Geol,Shutte et al ,2010,Cangrejos,Cangrejos,Cu-Mo,CA,,,,,,,,3°30' S,79°48' W,,,,,syn,1,,24,,Schutte 2010,24,,Schutte 2010,,,,,,,,,,,,,,plag-hbl porphyry,Cangrejos porphyry intrusions,,,,,,,64.01129793,16.28608211,4.906514756,,4.896701726,2.69956836,5.064153784,2.857207388,1.61580004,0.551736599,0.118229271,0.029557318,,1.47,,,,,,,99.62,<0.14,,4,,,280.5214905,,,,,38.4324591,,3.711027886,42,,1.790698019,7,3.171803674,1.834311483,0.826420031,,,17,3.556578376,,3.033641828,,0.673362849,,,18.90700612,,0.247149674,,,0.344175718,,4.791780304,17.9765328,12.29490168,,5,,4.305221629,,63.4387283,,0.377510481,15.76223842,,,3.864724324,3.193095001,285,0.293693957,0.49445956,,5.072841483,,,0.27285102,1.703308995,102,,19,1.80190877,82,128.0123848,,,,,,,,,,,,,,,,,,,,,1
E06067,,Paper,,Petrogenetic Evolution of Arc Magmatism Associated with Late Oligocene to Late Miocene Porphyry-Related Ore Deposits in Ecuador,Econ. Geol,Shutte et al ,2010,Cangrejos,Cangrejos,Cu-Mo,CA,,,,,,,,3°29' S,79°48' W,,,,,syn,1,,24,,Schutte 2010,24,,Schutte 2010,,,,,,,,,,,,,,plag-hbl porphyry,Cangrejos porphyry intrusions,,,,,,,61.51474947,16.55412844,5.250303458,,5.239802851,2.967988709,5.465800988,2.88962597,1.733775582,0.626901905,0.117544107,0.029386027,,2.03,,,,,,,99.19,0.379491864,,6,,,338.8720732,,,,,38.96062248,,14.07988851,40,,0.941163145,483,3.974662364,2.124342071,0.920579079,,,18,4.363548109,,3.028244447,,0.759439527,,,18.70503341,,0.284049455,,,2.984454539,,4.893861613,19.65700964,17.85907703,,8,,4.760107756,,61.81702958,,2.747324872,19.73792756,,,4.420885283,,317,0.35552138,0.577556789,,3.223715204,,,0.303336188,1.220089222,120,0.981228951,22.4,1.946906668,49,117.5794447,,,,,,,,,,,,,,,,,,,,,1
E06069,,Paper,,Petrogenetic Evolution of Arc Magmatism Associated with Late Oligocene to Late Miocene Porphyry-Related Ore Deposits in Ecuador,Econ. Geol,Shutte et al ,2010,Cangrejos,Cangrejos,Cu-Mo,CA,,,,,,,,3°29' S,79°48' W,,,,,syn,1,,24,,Schutte 2010,24,,Schutte 2010,,,,,,,,,,,,,,plag-hbl porphyry,Cangrejos porphyry intrusions,,,,,,,64.88886423,15.75914868,4.110651604,,4.102430301,2.52582207,6.814766996,3.219184991,0.198103692,0.515069599,0.099051846,0.059431108,,0.94,,,,,,,99.14,0.338717555,,7,,,107.9860542,,,,,21.78900228,,9.020333329,34,,0.143625374,1028,3.501055492,2.234734804,0.75359873,,,17,3.259676445,,3.022691134,,0.740126055,,,9.330702471,,0.318995627,,,4.458408645,,5.050099702,13.66190439,12.06346829,,7,,3.024067017,,3.489181587,,0.422122486,16.65665088,,,3.229877851,,308,0.400228621,0.533820456,,4.386287723,,,0.32513262,1.393730015,95,0.979683094,22.8,1.986114948,70,114.7905648,0.512552,,-1.677597057,18.92344776,15.63071234,38.74524932,0.705410511,,,,,,,,,,,,,,1
E06070,,Paper,,Petrogenetic Evolution of Arc Magmatism Associated with Late Oligocene to Late Miocene Porphyry-Related Ore Deposits in Ecuador,Econ. Geol,Shutte et al ,2010,Cangrejos,Cangrejos,Cu-Mo,CA,,,,,,,,3°30' S,79°48' W,,,,,syn,1,,24,,Schutte 2010,24,,Schutte 2010,,,,,,,,,,,,,,plag-hbl porphyry,Cangrejos porphyry intrusions,,,,,,,64.40008047,16.49943869,4.507019415,,4.498005376,2.465546726,5.079026255,2.958656071,1.499052409,0.493109345,0.098621869,0.029586561,,1.37,,,,,,,99.41,0.640811729,,<3,,,241.6285686,,,,,34.58642083,,2.897847122,35,,1.635329237,8,2.884250245,1.541934671,0.78719083,,,19,2.625532879,,3.002494265,,0.568670339,,,16.67714487,,0.24869061,,,0.432228066,,4.654134354,15.93846443,14.88367095,,4,,4.062585486,,49.89955607,,0.453996561,15.23235212,,,3.279598418,,298,0.322670955,0.430679961,,4.632510177,,,0.245474627,1.466948307,92,1.896982556,17.4,1.700069231,72,113.2760541,0.512532,,-2.067735907,19.05508222,15.64618237,38.88867383,0.705598,,,,,,,,,,,,,,1
E06088,,Paper,,Petrogenetic Evolution of Arc Magmatism Associated with Late Oligocene to Late Miocene Porphyry-Related Ore Deposits in Ecuador,Econ. Geol,Shutte et al ,2010,Portovelo,Portovelo,Cu-Mo,CA,,,,,,,,3°42' S,79°37' W,,,,,syn,1,,24.04,0.24,Schutte 2010,24.04,0.24,Schutte 2010,,,,,,,,,,,,,,QDP,Zaruma-Portovelo porphyry intrusions,,,,,,,65.33112786,15.35103004,3.927007685,,3.91915367,1.958679509,3.570006987,2.605140234,3.357736301,0.405244036,0.086838008,0.07718934,,3.52,,,,,,,100.19,,,8,,,,,,,,,,,19,,,18,,,,,,16,,,,,,,,,,,,,,,,,,,10,,,,,,,,,,,,201,,,,,,,,,70,,13.4,,59,,,,,,,,,,,,,,,,,,,,,,1
E06089,,Paper,,Petrogenetic Evolution of Arc Magmatism Associated with Late Oligocene to Late Miocene Porphyry-Related Ore Deposits in Ecuador,Econ. Geol,Shutte et al ,2010,Portovelo,Portovelo,Cu-Mo,CA,,,,,,,,3°40' S,79°36' W,,,,,syn,1,,24.04,0.24,Schutte 2010,24.04,0.24,Schutte 2010,,,,,,,,,,,,,,QDP,Zaruma-Portovelo porphyry intrusions,,,,,,,66.26801599,15.04332334,3.714878561,,3.707448804,1.760697651,3.97608096,2.88290055,2.602349825,0.386966517,0.087067466,0.06771914,,3.26,,,,,,,100.05,,,4,,,,,,,,,,,28,,,13,,,,,,15,,,,,,,,,,,,,,,,,,,11,,,,,,,,,,,,275,,,,,,,,,65,,11.8,,53,,,,,,,,,,,,,,,,,,,,,,1
E06072,,Paper,,Petrogenetic Evolution of Arc Magmatism Associated with Late Oligocene to Late Miocene Porphyry-Related Ore Deposits in Ecuador,Econ. Geol,Shutte et al ,2010,Portovelo,Portovelo,Cu-Mo,CA,,,,,,,,3°42' S,79°37' W,,,,,syn,1,,24.04,0.24,Schutte 2010,24.04,0.24,Schutte 2010,,,,,,,,,,,,,,QDP,Zaruma-Portovelo porphyry intrusions,,,,,,,64.79111605,15.28550146,3.969377841,,3.961439085,1.999246541,4.173184527,3.125035855,2.183643066,0.397908292,0.087345723,0.077640642,,2.92,,,,,,,99.01,0.374511932,,6,,,586.3892125,,,,,25.4700358,,9.110578505,20,,3.376747984,18,1.883129337,1.224969569,0.667114268,,,16,2.151926313,,2.559887905,,0.414939632,,,13.09557348,,0.207396297,,,0.907645812,,3.756349281,10.52386732,8.332100918,,12,,2.670418859,,59.17771595,,1.298859539,11.18862441,,,2.139146471,,313,0.327370698,0.293511189,,6.78131216,,,0.17568451,1.946987595,68,1.063919077,13,1.113018693,55,91.16439595,,,,,,,,,,,,,,,,,,,,,1
E06073,,Paper,,Petrogenetic Evolution of Arc Magmatism Associated with Late Oligocene to Late Miocene Porphyry-Related Ore Deposits in Ecuador,Econ. Geol,Shutte et al ,2010,Portovelo,Portovelo,Cu-Mo,CA,,,,,,,,3°42' S,79°37' W,,,,,syn,1,,24.04,0.24,Schutte 2010,24.04,0.24,Schutte 2010,,,,,,,,,,,,,,QDP,Zaruma-Portovelo porphyry intrusions,,,,,,,65.76475922,15.8620673,4.161829539,,4.15350588,2.120177312,1.423267177,3.828097925,3.70049466,0.4122567,0.088340721,0.06870945,,1.83,,,,,,,99.26,,,7,,,,,,,,,,,25,,,13,,,,,,16,,,,,,,,,,,,,,,,,,,9,,,,,,,,,,,,293,,,,,,,,,76,,12.4,,52,,,,,,,,,,,,,,,,,,,,,,1
E06090,,Paper,,Petrogenetic Evolution of Arc Magmatism Associated with Late Oligocene to Late Miocene Porphyry-Related Ore Deposits in Ecuador,Econ. Geol,Shutte et al ,2010,Portovelo,Portovelo,Cu-Mo,CA,,,,,,,,3°40' S,79°36' W,,,,,syn,1,,24.04,0.24,Schutte 2010,24.04,0.24,Schutte 2010,,,,,,,,,,,,,,QDP,Zaruma-Portovelo porphyry intrusions,,,,,,,64.440552,15.973694,4.3857,,4.3769286,2.19285,4.33697,3.450084,2.056406,0.448316,0.087714,0.087714,,2.54,,,,,,,100,<0.12,,7,,,520.3927494,,,,,25.47818395,,10.98137051,112,,2.776509684,17,1.86592464,1.207320014,0.59081228,,,16,1.834323229,,2.57991041,,0.397111616,,,13.41648589,,0.204330756,,,1.027416256,,3.730750443,11.42711248,11.80194695,,14,,2.594974149,,63.67438073,,1.524063621,12.49081729,,,1.991948916,,309,0.310588501,0.296533064,,6.505394293,,,0.16039665,2.057369275,80,1.378894764,12.4,1.157681054,64,85.41106893,0.512606,,-0.624222161,18.95498708,15.66134066,38.82294817,0.705491633,,,,,,,,,,,,,,1
E06092,,Paper,,Petrogenetic Evolution of Arc Magmatism Associated with Late Oligocene to Late Miocene Porphyry-Related Ore Deposits in Ecuador,Econ. Geol,Shutte et al ,2010,Portovelo,Portovelo,Cu-Mo,CA,,,,,,,,3°40' S,79°36' W,,,,,syn,1,,24.04,0.24,Schutte 2010,24.04,0.24,Schutte 2010,,,,,,,,,,,,,,QDP,Zaruma-Portovelo porphyry intrusions,,,,,,,64.67110756,15.7502307,4.233724159,,4.225256711,2.126572456,4.53474583,2.961664836,2.369331869,0.41754619,0.087393389,0.077683012,,2.9,,,,,,,100.13,0.194146244,,10,,,572.751628,,,,,27.29793139,,10.56919537,67,,3.407724333,17,1.978310096,1.18180403,0.612056396,,,16,1.953085708,,2.485976989,,0.371072584,,,14.22603237,,0.208422328,,,0.989637057,,3.836014004,10.98955289,11.25717499,,12,,2.747581095,,75.07279865,,1.514711909,11.62098307,,,2.069811542,,291,0.328041797,0.292347329,,6.822789196,,,0.176685292,2.093658082,76,1.552282466,12.2,1.247210962,56,92.29620945,,,,,,,,,,,,,,,,,,,,,1
E06112,,Paper,,Petrogenetic Evolution of Arc Magmatism Associated with Late Oligocene to Late Miocene Porphyry-Related Ore Deposits in Ecuador,Econ. Geol,Shutte et al ,2010,Portovelo,Portovelo,Cu-Mo,CA,,,,,,,,3°40' S,79°38' W,,,,,syn,1,,24.04,0.24,Schutte 2010,24.04,0.24,Schutte 2010,,,,,,,,,,,,,,plag-hbl porphyry,Zaruma-Portovelo porphyry intrusions,,,,,,,63.35972145,16.54735423,5.052328275,,5.042223618,2.565329473,2.93740016,4.415891573,2.467416134,0.518940695,0.107704673,0.088122005,,2.09,,,,,,,100.16,0.513188408,,13,,,517.991279,,,,,24.84956123,,13.15268476,35,,4.558762857,21,2.337560144,1.432088051,0.671030837,,,17,2.395876659,,2.615861661,,0.478100747,,,12.60581865,,0.215639741,,,1.521327721,,3.717812723,12.87731178,15.35539179,,29,,2.721177689,,81.85227631,,4.404449403,15.14060098,,,2.476430099,,313,0.257619262,0.344182333,,4.779356615,,,0.20546388,1.837717369,98,2.239321607,14.4,1.269104619,155,100.0081833,0.512625,,-0.253590253,19.04037533,15.66625813,38.92185607,0.70567,,,,,,,,,,,,,,1
10CC02,,Paper,,"Petrological Evolution of the Magmatic Suite Associated with the Coroccohuayco Cu(–Au–Fe) Porphyry–Skarn Deposit, Peru",Journal of Petrology,Chelle Michou et al,2015,Corrocohuayco,Corrocohuayco,Cu-Mo,CA,,,,,,,,,,257175,8345070,,,pre/host,3,,36.1,0.017,Chelle Michou 2014,40.374,0.017,Chelle Michou 2014,,,,,,,,,,,,,,"Gabbrodiorite ""cumulate""","Gabbrodiorite ""cumulate""",,,,,,,47.54,20.08,10.26,,10.23948,4.42,11.66,2.69,0.32,1.09,0.06,0.12,,1.08,,,,,,,99.31,,,1.38,,,748,,,,,10.5,,30,16,,0.54,77,2.19,1.29,0.74,,,20,2.07,,1.33,,0.455,,,4.54,,0.175,,,0.29,,1.56,6.32,10.2,,2.2,,1.38,,6.7,,0.23,38.34,,,1.89,,490,0.141,0.36,,1.21,,,0.193,0.238,473,0.2,11.99,1.39,20.5,44,0.5127091,,,18.533,15.598,38.444,0.705577,0.7055544,,,,,,,,,,,,,0
10CC41,,Paper,,"Petrological Evolution of the Magmatic Suite Associated with the Coroccohuayco Cu(–Au–Fe) Porphyry–Skarn Deposit, Peru",Journal of Petrology,Chelle Michou et al,2015,Corrocohuayco,Corrocohuayco,Cu-Mo,CA,,,,,,,,,,257455,8344925,,,pre/host,3,,36.1,0.017,Chelle Michou 2014,40.374,0.017,Chelle Michou 2014,,,,,,,,,,,,,,"Gabbrodiorite ""cumulate""","Gabbrodiorite ""cumulate""",,,,,,,48.9,19.5,10.95,,10.9281,5.11,9.8,2.7,0.8,0.95,0.08,0.15,,0.69,,,,,,,99.65,,,0.59,,,339,,,,,12.27,,30.7,26,,0.48,83,1.87,1.17,0.71,,,19,1.7,,1.24,,0.426,,,5.33,,0.193,,,0.64,,1.44,6.69,8.8,,2,,1.57,,24,,1.05,31.93,,,1.83,,376,0.102,0.298,,1.23,,,0.161,0.45,382,0.23,10.93,1.33,40.3,40.3,0.512676,,,18.61,15.615,38.535,0.7052982,0.7052049,,,,,,,,,,,,,0
10CC53,,Paper,,"Petrological Evolution of the Magmatic Suite Associated with the Coroccohuayco Cu(–Au–Fe) Porphyry–Skarn Deposit, Peru",Journal of Petrology,Chelle Michou et al,2015,Corrocohuayco,Corrocohuayco,Cu-Mo,CA,,,,,,,,,,256795,8344564,,,pre/host,3,,36.1,0.017,Chelle Michou 2014,40.374,0.017,Chelle Michou 2014,,,,,,,,,,,,,,"Gabbrodiorite ""cumulate""","Gabbrodiorite ""cumulate""",,,,,,,51.02,19.87,9.42,,9.40116,3.74,9.28,3.26,0.83,1.07,0.1,0.12,,0.78,,,,,,,99.49,,,0.82,,,307,,,,,14.49,,22.1,14,,0.19,168,2.15,1.2,0.87,,,20,1.97,,1.31,,0.366,,,6.46,,0.176,,,,,1.81,7.78,7.4,,2.1,,1.85,,15,,0.17,35.31,,,1.79,,421,0.132,0.317,,1.07,,,0.185,0.368,345,0.18,11.32,1.21,28,44.5,0.512676,,,18.61,15.633,38.551,0.7052739,0.7052219,,,,,,,,,,,,,0
10CC61,,Paper,,"Petrological Evolution of the Magmatic Suite Associated with the Coroccohuayco Cu(–Au–Fe) Porphyry–Skarn Deposit, Peru",Journal of Petrology,Chelle Michou et al,2015,Corrocohuayco,Corrocohuayco,Cu-Mo,CA,,,,,,,,,,256574,8344662,,,pre/host,3,,36.1,0.017,Chelle Michou 2014,40.374,0.017,Chelle Michou 2014,,,,,,,,,,,,,,"Gabbrodiorite ""cumulate""","Gabbrodiorite ""cumulate""",,,,,,,47.26,19.58,12.17,,12.14566,5.25,11.49,1.75,0.28,0.96,0.12,0.21,,0.43,,,,,,,99.5,,,0.9,,,77,,,,,9.8,,37.3,14,,0.26,72,2.33,1.3,0.74,,,19,2.15,,0.94,,0.431,,,4.09,,0.169,,,0.91,,0.98,6.64,15.1,,2.7,,1.35,,6.8,,,31.43,,,1.86,,429,0.072,0.327,,0.56,,,0.177,0.2,335,0.12,11.81,1.23,73.2,26.7,0.5127635,,,18.533,15.616,38.478,0.7048528,0.7048265,,,,,,,,,,,,,0
10CC101,,Paper,,"Petrological Evolution of the Magmatic Suite Associated with the Coroccohuayco Cu(–Au–Fe) Porphyry–Skarn Deposit, Peru",Journal of Petrology,Chelle Michou et al,2015,Corrocohuayco,Corrocohuayco,Cu-Mo,CA,,,,,,,,,,OM2,33.5 m,,,pre/host,3,,36.1,0.017,Chelle Michou 2014,40.374,0.017,Chelle Michou 2014,,,,,,,,,,,,,,"Gabbrodiorite ""cumulate""","Gabbrodiorite ""cumulate""",,,,,,,46.36,14.9,14.25,,14.2215,7.78,10.01,2.39,0.95,1.36,0.06,0.18,,1.06,,,,,,,99.3,,,0.79,,,162,,,,,13.1,,47.2,45,,1.23,342,2.58,1.5,0.73,,,19,2.34,,1.46,,0.541,,,4.94,,0.199,,,0.68,,1.43,7.73,20.2,,1.3,,1.55,,25,,0.11,72.04,,,2.17,,320,0.091,0.384,,0.69,,,0.221,0.266,659,0.4,14.44,1.52,47.8,41.1,0.5127213,,,18.611,15.631,38.555,0.7055997,0.70547,,,,,,,,,,,,,0
10CC01,,Paper,,"Petrological Evolution of the Magmatic Suite Associated with the Coroccohuayco Cu(–Au–Fe) Porphyry–Skarn Deposit, Peru",Journal of Petrology,Chelle Michou et al,2015,Corrocohuayco,Corrocohuayco,Cu-Mo,CA,,,,,,,,,,257175,8345070,,,pre/host,3,,36.1,0.017,Chelle Michou 2014,40.374,0.017,Chelle Michou 2014,,,,,,,,,,,,,,"Gabbrodiorite ""cumulate""","Gabbrodiorite ""cumulate""",,,,,,,51.36,19.11,8.38,,8.36324,3.91,9.26,4.48,0.29,1.08,0.15,0.09,,1.03,,,,,,,99.14,,,1.82,,,584,,,,,16.02,,19.8,19,,0.44,16,3.23,1.87,0.95,,,19,3.41,,2.05,,0.712,,,6.43,,0.301,,,0.23,,3.14,11.2,7.9,,1.8,,2.23,,7.1,,0.7,35.11,,,3.11,,491,0.18,0.493,,0.99,,,0.319,0.202,323,0.17,18.76,2.04,16.3,62.2,0.5127151,,,18.571,15.617,38.534,0.7056613,0.7056373,,,,,,,,,,,,,0
10CC04,,Paper,,"Petrological Evolution of the Magmatic Suite Associated with the Coroccohuayco Cu(–Au–Fe) Porphyry–Skarn Deposit, Peru",Journal of Petrology,Chelle Michou et al,2015,Corrocohuayco,Corrocohuayco,Cu-Mo,CA,,,,,,,,,,256749,8346024,,,pre/host,3,,36.1,0.017,Chelle Michou 2014,40.374,0.017,Chelle Michou 2014,,,,,,,,,,,,,,Gabbrodiorite,Gabbrodiorite,,,,,,,51.12,18.32,10.43,,10.40914,4.31,9.28,3.2,0.84,0.93,0.13,0.17,,0.6,,,,,,,99.34,,,1.05,,,182,,,,,18.14,,29.1,8,,0.51,418,3.84,2.01,1.02,,,18,3.31,,1.86,,0.738,,,8,,0.302,,,0.78,,2.2,10.96,,,2.9,,2.35,,17.4,,0.17,34.9,,,2.99,,381,0.131,0.512,,1.42,,,0.295,0.447,311,3.47,18.99,1.99,51.1,61.4,0.5127036,,,18.554,15.61,38.499,0.7051519,0.7050761,,,,,,,,,,,,,0
10CC09,,Paper,,"Petrological Evolution of the Magmatic Suite Associated with the Coroccohuayco Cu(–Au–Fe) Porphyry–Skarn Deposit, Peru",Journal of Petrology,Chelle Michou et al,2015,Corrocohuayco,Corrocohuayco,Cu-Mo,CA,,,,,,,,,,256706,8346226,,,pre/host,3,,36.1,0.017,Chelle Michou 2014,40.374,0.017,Chelle Michou 2014,,,,,,,,,,,,,,Gabbrodiorite,Gabbrodiorite,,,,,,,52.09,17.76,10.34,,10.31932,4.49,8.96,2.74,0.77,0.93,0.11,0.16,,0.7,,,,,,,99.05,,,0.86,,,226,,,,,17.93,,29.9,11,,0.8,43,3.81,1.94,1.02,,,19,3.43,,2.1,,0.726,,,7.55,,0.317,,,0.32,,2.45,11.19,7.7,,3.3,,2.39,,21.1,,0.22,39.91,,,2.96,,345,0.149,0.52,,1.52,,,0.324,0.55,351,27.33,19.81,2.09,52.4,75.9,0.5127206,,,18.551,15.616,38.506,0.7051751,0.7050736,,,,,,,,,,,,,0
10CC55,,Paper,,"Petrological Evolution of the Magmatic Suite Associated with the Coroccohuayco Cu(–Au–Fe) Porphyry–Skarn Deposit, Peru",Journal of Petrology,Chelle Michou et al,2015,Corrocohuayco,Corrocohuayco,Cu-Mo,CA,,,,,,,,,,256812,8345420,,,pre/host,3,,36.1,0.017,Chelle Michou 2014,40.374,0.017,Chelle Michou 2014,,,,,,,,,,,,,,Gabbrodiorite,Gabbrodiorite,,,,,,,49.15,19.09,11.43,,11.40714,4.18,9.63,3.12,0.7,1,0.2,0.16,,0.54,,,,,,,99.19,,,0.98,,,168,,,,,15.08,,27,12,,0.17,304,3.34,1.76,0.96,,,21,3.38,,1.34,,0.693,,,6.27,,0.269,,,0.31,,1.58,10.4,16.3,,2,,2.08,,15,,0.09,33.7,,,2.74,,428,0.096,0.502,,0.79,,,0.257,0.265,283,0.46,17.84,1.8,41.3,44.9,0.512707,,,18.569,15.625,38.522,0.7052239,0.7051728,,,,,,,,,,,,,0
10CC57,,Paper,,"Petrological Evolution of the Magmatic Suite Associated with the Coroccohuayco Cu(–Au–Fe) Porphyry–Skarn Deposit, Peru",Journal of Petrology,Chelle Michou et al,2015,Corrocohuayco,Corrocohuayco,Cu-Mo,CA,,,,,,,,,,256949,8345326,,,pre/host,3,,36.1,0.017,Chelle Michou 2014,40.374,0.017,Chelle Michou 2014,,,,,,,,,,,,,,Gabbrodiorite,Gabbrodiorite,,,,,,,51.6,19.64,9.44,,9.42112,3.81,8.59,3.87,0.56,0.82,0.23,0.17,,0.71,,,,,,,99.44,,,0.91,,,218,,,,,20.8,,24.8,13,,0.58,341,3.06,1.75,0.96,,,21,3.27,,1.91,,0.585,,,9.09,,0.285,,,0.28,,2.78,13.27,7.6,,3.2,,2.72,,18.6,,0.14,22.37,,,3.18,,465,0.166,0.512,,0.79,,,0.239,0.282,221,0.44,17.47,1.7,51.1,74.8,0.512727,,,18.546,15.607,38.458,0.7052103,0.7051519,,,,,,,,,,,,,0
10CC16,,Paper,,"Petrological Evolution of the Magmatic Suite Associated with the Coroccohuayco Cu(–Au–Fe) Porphyry–Skarn Deposit, Peru",Journal of Petrology,Chelle Michou et al,2015,Corrocohuayco,Corrocohuayco,Cu-Mo,CA,,,,,,,,,,256546,8345406,,,pre/host,3,,36.1,0.017,Chelle Michou 2014,40.374,0.017,Chelle Michou 2014,,,,,,,,,,,,,,Gabbrodiorite,Gabbrodiorite,,,,,,,54.83,19.26,6.06,,6.04788,3.55,9.08,4.46,0.63,0.68,0.18,0.08,,0.45,,,,,,,99.26,,,0.96,,,236,,,,,15.53,,12.5,11,,0.36,21,3.56,1.89,1.08,,,19,3.2,,1.06,,0.725,,,7.42,,0.245,,,0.21,,1.72,10.72,11.1,,2.2,,2.3,,8.6,,0.23,26.1,,,3,,416,0.108,0.548,,0.64,,,0.275,0.17,209,0.16,17.71,1.8,21.8,33.5,0.512671,,,18.536,15.626,38.509,0.7053211,0.7052909,,,,,,,,,,,,,0
11CC01,,Paper,,"Petrological Evolution of the Magmatic Suite Associated with the Coroccohuayco Cu(–Au–Fe) Porphyry–Skarn Deposit, Peru",Journal of Petrology,Chelle Michou et al,2015,Corrocohuayco,Corrocohuayco,Cu-Mo,CA,,,,,,,,,,256572,8345422,,,pre/host,3,,36.1,0.017,Chelle Michou 2014,40.374,0.017,Chelle Michou 2014,,,,,,,,,,,,,,Leuco-gabbrodiorite,Leuco-gabbrodiorite,,,,,,,59.66,17.84,6.19,,6.17762,2.83,6.64,4.81,0.57,0.64,0.15,0.06,,0.41,,,,,,,99.8,,,0.95,,,265,,,,,18.02,,11.9,10,,0.58,31,3.47,2.18,0.91,,,21,3.45,,2.54,,0.731,,,7.96,,0.336,,,0.3,,2.49,12.09,6.1,,1.6,,2.56,,8.52,,0.11,20.07,,,3.18,,325,0.174,0.496,,1.51,,,0.332,0.264,204,0.38,20.87,2.29,76,83.77,0.5126952,,,18.571,15.62,38.612,0.7053762,0.7053327,,,,,,,,,,,,,0
10CC03,,Paper,,"Petrological Evolution of the Magmatic Suite Associated with the Coroccohuayco Cu(–Au–Fe) Porphyry–Skarn Deposit, Peru",Journal of Petrology,Chelle Michou et al,2015,Corrocohuayco,Corrocohuayco,Cu-Mo,CA,,,,,,,,,,256749,8346024,,,pre/host,3,,36.1,0.017,Chelle Michou 2014,40.374,0.017,Chelle Michou 2014,,,,,,,,,,,,,,Leuco-gabbrodiorite,Leuco-gabbrodiorite,,,,,,,64.84,17.19,3.26,,3.25348,1.03,2.36,5.59,3.6,0.45,0.19,0.03,,0.57,,,,,,,99.11,,,0.88,,,800,,,,,31.59,,5.6,10,,0.56,577,1.89,1.03,0.82,,,22,2.64,,3.89,,0.375,,,15.22,,0.216,,,0.79,,4.98,16.5,,,2.5,,3.87,,63.2,,,7.86,,,3.41,,686,0.301,0.378,,4.53,,,0.163,1.608,107,4.34,11.54,1.18,18.1,127.1,0.5126178,,,18.804,15.63,38.736,0.7056311,0.7054963,,,,,,,,,,,,,0
10CC10,,Paper,,"Petrological Evolution of the Magmatic Suite Associated with the Coroccohuayco Cu(–Au–Fe) Porphyry–Skarn Deposit, Peru",Journal of Petrology,Chelle Michou et al,2015,Corrocohuayco,Corrocohuayco,Cu-Mo,CA,,,,,,,,,,256706,8346226,,,syn,1,,36.1,0.017,Chelle Michou 2014,35.633,0.028,Chelle Michou 2014,,,,,,,,,,,,,,Hornblende porphyry,Hornblende porphyry,,,,,,,65.05,17.55,3.36,,3.35328,1.01,2.66,5.35,3.14,0.44,0.18,0.04,,0.64,,,,,,,99.41,,,0.62,,,961,,,,,31.68,,6.4,13,,0.6,193,2,1.15,0.79,,,21,2.64,,3.78,,0.404,,,15.42,,0.173,,,0.46,,5.07,15.92,7.1,,4.9,,3.94,,56.8,,0.31,7.34,,,3.27,,804,0.304,0.332,,4.57,,,0.139,1.508,101,1.2,11.78,1.23,22.9,132.1,0.5126283,,,18.693,15.619,38.623,0.705557,0.7054536,,,,,,,,,,,,,1
10CC22,,Paper,,"Petrological Evolution of the Magmatic Suite Associated with the Coroccohuayco Cu(–Au–Fe) Porphyry–Skarn Deposit, Peru",Journal of Petrology,Chelle Michou et al,2015,Corrocohuayco,Corrocohuayco,Cu-Mo,CA,,,,,,,,,,257328,8344904,,,syn,1,,36.1,0.017,Chelle Michou 2014,35.633,0.028,Chelle Michou 2014,,,,,,,,,,,,,,Hornblende porphyry,Hornblende porphyry,,,,,,,63.18,16.94,4.5,,4.491,1.6,3.52,5.39,2.73,0.54,0.21,0.04,,0.53,,,,,,,99.17,,,0.69,,,1029,,,,,34.23,,11.3,16,,0.15,361,2.89,1.6,0.85,,,20,3.07,,3.3,,0.546,,,16.91,,0.264,,,0.63,,4.93,17.63,9.3,,2.5,,4.25,,41.1,,0.23,11.26,,,3.51,,794,0.309,0.436,,4.6,,,0.247,1.549,130,0.67,15.46,1.58,16.4,121.3,0.5126206,,,18.817,15.651,38.825,0.705434,0.7053583,,,,,,,,,,,,,1
10CC23,,Paper,,"Petrological Evolution of the Magmatic Suite Associated with the Coroccohuayco Cu(–Au–Fe) Porphyry–Skarn Deposit, Peru",Journal of Petrology,Chelle Michou et al,2015,Corrocohuayco,Corrocohuayco,Cu-Mo,CA,,,,,,,,,,257328,8344904,,,syn,1,,36.1,0.017,Chelle Michou 2014,35.633,0.028,Chelle Michou 2014,,,,,,,,,,,,,,Hornblende porphyry,Hornblende porphyry,,,,,,,62.59,17.16,4.39,,4.38122,1.59,3.6,5.33,3.17,0.55,0.22,0.04,,0.45,,,,,,,99.09,,,0.58,,,992,,,,,32.86,,8.7,16,,0.12,304,2.47,1.39,0.91,,,22,2.8,,3.46,,0.543,,,15.44,,0.211,,,0.79,,4.93,16.72,,,2.1,,4.08,,35.8,,0.14,11.25,,,3.56,,772,0.328,0.456,,4.59,,,0.222,1.439,130,1.53,14.19,1.43,13.5,121.5,0.5126149,,,18.79,15.607,38.713,0.7054467,0.7053789,,,,,,,,,,,,,1
10CC44,,Paper,,"Petrological Evolution of the Magmatic Suite Associated with the Coroccohuayco Cu(–Au–Fe) Porphyry–Skarn Deposit, Peru",Journal of Petrology,Chelle Michou et al,2015,Corrocohuayco,Corrocohuayco,Cu-Mo,CA,,,,,,,,,,257250,8345381,,,syn,1,,36.1,0.017,Chelle Michou 2014,35.633,0.028,Chelle Michou 2014,,,,,,,,,,,,,,Hornblende porphyry,Hornblende porphyry,,,,,,,65.35,17.27,3.26,,3.25348,0.97,3.04,5.44,3.06,0.42,0.17,0.05,,0.3,,,,,,,99.33,,,0.83,,,1180,,,,,29.38,,6.5,11,,0.46,294,1.75,1.07,0.74,,,22,2.18,,3.47,,0.384,,,14.08,,0.183,,,0.47,,4.89,14.58,6.6,,4.6,,3.44,,50.8,,0.13,7.38,,,3.03,,835,0.294,0.316,,4.54,,,0.171,1.418,105,0.29,10.79,1.15,21.2,124.1,0.512611,,,18.696,15.625,38.647,0.7054482,0.7053593,,,,,,,,,,,,,1
10CC64,,Paper,,"Petrological Evolution of the Magmatic Suite Associated with the Coroccohuayco Cu(–Au–Fe) Porphyry–Skarn Deposit, Peru",Journal of Petrology,Chelle Michou et al,2015,Corrocohuayco,Corrocohuayco,Cu-Mo,CA,,,,,,,,,,256301,8345915,,,syn,1,,36.1,0.017,Chelle Michou 2014,35.633,0.028,Chelle Michou 2014,,,,,,,,,,,,,,Hornblende porphyry,Hornblende porphyry,,,,,,,62.75,17.26,4.22,,4.21156,1.54,3.39,5.22,3.06,0.53,0.23,0.06,,0.86,,,,,,,99.12,,,0.58,,,1013,,,,,35.55,,7.4,12,,0.34,9,2.51,1.57,0.92,,,20,3.26,,3.79,,0.535,,,17.57,,0.24,,,0.35,,5.26,18.2,11.7,,3.8,,4.48,,60.9,,0.12,10.64,,,3.46,,664,0.299,0.431,,5,,,0.261,1.57,122,0.71,15.63,1.74,24.9,128.7,0.5126082,,,18.738,15.648,38.745,0.7055577,0.7054236,,,,,,,,,,,,,1
10CC71,,Paper,,"Petrological Evolution of the Magmatic Suite Associated with the Coroccohuayco Cu(–Au–Fe) Porphyry–Skarn Deposit, Peru",Journal of Petrology,Chelle Michou et al,2015,Corrocohuayco,Corrocohuayco,Cu-Mo,CA,,,,,,,,,,1500-15.3,221.1 m,,,syn,1,,36.1,0.017,Chelle Michou 2014,35.633,0.028,Chelle Michou 2014,,,,,,,,,,,,,,Hornblende porphyry,Hornblende porphyry,,,,,,,63.19,17.04,4.12,,4.11176,1.22,3.96,4.99,2.9,0.51,0.21,0.06,,0.86,,,,,,,99.05,,,0.96,,,1152,,,,,32.39,,7.2,20,,1.35,3,2.49,1.52,0.84,,,22,2.67,,3.59,,0.496,,,15.07,,0.212,,,0.27,,5.17,16.48,6.5,,5.4,,3.95,,50.6,,0.23,9.54,,,3.14,,864,0.312,0.428,,4.86,,,0.246,1.597,116,1.41,13.72,1.41,23.5,126.7,0.512627,,,18.68,15.603,38.58,0.7055382,0.7054524,,,,,,,,,,,,,1
10CC77,,Paper,,"Petrological Evolution of the Magmatic Suite Associated with the Coroccohuayco Cu(–Au–Fe) Porphyry–Skarn Deposit, Peru",Journal of Petrology,Chelle Michou et al,2015,Corrocohuayco,Corrocohuayco,Cu-Mo,CA,,,,,,,,,,1400-22.5,333.3 m,,,syn,1,,36.1,0.017,Chelle Michou 2014,35.633,0.028,Chelle Michou 2014,,,,,,,,,,,,,,Hornblende porphyry,Hornblende porphyry,,,,,,,64.48,17.1,3.73,,3.72254,1.16,3.76,5.33,2.47,0.43,0.17,0.05,,0.48,,,,,,,99.16,,,0.63,,,1048,,,,,27.52,,7.8,13,,0.9,4,1.81,1.02,0.65,,,21,2.08,,3.54,,0.365,,,13.35,,0.163,,,0.31,,4.84,13.82,10,,5.6,,3.24,,56.2,,0.23,7.81,,,2.69,,862,0.288,0.325,,3.92,,,0.154,1.111,103,0.19,10.69,1.15,19.4,121.2,0.5126291,,,18.63,15.579,38.488,0.7054753,0.70538,,,,,,,,,,,,,1
10CC21,,Paper,,"Petrological Evolution of the Magmatic Suite Associated with the Coroccohuayco Cu(–Au–Fe) Porphyry–Skarn Deposit, Peru",Journal of Petrology,Chelle Michou et al,2015,Corrocohuayco,Corrocohuayco,Cu-Mo,CA,,,,,,,,,,257304,8344987,,,syn,1,,36.1,0.017,Chelle Michou 2014,35.597,0.042,Chelle Michou 2014,,,,,,,,,,,,,,Hornblende-biotite porphyry,Hornblende-biotite porphyry,,,,,,,66.26,17.33,2.99,,2.98402,0.8,2.18,5.73,3.1,0.38,0.16,0.02,,0.59,,,,,,,99.53,,,0.76,,,1196,,,,,32.38,,4.8,11,,0.87,259,2.17,1.11,0.8,,,21,2.67,,4.07,,0.394,,,16.38,,0.176,,,0.33,,4.37,17.16,6.8,,6.3,,4.07,,59.4,,0.19,7.31,,,3.15,,885,0.268,0.356,,5.26,,,0.189,1.621,94,0.66,12.64,1.24,21.5,134.2,0.512612,,,18.711,15.637,38.664,0.7055071,0.705409,,,,,,,,,,,,,1
10CC31,,Paper,,"Petrological Evolution of the Magmatic Suite Associated with the Coroccohuayco Cu(–Au–Fe) Porphyry–Skarn Deposit, Peru",Journal of Petrology,Chelle Michou et al,2015,Corrocohuayco,Corrocohuayco,Cu-Mo,CA,,,,,,,,,,CCOX-09D,175.8 m,,,syn,1,,36.1,0.017,Chelle Michou 2014,35.597,0.042,Chelle Michou 2014,,,,,,,,,,,,,,Hornblende-biotite porphyry,Hornblende-biotite porphyry,,,,,,,64.95,17.02,2.85,,2.8443,0.64,2.82,5.87,2.91,0.37,0.16,0.02,,1.57,,,,,,,99.18,,,0.7,,,1337,,,,,30.43,,3.9,9,,1.26,18,1.86,0.92,0.74,,,21,2.33,,3.69,,0.37,,,13.92,,0.173,,,1.42,,4.2,14.31,,,3.6,,3.61,,44.4,,0.22,6.62,,,2.89,,861,0.271,0.278,,4.95,,,0.145,1.769,95,0.78,9.61,1.09,13.9,126.8,0.5126008,,,18.742,15.611,38.62,0.7055006,0.7054251,,,,,,,,,,,,,1
10CC34,,Paper,,"Petrological Evolution of the Magmatic Suite Associated with the Coroccohuayco Cu(–Au–Fe) Porphyry–Skarn Deposit, Peru",Journal of Petrology,Chelle Michou et al,2015,Corrocohuayco,Corrocohuayco,Cu-Mo,CA,,,,,,,,,,256970,8345564,,,syn,1,,36.1,0.017,Chelle Michou 2014,35.597,0.042,Chelle Michou 2014,,,,,,,,,,,,,,Hornblende-biotite porphyry,Hornblende-biotite porphyry,,,,,,,65.68,17.33,2.88,,2.87424,0.83,2.55,6.07,2.58,0.37,0.15,0.03,,0.55,,,,,,,99.01,,,0.76,,,1206,,,,,30.71,,5.3,9,,0.28,27,1.94,1.05,0.7,,,21,2.47,,3.66,,0.349,,,16.39,,0.153,,,0.33,,4.2,15.48,,,5,,3.86,,38.5,,0.25,6.63,,,3.08,,931,0.279,0.312,,4.82,,,0.165,1.55,88,0.35,10.69,1.18,19.5,127.4,0.5125972,,,18.688,15.615,38.597,0.7054532,0.7053928,,,,,,,,,,,,,1
10CC51,,Paper,,"Petrological Evolution of the Magmatic Suite Associated with the Coroccohuayco Cu(–Au–Fe) Porphyry–Skarn Deposit, Peru",Journal of Petrology,Chelle Michou et al,2015,Corrocohuayco,Corrocohuayco,Cu-Mo,CA,,,,,,,,,,257314,8344575,,,syn,1,,36.1,0.017,Chelle Michou 2014,35.597,0.042,Chelle Michou 2014,,,,,,,,,,,,,,Hornblende-biotite porphyry,Hornblende-biotite porphyry,,,,,,,67.56,17.17,2.32,,2.31536,0.58,2.58,5.5,2.62,0.31,0.13,0.02,,0.57,,,,,,,99.35,,,0.58,,,1179,,,,,20.29,,3.7,6,,0.71,8,1.59,1.01,0.54,,,19,2.04,,3.05,,0.336,,,11.77,,0.156,,,0.27,,4.21,10.91,,,5.6,,2.76,,69.4,,0.13,5.8,,,2.35,,831,0.246,0.265,,3.04,,,0.132,1.214,71,0.36,11.12,1.04,16.2,118.2,0.512616,,,18.669,15.611,38.587,0.705502,0.7053798,,,,,,,,,,,,,1
10CC94,,Paper,,"Petrological Evolution of the Magmatic Suite Associated with the Coroccohuayco Cu(–Au–Fe) Porphyry–Skarn Deposit, Peru",Journal of Petrology,Chelle Michou et al,2015,Corrocohuayco,Corrocohuayco,Cu-Mo,CA,,,,,,,,,,A400-19.9,31.7 m,,,syn,1,,36.1,0.017,Chelle Michou 2014,35.597,0.042,Chelle Michou 2014,,,,,,,,,,,,,,Hornblende-biotite porphyry,Hornblende-biotite porphyry,,,,,,,65.56,17.17,2.87,,2.86426,0.85,2.83,5.95,2.63,0.36,0.14,0.03,,1.37,,,,,,,99.75,,,1.31,,,1172,,,,,29.1,,5.3,8,,0.67,5,1.54,0.91,0.6,,,21,2.07,,4.03,,0.31,,,14.28,,0.177,,,0.26,,4.18,13.88,,,4.3,,3.46,,56.6,,0.21,6.49,,,2.76,,877,0.26,0.296,,4.74,,,0.147,1.697,86,1.83,9.27,0.95,24,134.3,0.5126017,,,18.725,15.639,38.693,0.7055095,0.7054151,,,,,,,,,,,,,1
10CC95,,Paper,,"Petrological Evolution of the Magmatic Suite Associated with the Coroccohuayco Cu(–Au–Fe) Porphyry–Skarn Deposit, Peru",Journal of Petrology,Chelle Michou et al,2015,Corrocohuayco,Corrocohuayco,Cu-Mo,CA,,,,,,,,,,A400-19.9,99.8 m,,,syn,1,,36.1,0.017,Chelle Michou 2014,35.597,0.042,Chelle Michou 2014,,,,,,,,,,,,,,Hornblende-biotite porphyry,Hornblende-biotite porphyry,,,,,,,63.58,16.33,3.07,,3.06386,0.77,4.06,5.37,2.76,0.36,0.16,0.03,,2.68,,,,,,,99.17,,,1.54,,,1267,,,,,28.09,,6.1,10,,0.63,3,1.59,0.91,0.58,,,19,1.93,,3.46,,0.324,,,12.05,,0.147,,,1.06,,4.04,13.24,,,5.4,,3.13,,60,,0.3,6.78,,,2.76,,778,0.242,0.248,,4.73,,,0.162,2.125,89,2.14,9.06,0.93,23.3,115.9,0.5125757,,,18.704,15.634,38.66,0.7055854,0.7054727,,,,,,,,,,,,,1
11CC54,,Paper,,"Petrological Evolution of the Magmatic Suite Associated with the Coroccohuayco Cu(–Au–Fe) Porphyry–Skarn Deposit, Peru",Journal of Petrology,Chelle Michou et al,2015,Corrocohuayco,Corrocohuayco,Cu-Mo,CA,,,,,,,,,,CORO-58,73.5 m,,,syn,1,,36.1,0.017,Chelle Michou 2014,35.597,0.042,Chelle Michou 2014,,,,,,,,,,,,,,Hornblende-biotite porphyry,Hornblende-biotite porphyry,,,,,,,66.25,17.09,2.68,,2.67464,0.67,2.95,5.88,2.97,0.35,0.14,0.04,,0.8,,,,,,,99.81,,,0.99,,,1263,,,,,24.69,,4.5,6,,0.38,6,1.61,0.87,0.59,,,22,1.93,,3.48,,0.322,,,12.59,,0.162,,,0.58,,4.19,12.54,3.8,,7.6,,2.95,,31.5,,0.12,5.78,,,2.41,,964,0.258,0.25,,3.94,,,0.14,1.591,82,1.41,8.66,0.97,132.1,120.4,0.512602,,,18.641,15.631,38.574,0.7054011,0.7053534,,,,,,,,,,,,,1
10CC07,,Paper,,"Petrological Evolution of the Magmatic Suite Associated with the Coroccohuayco Cu(–Au–Fe) Porphyry–Skarn Deposit, Peru",Journal of Petrology,Chelle Michou et al,2015,Corrocohuayco,Corrocohuayco,Cu-Mo,CA,,,,,,,,,,256706,8346226,,,syn,1,,36.1,0.017,Chelle Michou 2014,35.2,0.23,Chelle Michou 2014,,,,,,,,,,,,,,Rhyodacite,Rhyodacite,,,,,,,68.37,17.11,2.05,,2.0459,0.75,0.75,5.38,3.09,0.25,0.1,0.02,,1.25,,,,,,,99.12,,,1.29,,,1199,,,,,11.75,,4.3,10,,1.86,95,1.53,0.72,0.54,,,17,2.25,,2.72,,0.34,,,7.73,,0.112,,,0.26,,2.56,10.04,,,14.9,,2.23,,75.3,,0.45,4.76,,,1.92,,824,0.157,0.215,,1.94,,,0.117,1.053,58,0.69,9.1,0.7,38.9,92.3,0.5125723,,,18.535,15.612,38.441,0.7056586,0.7055249,,,,,,,,,,,,,1
10CC18,,Paper,,"Petrological Evolution of the Magmatic Suite Associated with the Coroccohuayco Cu(–Au–Fe) Porphyry–Skarn Deposit, Peru",Journal of Petrology,Chelle Michou et al,2015,Corrocohuayco,Corrocohuayco,Cu-Mo,CA,,,,,,,,,,256590,8345443,,,syn,1,,36.1,0.017,Chelle Michou 2014,35.2,0.23,Chelle Michou 2014,,,,,,,,,,,,,,Rhyodacite,Rhyodacite,,,,,,,66.06,17.14,2.05,,2.0459,0.62,2.12,5.79,2.79,0.3,0.13,0.08,,2.08,,,,,,,99.16,,,1.31,,,1417,,,,,16.99,,4.2,8,,0.81,2,1.3,0.72,0.42,,,21,1.45,,3.4,,0.263,,,7.97,,0.096,,,0.37,,3.14,8.07,10,,16,,1.94,,66.5,,0.73,4.82,,,1.81,,814,0.201,0.203,,2.56,,,0.102,1.188,71,1.45,8.03,0.8,44.1,109.8,0.5125575,,,18.614,15.605,38.512,0.7056665,0.705547,,,,,,,,,,,,,1
10CC25,,Paper,,"Petrological Evolution of the Magmatic Suite Associated with the Coroccohuayco Cu(–Au–Fe) Porphyry–Skarn Deposit, Peru",Journal of Petrology,Chelle Michou et al,2015,Corrocohuayco,Corrocohuayco,Cu-Mo,CA,,,,,,,,,,256804,8346043,,,syn,1,,36.1,0.017,Chelle Michou 2014,35.2,0.23,Chelle Michou 2014,,,,,,,,,,,,,,Rhyodacite,Rhyodacite,,,,,,,68.69,16.67,1.88,,1.87624,0.45,0.73,6.01,2.65,0.24,0.1,0.01,,1.09,,,,,,,98.53,,,0.65,,,1315,,,,,11.96,,3,7,,1.04,118,1.02,0.51,0.43,,,18,1.31,,2.63,,0.199,,,6.27,,0.09,,,,,2.44,7.31,7.5,,7.9,,1.71,,63,,0.24,4.21,,,1.5,,812,0.143,0.168,,1.95,,,0.077,0.992,54,0.87,6.35,0.67,29.4,90,0.5125751,,,18.628,15.63,38.583,0.7055768,0.7054633,,,,,,,,,,,,,1
10CC40,,Paper,,"Petrological Evolution of the Magmatic Suite Associated with the Coroccohuayco Cu(–Au–Fe) Porphyry–Skarn Deposit, Peru",Journal of Petrology,Chelle Michou et al,2015,Corrocohuayco,Corrocohuayco,Cu-Mo,CA,,,,,,,,,,257497,8345019,,,syn,1,,36.1,0.017,Chelle Michou 2014,35.2,0.23,Chelle Michou 2014,,,,,,,,,,,,,,Rhyodacite,Rhyodacite,,,,,,,69.6,17.17,1.69,,1.68662,0.36,1,5.68,2.88,0.21,0.08,0.03,,1.09,,,,,,,99.8,,,1.2,,,2339,,,,,10.18,,2.4,6,,1.8,6,1.13,0.63,0.31,,,21,1.31,,3.12,,0.223,,,6.2,,0.106,,,0.72,,3.04,6.79,5.5,,12.4,,1.65,,75.4,,0.24,3,,,1.37,,612,0.191,0.189,,2.02,,,0.101,1.204,50,0.71,6.13,0.73,193.1,101.6,0.5125519,,,18.647,15.635,38.599,0.7056774,0.7054973,,,,,,,,,,,,,1
10CC56,,Paper,,"Petrological Evolution of the Magmatic Suite Associated with the Coroccohuayco Cu(–Au–Fe) Porphyry–Skarn Deposit, Peru",Journal of Petrology,Chelle Michou et al,2015,Corrocohuayco,Corrocohuayco,Cu-Mo,CA,,,,,,,,,,256661,8345208,,,syn,1,,36.1,0.017,Chelle Michou 2014,35.2,0.23,Chelle Michou 2014,,,,,,,,,,,,,,Rhyodacite,Rhyodacite,,,,,,,68.14,17.67,1.76,,1.75648,0.16,0.93,6.39,2.73,0.34,0.15,0.01,,1.02,,,,,,,99.3,,,1.55,,,1054,,,,,18.17,,0.9,8,,1.54,18,1.45,0.79,0.47,,,22,1.8,,3.69,,0.264,,,9.36,,0.124,,,0.41,,3.56,10.39,5.8,,9.5,,2.47,,72.4,,0.38,6.15,,,2.13,,730,0.19,0.229,,3.17,,,0.126,1.045,85,2.74,8.21,0.86,32.7,117.1,0.5126128,,,18.609,15.602,38.52,0.7056548,0.7055096,,,,,,,,,,,,,1
10CC63,,Paper,,"Petrological Evolution of the Magmatic Suite Associated with the Coroccohuayco Cu(–Au–Fe) Porphyry–Skarn Deposit, Peru",Journal of Petrology,Chelle Michou et al,2015,Corrocohuayco,Corrocohuayco,Cu-Mo,CA,,,,,,,,,,256375,8345756,,,syn,1,,36.1,0.017,Chelle Michou 2014,35.2,0.23,Chelle Michou 2014,,,,,,,,,,,,,,Rhyodacite,Rhyodacite,,,,,,,66.52,17.43,2.44,,2.43512,0.74,1.35,5.84,2.83,0.32,0.15,0.05,,1.5,,,,,,,99.16,,,1.38,,,1188,,,,,19.42,,5.3,10,,1.31,101,1.47,0.79,0.48,,,21,1.64,,3.27,,0.261,,,9.34,,0.11,,,0.3,,3.38,10,8.8,,8.8,,2.32,,67.4,,0.2,5.61,,,2.06,,785,0.176,0.193,,2.8,,,0.121,1.074,81,0.67,7.67,0.82,50.5,112.8,0.512567,,,18.651,15.633,38.624,0.7056131,0.7054876,,,,,,,,,,,,,1
10CC66,,Paper,,"Petrological Evolution of the Magmatic Suite Associated with the Coroccohuayco Cu(–Au–Fe) Porphyry–Skarn Deposit, Peru",Journal of Petrology,Chelle Michou et al,2015,Corrocohuayco,Corrocohuayco,Cu-Mo,CA,,,,,,,,,,256915,8345848,,,syn,1,,36.1,0.017,Chelle Michou 2014,35.2,0.23,Chelle Michou 2014,,,,,,,,,,,,,,Rhyodacite,Rhyodacite,,,,,,,69.03,17.06,1.47,,1.46706,0.26,0.48,6.14,3.03,0.2,0.07,0.02,,0.91,,,,,,,98.66,,,0.72,,,1193,,,,,10.38,,1.9,7,,2.69,10,1.15,0.64,0.28,,,19,1.09,,3.05,,0.257,,,5.46,,0.102,,,0.21,,2.69,5.2,,,16.6,,1.25,,74.3,,0.14,3.5,,,1.18,,640,0.18,0.172,,1.94,,,0.097,1.105,50,0.35,5.99,0.78,24.8,98.1,,,,,,,,,,,,,,,,,,,,,1
10CC69,,Paper,,"Petrological Evolution of the Magmatic Suite Associated with the Coroccohuayco Cu(–Au–Fe) Porphyry–Skarn Deposit, Peru",Journal of Petrology,Chelle Michou et al,2015,Corrocohuayco,Corrocohuayco,Cu-Mo,CA,,,,,,,,,,256665,8346259,,,syn,1,,36.1,0.017,Chelle Michou 2014,35.2,0.23,Chelle Michou 2014,,,,,,,,,,,,,,Rhyodacite,Rhyodacite,,,,,,,67.92,16.68,2.6,,2.5948,0.97,0.54,5.77,2.65,0.3,0.14,0.03,,1.77,,,,,,,99.37,,,1.18,,,1148,,,,,16.9,,5.7,9,,1.21,510,1.47,0.76,0.53,,,18,1.67,,2.87,,0.278,,,8.31,,0.116,,,0.82,,2.63,8.69,,,9.2,,2.09,,75.4,,0.89,5.6,,,1.96,,622,0.173,0.211,,2.58,,,0.114,1.231,73,2.07,8.36,0.78,45.4,96.7,,,,,,,,,,,,,,,,,,,,,1
11CC16A,,Paper,,"Petrological Evolution of the Magmatic Suite Associated with the Coroccohuayco Cu(–Au–Fe) Porphyry–Skarn Deposit, Peru",Journal of Petrology,Chelle Michou et al,2015,Corrocohuayco,Corrocohuayco,Cu-Mo,CA,,,,,,,,,,CORO-246,109.5 m,,,syn,1,,36.1,0.017,Chelle Michou 2014,35.2,0.23,Chelle Michou 2014,,,,,,,,,,,,,,Rhyodacite,Rhyodacite,,,,,,,63.37,17.08,3.04,,3.03392,0.91,2.93,5.72,2.75,0.41,0.17,0.05,,3.05,,,,,,,99.48,,,1.4,,,1022,,,,,23.23,,6.7,13,,1.67,10,1.57,0.85,0.59,,,23,1.89,,3.44,,0.305,,,11.39,,0.138,,,0.3,,3.64,12.55,4.8,,10.5,,2.88,,65.4,,0.35,7.23,,,2.74,,675,0.233,0.268,,3.58,,,0.141,1.147,94,0.67,8.31,0.88,147.7,116.5,,,,,,,0.7057765,,,,,,,,,,,,,,1
11CC17,,Paper,,"Petrological Evolution of the Magmatic Suite Associated with the Coroccohuayco Cu(–Au–Fe) Porphyry–Skarn Deposit, Peru",Journal of Petrology,Chelle Michou et al,2015,Corrocohuayco,Corrocohuayco,Cu-Mo,CA,,,,,,,,,,CORO-246,114.3 m,,,syn,1,,36.1,0.017,Chelle Michou 2014,35.2,0.23,Chelle Michou 2014,,,,,,,,,,,,,,Rhyodacite,Rhyodacite,,,,,,,63.79,16.9,3.01,,3.00398,0.83,3.02,5.72,2.77,0.41,0.17,0.05,,3.08,,,,,,,99.75,,,1.33,,,1319,,,,,22.9,,6.1,17,,1.28,17,1.55,0.84,0.54,,,22,1.75,,3.42,,0.309,,,11.4,,0.146,,,0.49,,3.81,12.19,,,10.9,,2.78,,67.5,,0.37,6.7,,,2.47,,639,0.216,0.242,,3.63,,,0.148,1.223,91,0.41,8.53,0.93,157.5,120.5,,,,,,,0.7058576,,,,,,,,,,,,,,1
455,,Paper,,Magmatic controls on the genesis of porphyry Cu–Mo–Au deposits: The Bingham Canyon example,EPSL,Grondahl and Zajacz,2017,Bingham Canyon,Bingham Canyon,Cu-Au,K,,,,,,,,,,,,,,syn (5km away),2,,37.95,0.15,von Quadt et al 2011,37.5,0.7,Biek et al. 2005,,,,,,,,,,,,,,Felsic trachyte,Felsic trachyte,,,,,,,68.8624,15.2112375,3.44130625,,3.434423638,1.18433125,2.76304,3.88755875,4.01434625,0.416780375,0.1797665,0.039219675,,,,,,,,,,0.027385038,,,,7.472045,2039.91,2.43705,,,,117.3558,,27.200425,55.90455,,2.50876875,13.0771625,2.20578125,1.068540375,1.32070375,,,19.8138125,3.7911275,,4.64588875,,0.389842125,,,68.7188875,17.645875,0.148122375,,,0.547594,,10.906425,40.7565625,26.448675,,37.0096625,,11.97183875,,118.113125,,,6.63578875,0.23608775,,5.89201875,0.967682,774.547625,0.71399,0.426518875,,21.008125,,,0.143536,3.63546625,58.351925,--,10.9977525,0.98730825,49.3446375,187.3385,,,,,,,,,,,,,,,,,,,,,1
79,,Paper,,Magmatic controls on the genesis of porphyry Cu–Mo–Au deposits: The Bingham Canyon example,EPSL,Grondahl and Zajacz,2017,Bingham Canyon,Bingham Canyon,Cu-Au,K,,,,,,,,,,,,,,syn (5km away),2,,37.95,0.15,von Quadt et al 2011,37.5,0.7,Biek et al. 2005,,,,,,,,,,,,,,Latite,Latite,,,,,,,60.81984,16.73631,5.698976,,5.687578048,3.604191,4.876695,3.422107,3.924742,0.643204,0.1888806,0.08506073,,,,,,,,,,0.070543277,,,,11.01853,3374.079,2.379195,,,,110.3958,,36.45258,171.5174,,3.102794,23.66117,3.26083,1.671715,1.53929,,,19.84196,5.132805,,4.172207,,0.6148481,,,63.0576,14.90523,0.2171523,,,2.238152,,12.81224,42.72647,40.48243,,8.928196,,12.09366,,103.28149,,,14.37345,0.2843818,,6.782596,0.6497314,802.9175,0.7683859,0.625516,,17.20799,,,0.2232186,3.381108,113.2453,--,18.35562,1.412741,51.63517,166.6909,,,,,,,,,,,,,,,,,,,,,1
41,,Paper,,Magmatic controls on the genesis of porphyry Cu–Mo–Au deposits: The Bingham Canyon example,EPSL,Grondahl and Zajacz,2017,Bingham Canyon,Bingham Canyon,Cu-Au,K,,,,,,,,,,,,,,syn (5km away),2,,37.95,0.15,von Quadt et al 2011,37.5,0.7,Biek et al. 2005,,,,,,,,,,,,,,Latite,Latite,,,,,,,59.97116,14.93377,6.650031,,6.636730938,3.892337,5.534775,3.36514,4.337345,0.8604469,0.3579013,0.09708132,,,,,,,,,,0.22275094,,,,25.98271,6503.425,4.745545,,,,177.494,,114.3349,94.73482,,5.905614,43.15968,4.317948,2.141054,2.390597,,,22.60118,7.169744,,8.165273,,0.7924107,,,98.955,10.71456,0.2731877,,,4.393022,,26.89067,71.29842,50.48435,,44.13187,,20.74194,,145.1964,,,14.83703,0.4822644,,10.68239,2.569333,1048.83,4.702061,0.8520002,,41.42515,,,0.2827819,8.945581,138.2941,--,21.1522,1.84916,102.19474,298.7454,,,,,,,,,,,,,,,,,,,,,1
43,,Paper,,Magmatic controls on the genesis of porphyry Cu–Mo–Au deposits: The Bingham Canyon example,EPSL,Grondahl and Zajacz,2017,Bingham Canyon,Bingham Canyon,Cu-Au,K,,,,,,,,,,,,,,syn (5km away),2,,37.95,0.15,von Quadt et al 2011,37.5,0.7,Biek et al. 2005,,,,,,,,,,,,,,Latite,Latite,,,,,,,59.03433,16.76446,6.467409,,6.454474182,3.247344,5.137924,3.684655,4.435627,0.8685077,0.2932857,0.06646922,,,,,,,,,,0.076251259,,,,9.796758,2157.769,4.000672,,,,173.0368,,70.09832,85.41072,,3.829055,65.54989,4.142322,2.087474,2.12086,,,22.5508,6.963581,,8.995056,,0.7764553,,,99.55656,14.76429,0.2758815,,,2.055058,,23.6507,67.9389,42.84031,,25.03828,,19.66642,,148.0661,,,14.81679,0.4139435,,10.144332,1.334369,957.0897,2.407448,0.8172664,,40.18175,,,0.2808343,8.106555,140.256,--,23.28409,1.798966,65.72566,389.6902,,,,,,,,,,,,,,,,,,,,,1
474,,Paper,,Magmatic controls on the genesis of porphyry Cu–Mo–Au deposits: The Bingham Canyon example,EPSL,Grondahl and Zajacz,2017,Bingham Canyon,Bingham Canyon,Cu-Au,K,,,,,,,,,,,,,,syn (5km away),2,,37.95,0.15,von Quadt et al 2011,37.5,0.7,Biek et al. 2005,,,,,,,,,,,,,,Latite,Latite,,,,,,,60.01241,15.07416,6.839864,,6.826184272,3.617704,5.818867,3.514532,3.957083,0.7429475,0.3626064,0.05982588,,,,,,,,,,0.695865664,,,,6.937077,2824.652,4.062547,,,,132.7695,,453.924,144.7026,,2.001411,57.13775,4.184519,2.024881,2.215471,,,20.56221,6.649804,,5.217765,,0.7656687,,,73.46258,13.64132,0.2442011,,,1.738122,,13.53399,55.07091,70.71273,,41.05614,,15.28004,,110.2621,,,16.43313,0.3747814,,9.014017,2.450159,1032.4959,1.766046,0.8105411,,19.44946,,,0.2650419,3.808169,151.136,--,21.14312,1.655428,97.11662,190.0581,,,,,,,,,,,,,,,,,,,,,1
476,,Paper,,Magmatic controls on the genesis of porphyry Cu–Mo–Au deposits: The Bingham Canyon example,EPSL,Grondahl and Zajacz,2017,Bingham Canyon,Bingham Canyon,Cu-Au,K,,,,,,,,,,,,,,syn (5km away),2,,37.95,0.15,von Quadt et al 2011,37.5,0.7,Biek et al. 2005,,,,,,,,,,,,,,Latite,Latite,,,,,,,58.3522,16.22085,6.950057,,6.936156886,4.254467,5.573228,3.523216,3.904473,0.7723983,0.3211817,0.1279262,,,,,,,,,,0.097806364,,,,7.638226,2598.569,3.864427,,,,133.1338,,108.0906,170.6235,,2.243885,45.88565,3.926831,1.910091,1.988702,,,20.49405,6.421532,,5.223049,,0.7198822,,,74.76006,13.87093,0.2379177,,,1.640404,,15.95063,53.81891,80.70431,,35.86625,,14.93835,,109.3666,,,16.44451,0.3450746,,8.697614,1.556941,969.2423,1.69615,0.7684743,,20.24477,,,0.2476261,3.966674,151.3851,--,21.44169,1.575507,68.61224,222.5647,,,,,,,,,,,,,,,,,,,,,1
414,,Paper,,Magmatic controls on the genesis of porphyry Cu–Mo–Au deposits: The Bingham Canyon example,EPSL,Grondahl and Zajacz,2017,Bingham Canyon,Bingham Canyon,Cu-Au,K,,,,,,,,,,,,,,syn (5km away),2,,37.95,0.15,von Quadt et al 2011,38,1,Biek et al. 2005,,,,,,,,,,,,,,Shoshonite,Shoshonite,,,,,,,55.706225,13.4741125,7.9243425,,7.908493815,7.88106125,7.92741625,2.67933625,3.22127875,0.809596,0.256785125,0.119855063,,,,,,,,,,0.0374629,,,,8.58639875,1751.37625,2.2391325,,,,112.6805,,44.6951375,931.231125,,1.59875625,47.06355,3.7158825,1.78310125,1.91242875,,,19.4911,6.0473775,,4.76751125,,0.6515855,,,58.269575,11.5071875,0.208976625,,,1.41424125,,10.826925,47.3458375,330.566625,,20.742125,,12.223875,,88.3995875,,,20.67095,0.320685125,,8.22614125,0.771513875,770.0745,0.5225215,0.69905425,,14.1166375,,,0.224361875,2.754225,163.33175,1.753879125,19.130525,1.48236125,68.393875,200.0995,,,,,,,,,,,,,,,,,,,,,1
416,,Paper,,Magmatic controls on the genesis of porphyry Cu–Mo–Au deposits: The Bingham Canyon example,EPSL,Grondahl and Zajacz,2017,Bingham Canyon,Bingham Canyon,Cu-Au,K,,,,,,,,,,,,,,syn (5km away),2,,37.95,0.15,von Quadt et al 2011,38,1,Biek et al. 2005,,,,,,,,,,,,,,Shoshonite,Shoshonite,,,,,,,57.87925,11.30510125,7.31109,,7.29646782,8.2246475,8.166485,2.57003375,3.37246125,0.66910275,0.34799975,0.153804875,,,,,,,,,,0.105414175,,,,18.5827625,1939.0775,2.64757,,,,119.501875,,41.8584625,567.22875,,2.3245075,40.77385,3.52792,1.65782625,2.0454675,,,18.7380625,5.7249275,,4.58847125,,0.61273625,,,58.1053,10.19247,0.198497,,,1.6927875,,9.07538125,49.2114,299.863875,,14.385375,,13.0611125,,105.1227375,,,15.8272375,0.424690375,,8.27479875,0.6327955,771.590625,0.49223,0.6700455,,15.745475,,,0.211060125,3.39738875,137.01175,1.277450125,15.5791125,1.42571125,77.4426875,162.3865,,,,,,,,,,,,,,,,,,,,,1
421,,Paper,,Magmatic controls on the genesis of porphyry Cu–Mo–Au deposits: The Bingham Canyon example,EPSL,Grondahl and Zajacz,2017,Bingham Canyon,Bingham Canyon,Cu-Au,K,,,,,,,,,,,,,,syn (5km away),2,,37.95,0.15,von Quadt et al 2011,38,1,Biek et al. 2005,,,,,,,,,,,,,,Shoshonite,Shoshonite,,,,,,,57.9542625,11.9537625,7.7232525,,7.707805995,7.45994125,7.01213125,2.737315,3.95219625,0.684651375,0.399589375,0.12288805,,,,,,,,,,0.081513831,,,,19.847975,2062.815,2.88864125,,,,121.342875,,43.202975,494.72775,,2.90014375,38.744575,3.65373875,1.7030225,2.11164375,,,18.692275,6.06182375,,4.9344275,,0.632886625,,,60.274025,11.90845,0.206433625,,,2.4695175,,9.89416,50.54725,272.339875,,21.2737625,,13.4141375,,130.635,,,15.8969125,0.40323375,,8.6371825,0.9563395,784.144625,0.541622375,0.70565075,,18.359825,,,0.2162605,3.71979875,131.396,1.48841625,16.1825625,1.45702625,105.8176875,177.717625,,,,,,,,,,,,,,,,,,,,,1
13,,Paper,,Magmatic controls on the genesis of porphyry Cu–Mo–Au deposits: The Bingham Canyon example,EPSL,Grondahl and Zajacz,2017,Bingham Canyon,Bingham Canyon,Cu-Au,K,,,,,,,,,,,,,,syn (5km away),2,,37.95,0.15,von Quadt et al 2011,37.8,1,Biek et al. 2005,,,,,,,,,,,,,,Melanephelinite,Melanephelinite,,,,,,,44.93931,9.934812,11.37344,,11.35069312,14.94059,10.77869,3.593092,2.698485,0.9410245,0.6086411,0.1919598,,,,,,,,,,0.132097189,,,,3.220751,2875.503,7.133023,,,,115.138,,126.4175,957.3158,,3.05052,123.5312,4.456167,2.365529,2.251171,,,13.28712,6.4648,,3.496459,,0.8520114,,,58.40539,22.83844,0.3125936,,,0.1830385,,28.04223,52.62177,356.83,,13.038031,,13.97965,,80.43008,,,27.28285,0.4083341,,8.560186,1.240277,1017.1109,1.95769,0.8171855,,8.706217,,,0.3179215,1.676323,182.9151,--,22.00362,2.09844,117.43466,126.8799,,,,,,,,,,,,,,,,,,,,,1
72,,Paper,,Magmatic controls on the genesis of porphyry Cu–Mo–Au deposits: The Bingham Canyon example,EPSL,Grondahl and Zajacz,2017,Bingham Canyon,Bingham Canyon,Cu-Au,K,,,,,,,,,,,,,,syn (5km away),2,,37.95,0.15,von Quadt et al 2011,37.8,1,Biek et al. 2005,,,,,,,,,,,,,,Melanephelinite,Melanephelinite,,,,,,,43.32115,13.559407,10.956575,,10.93466185,15.42672,11.260406,1.826944,2.102223,0.8196765,0.5232486,0.2036562,,,,,,,,,,0.034567106,,,,2.709079,2906.184,7.497381,,,,131.4147,,63.10905,721.8197,,2.861618,130.1568,5.01421,2.726919,2.303001,,,12.93309,7.244742,,3.629421,,0.9793052,,,70.675,33.86109,0.3401126,,,0.09575058,,35.51262,57.10305,328.8491,,2.372809,,15.37748,,99.49704,,,25.23521,0.3697311,,9.287626,0.6070409,1807.376,1.2521804,0.9120625,,10.503652,,,0.3625214,1.687408,143.85429,--,28.5687,2.293943,58.90355,161.2905,,,,,,,,,,,,,,,,,,,,,1
Tick-103,,Paper,,Magmatic controls on the genesis of porphyry Cu–Mo–Au deposits: The Bingham Canyon example,EPSL,Grondahl and Zajacz,2017,Bingham Canyon,Bingham Canyon,Cu-Au,K,,,,,,,,,,,,,,syn (5km away),2,,37.95,0.15,von Quadt et al 2011,37.8,1,Biek et al. 2005,,,,,,,,,,,,,,Melanephelinite,Melanephelinite,,,,,,,42.16967,11.45699,11.63656,,11.61328688,15.70768,10.72257,3.906912,2.919021,0.982411,0.2919089,0.2062405,,,,,,,,,,0.06931958,,,,2.66665,2535.842,6.678795,,,,105.5789,,94.49379,933.364,,2.140771,148.9302,4.275643,2.308601,1.991383,,,12.7261,6.233126,,3.355626,,0.8307916,,,56.49986,17.41268,0.300987,,,0.3940633,,31.11954,48.30771,383.8086,,0.1270515,,12.72927,,88.76497,,,28.81076,0.3255106,,7.996991,0.5620993,1233.648,2.270919,0.7843808,,7.908058,,,0.3086522,1.409246,191.1756,--,24.11902,1.969189,79.71811,142.1276,,,,,,,,,,,,,,,,,,,,,1
AJW-06-452,,Paper,,"U–Pb (zircon) and geochemical constraints on the age, origin, and evolution ofPaleozoic arc magmas in the Oyu Tolgoi porphyry Cu–Au district, southern Mongolia",Gondwana Research,Wainwright,2011,Oyu Tolgoi,Oyu Tolgoi,Cu-Au,K,,,,,,,,,,,,,,syn,1,,372,,Wainwright,372,,Wainwright,,,,,,,,,,,,,,,QMD-E,,,,,,,59.04,17.98,5.39,2.75,7.599922,1.53,3.89,4.92,3.13,0.6,0.24,0.12,,2.88,,,,,,,99.94,,,,,,956,,,,,32.8,,9.5,<10,,1.74,187,3.35,1.93,1.13,,,20.6,3.54,,3,,0.63,,,15.9,,0.32,,,13,,6.7,15.5,5,,7,,3.78,,64.3,,,,,,3.49,1,1055,0.4,0.58,,2.63,,<0.5,0.27,1.54,142,3,16.5,2,67,111,,,,,,,,,,,,,,,,,,,,,1
AJW-03-098,,Paper,,"U–Pb (zircon) and geochemical constraints on the age, origin, and evolution ofPaleozoic arc magmas in the Oyu Tolgoi porphyry Cu–Au district, southern Mongolia",Gondwana Research,Wainwright,2011,Oyu Tolgoi,Oyu Tolgoi,Cu-Au,K,,,,,,,,,,,,,,syn,1,,372,,Wainwright,372,,Wainwright,,,,,,,,,,,,,,,QMD-P1,,,,,,,57.42,17.77,5.19,2.32,6.989962,1.48,4.52,5.48,3.13,0.58,0.27,0.19,,3.37,,,,,,,99.62,,,,,,770,,,,,30.9,,9,70,,1.4,114,3.3,2.1,1.2,,,19,3.8,,3,,0.7,,,15.4,,0.3,,,5,,6,16.1,<5,,8,,3.7,,58.6,,,,,,3.5,<1,1035,<0.5,0.6,,3,,<0.5,0.3,1.3,150,1,19.2,2.1,59,91.9,,,,,,,,,,,,,,,,,,,,,1
AJW-06-406,,Paper,,"U–Pb (zircon) and geochemical constraints on the age, origin, and evolution ofPaleozoic arc magmas in the Oyu Tolgoi porphyry Cu–Au district, southern Mongolia",Gondwana Research,Wainwright,2011,Oyu Tolgoi,Oyu Tolgoi,Cu-Au,K,,,,,,,,,,,,,,late,2,,372,,Wainwright,372,,Wainwright,,,,,,,,,,,,,,,GDi-P2,,,,,,,67.76,15.22,3.09,2.12,4.900382,1.16,1.7,2.86,2.79,0.49,0.19,0.06,,3.51,,,,,,,99.15,,,,,,2910,,,,,40.3,,7.8,20,,4.27,92,2.02,1.09,0.89,,,22.6,3.19,,3.9,,0.36,,,18.4,,0.14,,,<2,,8,18.3,11,,65,,4.54,,74.2,,,,,,3.4,1,265,0.6,0.44,,3.9,,<0.5,0.14,2,67,8,8.8,0.85,89,139,,,,,,,,,,,,,,,,,,,,,1
AJW-06-415,,Paper,,"U–Pb (zircon) and geochemical constraints on the age, origin, and evolution ofPaleozoic arc magmas in the Oyu Tolgoi porphyry Cu–Au district, southern Mongolia",Gondwana Research,Wainwright,2011,Oyu Tolgoi,Oyu Tolgoi,Cu-Au,K,,,,,,,,,,,,,,late,2,,372,,Wainwright,372,,Wainwright,,,,,,,,,,,,,,,GDi-P3,,,,,,,65.5,14.84,2.84,1.34,3.895432,1.55,2.85,3.56,2.77,0.41,0.19,0.07,,5.05,,,,,,,99.7,,,,,,447,,,,,41.6,,8,20,,2.78,336,2.57,1.26,1.12,,,22.3,3.38,,4.3,,0.47,,,19.1,,0.16,,,<2,,8.2,18.6,14,,10,,4.59,,76.5,,,,,,3.63,1,375,0.6,0.5,,3.82,,<0.5,0.17,2.18,71,11,11.7,1.15,70,150,,,,,,,,,,,,,,,,,,,,,1
K-1,,Paper,,"Carboniferous porphyry Cu–Au deposits in the Almalyk orefield, Uzbekistan: the Sarycheku and Kalmakyr examples",International Geology Review,Cheng,2017,Kalmakyr,Kalmakyr,Cu-Au,K,,,,,,,,,,,,,,syn,1,,326.1,3.4,Chen,326.1,3.4,Chen,,,,,,,,,,,,,,Quartz monzonite,,,,,,,,69.65,10.51,5.89,2.89,8.189822,0.89,0.45,0.77,6.67,0.17,0.14,0.04,,1.16,,,,,,,98.64,,,,,,647,,,,,10.93,,,,,3.03,,1.61,0.9,0.44,,,,1.6,,2.92,,0.33,,,5.24,,0.13,,,,,1.79,7.03,,,,,1.59,,139,,,,,,1.68,,139,0.21,0.26,,10.8,,,0.13,2.16,,,9.6,0.87,,101,,,,,,,,,,,,,,,,,,,,,1
K-4,,Paper,,"Carboniferous porphyry Cu–Au deposits in the Almalyk orefield, Uzbekistan: the Sarycheku and Kalmakyr examples",International Geology Review,Cheng,2017,Kalmakyr,Kalmakyr,Cu-Au,K,,,,,,,,,,,,,,syn,1,,326.1,3.4,Chen,326.1,3.4,Chen,,,,,,,,,,,,,,Quartz monzonite,,,,,,,,66.55,14.07,2.23,2.25,4.256554,1.09,0.97,0.96,7.16,0.28,0.17,0.09,,3.94,,,,,,,99.54,,,,,,766,,,,,20.43,,,,,6.04,,1.66,0.92,0.64,,,,1.99,,4.05,,0.33,,,12.51,,0.14,,,,,5.63,9.89,,,,,2.45,,180,,,,,,2.19,,137,0.56,0.29,,21.5,,,0.14,4.23,,,10.3,0.91,,131,,,,,,,,,,,,,,,,,,,,,1
K-5,,Paper,,"Carboniferous porphyry Cu–Au deposits in the Almalyk orefield, Uzbekistan: the Sarycheku and Kalmakyr examples",International Geology Review,Cheng,2017,Kalmakyr,Kalmakyr,Cu-Au,K,,,,,,,,,,,,,,syn,1,,326.1,3.4,Chen,326.1,3.4,Chen,,,,,,,,,,,,,,Quartz monzonite,,,,,,,,65.53,14.25,3.46,1.98,5.093308,1.3,1.79,2.67,5.79,0.3,0.19,0.05,,2.06,,,,,,,99.02,,,,,,482,,,,,42.42,,,,,3.48,,2.21,1.35,0.81,,,,2.85,,4.2,,0.46,,,24.17,,0.22,,,,,7.5,17.86,,,,,4.79,,130,,,,,,3.35,,349,0.64,0.4,,19.3,,,0.21,6.66,,,13.4,1.4,,143,,,,,,,,,,,,,,,,,,,,,1
K-3-1,,Paper,,"Carboniferous porphyry Cu–Au deposits in the Almalyk orefield, Uzbekistan: the Sarycheku and Kalmakyr examples",International Geology Review,Cheng,2017,Kalmakyr,Kalmakyr,Cu-Au,K,,,,,,,,,,,,,,syn,1,,315.2,3.4,Chen,315.2,3.4,Chen,,,,,,,,,,,,,,Granodiorite,,,,,,,,65.22,14.33,1.89,1.89,3.590622,1.03,1.69,1.96,7.1,0.25,0.17,0.08,,4.02,,,,,,,99.44,,,,,,960,,,,,25.22,,,,,4.8,,1.79,0.97,0.76,,,,2.12,,3.62,,0.36,,,14.12,,0.15,,,,,5.72,12.18,,,,,3.12,,164,,,,,,2.46,,230,0.64,0.31,,20.8,,,0.15,4.19,,,11.1,0.98,,117,,,,,,,,,,,,,,,,,,,,,1
K-9,,Paper,,"Carboniferous porphyry Cu–Au deposits in the Almalyk orefield, Uzbekistan: the Sarycheku and Kalmakyr examples",International Geology Review,Cheng,2017,Kalmakyr,Kalmakyr,Cu-Au,K,,,,,,,,,,,,,,syn,1,,315.2,3.4,Chen,315.2,3.4,Chen,,,,,,,,,,,,,,Granodiorite,,,,,,,,65.92,14.17,2.34,1.86,3.965532,1.14,1.25,1.97,7,0.28,0.18,0.06,,3.3,,,,,,,99.24,,,,,,657,,,,,26.72,,,,,4.78,,2.2,1.21,0.75,,,,2.52,,4.14,,0.44,,,13.73,,0.19,,,,,8.62,13.89,,,,,3.51,,159,,,,,,2.97,,223,0.89,0.38,,23.1,,,0.18,4.18,,,13,1.2,,132,,,,,,,,,,,,,,,,,,,,,1
K-10,,Paper,,"Carboniferous porphyry Cu–Au deposits in the Almalyk orefield, Uzbekistan: the Sarycheku and Kalmakyr examples",International Geology Review,Cheng,2017,Kalmakyr,Kalmakyr,Cu-Au,K,,,,,,,,,,,,,,syn,1,,311.93,3.4,Chen,311.93,3.4,Chen,,,,,,,,,,,,,,Granodiorite,,,,,,,,64.19,13.51,5.08,2.72,7.290984,1.47,1.22,2.28,6.18,0.29,0.18,0.09,,2.18,,,,,,,98.88,,,,,,453,,,,,33.25,,,,,4.53,,2.3,1.25,0.75,,,,2.76,,4.02,,0.46,,,18.54,,0.2,,,,,6.37,15.85,,,,,4.13,,142,,,,,,3.14,,233,0.63,0.42,,18.4,,,0.19,5.26,,,13.3,1.27,,131,,,,,,,,,,,,,,,,,,,,,1
S-n1,,Paper,,"Carboniferous porphyry Cu–Au deposits in the Almalyk orefield, Uzbekistan: the Sarycheku and Kalmakyr examples",International Geology Review,Cheng,2017,Sarycheku,Sarycheku,Cu-Au,K,,,,,,,,,,,,,,syn,1,,337.8,3.1,Chen,337.8,3.1,Chen,,,,,,,,,,,,,,Granodiorite,,,,,,,,65.94,15.63,1.51,1.26,2.618698,1.28,2.11,3.38,5.32,0.38,0.19,0.03,,2.6,,,,,,,99.48,,,,,,939,,,,,49.17,,,,,2.19,,2.76,1.46,1.08,,,,3.71,,4.25,,0.53,,,25.11,,0.23,,,,,10.2,23.99,,,,,6.02,,116,,,,,,4.37,,483,0.79,0.5,,12.5,,,0.23,4.01,,,15.5,1.47,,153,,,,,,,,,,,,,,,,,,,,,1
S-n14,,Paper,,"Carboniferous porphyry Cu–Au deposits in the Almalyk orefield, Uzbekistan: the Sarycheku and Kalmakyr examples",International Geology Review,Cheng,2017,Sarycheku,Sarycheku,Cu-Au,K,,,,,,,,,,,,,,syn,1,,337.8,3.1,Chen,337.8,3.1,Chen,,,,,,,,,,,,,,Granodiorite,,,,,,,,68.39,14.28,1.13,1.13,2.146774,1.29,1.77,2.76,6.51,0.35,0.17,0.05,,1.54,,,,,,,99.26,,,,,,1236,,,,,39.11,,,,,2.13,,2.11,1.04,0.71,,,,2.87,,3.97,,0.4,,,20.94,,0.16,,,,,9.1,17.03,,,,,4.8,,148,,,,,,3.22,,422,0.67,0.39,,15.4,,,0.15,3.56,,,12.6,0.99,,139,,,,,,,,,,,,,,,,,,,,,1
S-n17,,Paper,,"Carboniferous porphyry Cu–Au deposits in the Almalyk orefield, Uzbekistan: the Sarycheku and Kalmakyr examples",International Geology Review,Cheng,2017,Sarycheku,Sarycheku,Cu-Au,K,,,,,,,,,,,,,,syn,1,,337.8,3.1,Chen,337.8,3.1,Chen,,,,,,,,,,,,,,Granodiorite,,,,,,,,67.44,15.19,1.51,1.23,2.588698,1.11,1.92,3.62,5.47,0.37,0.17,0.03,,1.84,,,,,,,99.75,,,,,,967,,,,,48.31,,,,,1.86,,2.84,1.49,1.03,,,,3.53,,4.84,,0.55,,,25.11,,0.22,,,,,11,23,,,,,5.91,,113,,,,,,4.21,,434,0.9,0.5,,18.2,,,0.22,5.59,,,15.8,1.47,,160,,,,,,,,,,,,,,,,,,,,,1
S-n2,,Paper,,"Carboniferous porphyry Cu–Au deposits in the Almalyk orefield, Uzbekistan: the Sarycheku and Kalmakyr examples",International Geology Review,Cheng,2017,Sarycheku,Sarycheku,Cu-Au,K,,,,,,,,,,,,,,syn,1,,313.2,2.5,Chen,313.2,2.5,Chen,,,,,,,,,,,,,,Monzonite,,,,,,,,61.12,15.72,2.89,2.51,5.110422,2.65,4.01,3.37,4.18,0.58,0.25,0.12,,1.88,,,,,,,98.99,,,,,,1594,,,,,69.39,,,,,1.59,,3.65,2.04,1.2,,,,4.63,,5.14,,0.74,,,37.75,,0.32,,,,,10.6,30.53,,,,,8.07,,122,,,,,,5.38,,580,0.85,0.65,,19.5,,,0.32,6.73,,,20,2.09,,179,,,,,,,,,,,,,,,,,,,,,1
S-n6,,Paper,,"Carboniferous porphyry Cu–Au deposits in the Almalyk orefield, Uzbekistan: the Sarycheku and Kalmakyr examples",International Geology Review,Cheng,2017,Sarycheku,Sarycheku,Cu-Au,K,,,,,,,,,,,,,,syn,1,,313.2,2.5,Chen,313.2,2.5,Chen,,,,,,,,,,,,,,Monzonite,,,,,,,,60.49,15.75,3.05,2.34,5.08439,2.72,4.43,3.75,3.84,0.58,0.25,0.1,,1.88,,,,,,,98.87,,,,,,1326,,,,,67.78,,,,,1.22,,3.59,1.97,1.18,,,,4.68,,5.01,,0.71,,,36.59,,0.29,,,,,10,29.44,,,,,7.86,,95,,,,,,5.15,,468,0.78,0.65,,19.3,,,0.3,6.63,,,18.8,1.89,,178,,,,,,,,,,,,,,,,,,,,,1
S-n8,,Paper,,"Carboniferous porphyry Cu–Au deposits in the Almalyk orefield, Uzbekistan: the Sarycheku and Kalmakyr examples",International Geology Review,Cheng,2017,Sarycheku,Sarycheku,Cu-Au,K,,,,,,,,,,,,,,syn,1,,313.2,2.5,Chen,313.2,2.5,Chen,,,,,,,,,,,,,,Monzonite,,,,,,,,58.49,15.06,3.61,2.41,5.658278,3.28,5.53,3.19,3.77,0.6,0.27,0.12,,3.62,,,,,,,99.59,,,,,,1570,,,,,66.55,,,,,1.09,,3.53,1.92,1.27,,,,4.92,,4.5,,0.7,,,36.02,,0.29,,,,,9.5,30.19,,,,,7.88,,86,,,,,,5.24,,556,0.77,0.67,,17.6,,,0.3,6.32,,,18.5,1.97,,153,,,,,,,,,,,,,,,,,,,,,1
S-n10,,Paper,,"Carboniferous porphyry Cu–Au deposits in the Almalyk orefield, Uzbekistan: the Sarycheku and Kalmakyr examples",International Geology Review,Cheng,2017,Sarycheku,Sarycheku,Cu-Au,K,,,,,,,,,,,,,,syn,1,,313.2,2.5,Chen,313.2,2.5,Chen,,,,,,,,,,,,,,Monzonite,,,,,,,,60.18,15.8,3.1,2.33,5.11938,2.74,4.13,3.69,4,0.61,0.25,0.1,,2.04,,,,,,,98.66,,,,,,1514,,,,,70.71,,,,,1.25,,3.89,2.1,1.24,,,,4.87,,5.41,,0.77,,,39.31,,0.33,,,,,11.7,31.76,,,,,8.33,,108,,,,,,5.56,,508,0.87,0.7,,21.7,,,0.33,7.15,,,20.2,2.11,,183,,,,,,,,,,,,,,,,,,,,,1
KJ1319,,Paper,,"30 Myr of Cenozoic magmatism along the Tethyan margin duringArabia–Eurasia accretionary orogenesis (Meghri–Ordubad pluton,southernmost Lesser Caucasus)",Lithos,Rezeau,2017,Kadjaran,Kadjaran,Cu-Mo,K,,,,,,,,,,,,,,,3,,38,,,,,,,,,,,,,,,,,,,hornblende gabbro,,,,,,,,54.2,17.7,7.5,,6.7485,3.7,7.6,4.7,1.2,0.7,0.4,0.2,,,,,,,,,,,,,,,560,,,,,56.7,,,23.6,,,,3.3,1.8,1.3,,,,3.9,,3,,0.6,,9981,33.4,,0.3,,,,,9.8,23,14.9,,19.8,,6,,22.6,,,,,,4.4,,809.3,0.6,0.5,,8,5229.5,,,1.7,,,17.4,1.8,,113.2,,,,,,,,,,,,,,,,,,,,,1
KJ1508,,Paper,,"30 Myr of Cenozoic magmatism along the Tethyan margin duringArabia–Eurasia accretionary orogenesis (Meghri–Ordubad pluton,southernmost Lesser Caucasus)",Lithos,Rezeau,2017,Kadjaran,Kadjaran,Cu-Mo,K,,,,,,,,,,,,,,pre,3,,26.4,0.1,Rezeau,28.3,0.4,Rezeau,,,,,,,,,,,,,,altered gabbro,,,,,,,,47.5,18.3,9.3,,8.36814,6,10.5,2.9,1,1,0.6,0.2,,,,,,,,,,,,,,,483.9,,,,,45.6,,,53.8,,,,-,-,-,,,,-,,-,,-,,-,28.4,,-,,,,,4.3,26.5,37.2,,1.5,,-,,54.5,,,,,,5.1,,1369.7,-,-,,3.4,-,,,8.3,,,18.3,-,,31.6,,,,,,,,,,,,,,,,,,,,,1
KJ1316,,Paper,,"30 Myr of Cenozoic magmatism along the Tethyan margin duringArabia–Eurasia accretionary orogenesis (Meghri–Ordubad pluton,southernmost Lesser Caucasus)",Lithos,Rezeau,2017,Kadjaran,Kadjaran,Cu-Mo,K,,,,,,,,,,,,,,pre,3,,26.4,0.1,Rezeau,33.7,0.5,Rezeau,,,,,,,,,,,,,,trachyandesite dyke,,,,,,,,60.3,17.5,4.8,,4.31904,1.8,5.1,4.4,3.6,0.5,0.4,0.1,,,,,,,,,,,,,,,1263,,,,,119.9,,,14,,,,4.5,2.6,1.9,,,,5.9,,5.4,,0.9,,29655.9,63.8,,0.4,,,,,23.7,47.2,2.8,,10.4,,12.9,,100.3,,,,,,7.8,,1104,1.5,0.8,,23.7,3495,,,4,,,24.4,2.8,,213.3,,,,,,,,,,,,,,,,,,,,,0
KJ1006A,,Paper,,"30 Myr of Cenozoic magmatism along the Tethyan margin duringArabia–Eurasia accretionary orogenesis (Meghri–Ordubad pluton,southernmost Lesser Caucasus)",Lithos,Rezeau,2017,Kadjaran,Kadjaran,Cu-Mo,K,,,,,,,,,,,,,,pre,3,,26.4,0.1,Rezeau,31.9,0.5,Rezeau,,,,,,,,,,,,,,monzonite,,,,,,,,57.1,18.6,4.8,,4.31904,2,4,4.3,6,0.8,0.4,0.1,,,,,,,,,,,,,,,834.7,,,,,129.3,,,8,,,,4.4,2.2,2.1,,,,5.6,,5.3,,0.8,,50195.1,77.1,,0.4,,,,,38.1,49.6,5.3,,24.2,,13.4,,179.3,,,,,,7.9,,692,1.8,0.7,,19.6,4940.2,,,5.3,,,21.9,2.4,,200.7,,,,,,,,,,,,,,,,,,,,,0
KJ1308,,Paper,,"30 Myr of Cenozoic magmatism along the Tethyan margin duringArabia–Eurasia accretionary orogenesis (Meghri–Ordubad pluton,southernmost Lesser Caucasus)",Lithos,Rezeau,2017,Kadjaran,Kadjaran,Cu-Mo,K,,,,,,,,,,,,,,pre,3,,26.4,0.1,Rezeau,31.1,0.5,Rezeau,,,,,,,,,,,,,,syenite dyke,,,,,,,,60.9,18.7,3.8,,3.41924,1,2,3.6,8,0.9,0.2,0.1,,,,,,,,,,,,,,,1843.1,,,,,47.2,,,2.5,,,,3,2.2,1.5,,,,3.1,,23.6,,0.7,,66258.4,25.8,,0.5,,,,,31.3,18.6,,,13.2,,5,,185.8,,,,,,3.7,,512,1.8,0.5,,16,5369.5,,,4.9,,,19.7,2.8,,1000.6,,,,,,,,,,,,,,,,,,,,,0
KJ1318,,Paper,,"30 Myr of Cenozoic magmatism along the Tethyan margin duringArabia–Eurasia accretionary orogenesis (Meghri–Ordubad pluton,southernmost Lesser Caucasus)",Lithos,Rezeau,2017,Kadjaran,Kadjaran,Cu-Mo,K,,,,,,,,,,,,,,syn,1,,26.4,0.1,Rezeau,26.6,0.3,Rezeau,,,,,,,,,,,,,,trachyandesite dyke,,,,,,,,57.9,17.7,5.7,,5.12886,2.2,6,4.3,3.1,0.5,0.5,0.1,,,,,,,,,,,,,,,1259.1,,,,,111.7,,,11.9,,,,4.1,2.1,1.9,,,,5.6,,4.5,,0.8,,25537.4,64.7,,0.3,,,,,16.2,43.6,3.2,,11,,11.7,,82.3,,,,,,7.4,,1181.4,1,0.7,,19.7,3872.7,,,3.7,,,20.8,2.2,,183.6,,,,,,,,,,,,,,,,,,,,,1
KJ1303A1,,Paper,,"30 Myr of Cenozoic magmatism along the Tethyan margin duringArabia–Eurasia accretionary orogenesis (Meghri–Ordubad pluton,southernmost Lesser Caucasus)",Lithos,Rezeau,2017,Kadjaran,Kadjaran,Cu-Mo,K,,,,,,,,,,,,,,syn,1,,26.4,0.1,Rezeau,25.5,0.3,Rezeau,,,,,,,,,,,,,,trachybasalt dyke,,,,,,,,46.9,13.7,6.8,,6.11864,7.1,8.6,2.8,2.4,1.1,0.6,0.1,,,,,,,,,,,,,,,1293.4,,,,,71.4,,,397.9,,,,3.4,1.5,1.8,,,,4.8,,3.3,,0.6,,20282,37.1,,0.2,,,,,12.6,32.7,143.7,,11.8,,8.1,,46.4,,,,,,6.1,,2370,0.7,0.6,,6.9,6363.3,,,2.3,,,16.2,1.4,,138.2,,,,,,,,,,,,,,,,,,,,,1
KJ1307,,Paper,,"30 Myr of Cenozoic magmatism along the Tethyan margin duringArabia–Eurasia accretionary orogenesis (Meghri–Ordubad pluton,southernmost Lesser Caucasus)",Lithos,Rezeau,2017,Kadjaran,Kadjaran,Cu-Mo,K,,,,,,,,,,,,,,syn,1,,26.4,0.1,Rezeau,24.3,0.3,Rezeau,,,,,,,,,,,,,,trachybasalt dyke,,,,,,,,51,14.1,6,,5.3988,7.8,7.2,3.2,2,0.8,0.4,0.1,,,,,,,,,,,,,,,566.2,,,,,79.5,,,279.1,,,,2.9,1.4,1.5,,,,4.4,,2.9,,0.5,,16687.6,43.2,,0.2,,,,,10.5,33.8,200.5,,13,,8.6,,46.2,,,,,,5.9,,759.3,0.7,0.5,,11.8,4708.2,,,3.8,,,14.7,1.3,,124.7,,,,,,,,,,,,,,,,,,,,,1
KJ1302A,,Paper,,"30 Myr of Cenozoic magmatism along the Tethyan margin duringArabia–Eurasia accretionary orogenesis (Meghri–Ordubad pluton,southernmost Lesser Caucasus)",Lithos,Rezeau,2017,Kadjaran,Kadjaran,Cu-Mo,K,,,,,,,,,,,,,,syn,1,,26.4,0.1,Rezeau,26.6,0.3,Rezeau,,,,,,,,,,,,,,trachyandesite dyke,,,,,,,,58.4,14.2,4.2,,3.77916,1.7,4.4,0.2,6.7,0.6,0.4,0.1,,,,,,,,,,,,,,,1261.3,,,,,109.7,,,74.3,,,,2.2,0.9,1.5,,,,4.2,,4.4,,0.3,,56999.1,64.3,,0.1,,,,,10.1,43.3,40,,133.5,,11.7,,191.2,,,,,,6.5,,225.8,0.6,0.4,,17.3,3882.1,,,6.9,,,10.5,0.9,,176.7,,,,,,,,,,,,,,,,,,,,,1
KJ1325A,,Paper,,"30 Myr of Cenozoic magmatism along the Tethyan margin duringArabia–Eurasia accretionary orogenesis (Meghri–Ordubad pluton,southernmost Lesser Caucasus)",Lithos,Rezeau,2017,Kadjaran,Kadjaran,Cu-Mo,K,,,,,,,,,,,,,,syn,1,,26.4,0.1,Rezeau,22.2,0.3,Rezeau,,,,,,,,,,,,,, porphyritic granodioritic dike,,,,,,,,61.3,14.3,2.9,,2.60942,2.1,4.2,1.5,4,0.4,0.2,0.1,,,,,,,,,,,,,,,752.8,,,,,51.4,,,35.1,,,,1.7,0.9,0.7,,,,2.3,,2.9,,0.3,,33403.5,32.2,,0.2,,,,,10.3,18.2,26.3,,13.4,,5.2,,133.6,,,,,,2.8,,404.4,0.8,0.3,,16.8,2521.8,,,6.1,,,9.4,1,,114.1,,,,,,,,,,,,,,,,,,,,,1
KJ1324A,,Paper,,"30 Myr of Cenozoic magmatism along the Tethyan margin duringArabia–Eurasia accretionary orogenesis (Meghri–Ordubad pluton,southernmost Lesser Caucasus)",Lithos,Rezeau,2017,Kadjaran,Kadjaran,Cu-Mo,K,,,,,,,,,,,,,,syn,1,,26.4,0.1,Rezeau,22.2,0.3,Rezeau,,,,,,,,,,,,,, porphyritic granodioritic dike,,,,,,,,62.9,15.2,3.3,,2.96934,1.7,2.8,1.4,3.6,0.4,0.2,0.1,,,,,,,,,,,,,,,779.2,,,,,54.5,,,31.6,,,,2,1,0.9,,,,2.4,,3.3,,0.4,,29579.4,32.5,,0.2,,,,,9.6,19,24,,17.7,,5.4,,108.7,,,,,,3,,433.6,0.7,0.3,,14.6,2642.5,,,3.6,,,10.2,1.1,,123.4,,,,,,,,,,,,,,,,,,,,,1
KJ1313,,Paper,,"30 Myr of Cenozoic magmatism along the Tethyan margin duringArabia–Eurasia accretionary orogenesis (Meghri–Ordubad pluton,southernmost Lesser Caucasus)",Lithos,Rezeau,2017,Kadjaran,Kadjaran,Cu-Mo,K,,,,,,,,,,,,,,syn,1,,26.4,0.1,Rezeau,21.2,0.3,Rezeau,,,,,,,,,,,,,,Trachyandesite dike,,,,,,,,58.4,14.9,4.1,,3.68918,1.5,6.2,3.6,3.5,0.6,0.4,0.1,,,,,,,,,,,,,,,937,,,,,76.9,,,91.7,,,,2.3,1.2,1.1,,,,3.1,,3.4,,0.5,,29178.1,45.5,,0.2,,,,,12.2,28.4,44,,,,7.6,,77.9,,,,,,4.2,,719.7,0.8,0.4,,15.5,3872.4,,,4.4,,,12.8,1.2,,134.9,,,,,,,,,,,,,,,,,,,,,1
