Volcano Number,Volcano Name,Country,Volcanic Region,Volcanic Province,Volcano Landform,Primary Volcano Type,Activity Evidence,Last Known Eruption,Latitude,Longitude,Elevation (m),Dominant Rock Type,Tectonic Setting
210801,South Harghita Mountains,Romania,European Volcanic Regions,Central European Province,Minor,Lava dome(s),,,46.13,25.88,1289,,Intraplate / Continental crust (>25 km)
210802,Persani Mountains,Romania,European Volcanic Regions,Central European Province,Cluster,Volcanic field,,,45.982,25.339,623,,Intraplate / Continental crust (>25 km)
210803,Apuseni Mountains,Romania,European Volcanic Regions,Central European Province,Cluster,Volcanic field,,,45.93,22.88,353,,Intraplate / Continental crust (>25 km)
210804,Lucaret Basalts,Romania,European Volcanic Regions,Central European Province,Cluster,Fissure vent,,,45.826,21.69,190,,Intraplate / Continental crust (>25 km)
210805,Bakony-Balaton Highland,Hungary,European Volcanic Regions,Central European Province,Cluster,Volcanic field,,,46.92,17.63,600,,Intraplate / Continental crust (>25 km)
210806,Little Hungarian Plain,Hungary,European Volcanic Regions,Central European Province,Cluster,Volcanic field,,,47.192,17.2,433,,Intraplate / Continental crust (>25 km)
210807,Nograd-Southern Slovakia,Hungary-Slovakia,European Volcanic Regions,Central European Province,Cluster,Volcanic field,,,48.159,19.79,720,,Intraplate / Continental crust (>25 km)
210809,Central Slovakia,Slovakia,European Volcanic Regions,Central European Province,Cluster,Volcanic field,,,48.403,18.877,1009,,Intraplate / Continental crust (>25 km)
210810,Bruntal Volcanic Field,Czechia,European Volcanic Regions,Central European Province,Cluster,Volcanic field,,,49.88,17.475,780,,Intraplate / Continental crust (>25 km)
210811,Cheb Basin,Czechia,European Volcanic Regions,Central European Province,Cluster,Volcanic field,,,49.97,12.392,585,,Intraplate / Continental crust (>25 km)
210812,East Eifel Volcanic Field,Germany,European Volcanic Regions,Central European Province,Cluster,Maar(s),,,50.4,7.325,588,,Rift zone / Continental crust (>25 km)
210813,Rodderberg,Germany,European Volcanic Regions,Central European Province,Minor,Pyroclastic cone,,,50.62,7.2,150,,Rift zone / Continental crust (>25 km)
210814,Cofrentes,Spain,European Volcanic Regions,Western European Province,Cluster,Volcanic field,,,39.235,-1.064,514,,Unknown
210816,"Columbretes, Islas",Spain,European Volcanic Regions,Western European Province,Cluster,Volcanic field,,,39.896,0.686,33,,Unknown
211003,Vulsini,Italy,European Volcanic Regions,Italian Peninsula Volcanic Provinces,Caldera,Caldera,,,42.6,11.93,800,Trachyte / Trachydacite,Subduction zone / Continental crust (>25 km)
211800,Amiata,Italy,European Volcanic Regions,Italian Peninsula Volcanic Provinces,Minor,Lava dome(s),,,42.9,11.63,1738,,Subduction zone / Continental crust (>25 km)
211801,Radicofani,Italy,European Volcanic Regions,Italian Peninsula Volcanic Provinces,Unknown,Volcanic remnant,,,42.899,11.769,891,,Subduction zone / Continental crust (>25 km)
211802,Torre Alfina,Italy,European Volcanic Regions,Italian Peninsula Volcanic Provinces,Unknown,Volcanic remnant,,,42.753,11.943,575,,Subduction zone / Continental crust (>25 km)
211803,San Venanzo,Italy,European Volcanic Regions,Italian Peninsula Volcanic Provinces,Minor,Maar,,,42.862,12.266,466,,Subduction zone / Continental crust (>25 km)
211804,Acquasparta,Italy,European Volcanic Regions,Italian Peninsula Volcanic Provinces,Cluster,Volcanic field,,,42.65,12.3,0,,Subduction zone / Continental crust (>25 km)
211805,Polino,Italy,European Volcanic Regions,Italian Peninsula Volcanic Provinces,Minor,Explosion crater(s),,,42.57,12.82,0,,Subduction zone / Continental crust (>25 km)
211806,Cupaello,Italy,European Volcanic Regions,Italian Peninsula Volcanic Provinces,Minor,Pyroclastic cone,,,42.43,12.93,650,,Subduction zone / Continental crust (>25 km)
211807,Oricola-Carsoli,Italy,European Volcanic Regions,Italian Peninsula Volcanic Provinces,Cluster,Pyroclastic cone(s),,,42.15,13.08,0,,Subduction zone / Continental crust (>25 km)
211808,Vico-Cimino Complex,Italy,European Volcanic Regions,Italian Peninsula Volcanic Provinces,Composite,Stratovolcano(es),,,42.367,12.188,1053,,Subduction zone / Continental crust (>25 km)
211809,Sabatini Complex,Italy,European Volcanic Regions,Italian Peninsula Volcanic Provinces,Composite,Stratovolcano(es),,,42.17,12.22,612,,Unknown
211810,"Ernici, Monti",Italy,European Volcanic Regions,Italian Peninsula Volcanic Provinces,Cluster,Volcanic field,,,41.58,13.33,0,,Subduction zone / Continental crust (>25 km)
211811,Roccamonfina,Italy,European Volcanic Regions,Italian Peninsula Volcanic Provinces,Composite,Stratovolcano,,,41.3,13.93,1066,,Subduction zone / Continental crust (>25 km)
211812,"Vulture, Monte",Italy,European Volcanic Regions,Italian Peninsula Volcanic Provinces,Composite,Stratovolcano,,,40.92,15.67,1330,,Subduction zone / Continental crust (>25 km)
211813,Ventotene,Italy,European Volcanic Regions,Italian Peninsula Volcanic Provinces,Composite,Stratovolcano(es),,,40.8,13.42,139,,Subduction zone / Continental crust (>25 km)
211814,Pontine Islands,Italy,European Volcanic Regions,Italian Peninsula Volcanic Provinces,Minor,Lava dome(s),,,40.9,12.95,283,,Subduction zone / Continental crust (>25 km)
211815,Logudoro,Italy,European Volcanic Regions,Western European Province,Cluster,Volcanic field,,,40.58,8.67,0,,Unknown
211816,Salina,Italy,European Volcanic Regions,Aeolian Volcanic Arc,Composite,Stratovolcano(es),,,38.58,14.85,962,,Subduction zone / Continental crust (>25 km)
211817,Filicudi,Italy,European Volcanic Regions,Aeolian Volcanic Arc,Composite,Stratovolcano(es),,,38.58,14.55,773,,Subduction zone / Continental crust (>25 km)
211818,Alicudi,Italy,European Volcanic Regions,Aeolian Volcanic Arc,Composite,Stratovolcano,,,38.55,14.33,675,,Subduction zone / Continental crust (>25 km)
211819,Ustica,Italy,European Volcanic Regions,Sicily Volcanic Province,Composite,Stratovolcano(es),,,38.72,13.18,248,,Subduction zone / Continental crust (>25 km)
211820,Iblei,Italy,European Volcanic Regions,Sicily Volcanic Province,Shield,Shield?,,,37.117,14.821,825,,Subduction zone / Continental crust (>25 km)
211821,Linosa,Italy,European Volcanic Regions,Sicily Volcanic Province,Minor,Pyroclastic cone(s),,,35.87,12.87,195,,Rift zone / Continental crust (>25 km)
211822,Gaeta Bay Volcanic Field,Italy,European Volcanic Regions,Italian Peninsula Volcanic Provinces,Cluster,Volcanic field,,,40.978,13.663,0,,Subduction zone / Continental crust (>25 km)
212051,Yali,Greece,European Volcanic Regions,Hellenic Volcanic Arc,Composite,Lava dome(s),,,36.6666,27.1224,180,Rhyolite,Subduction zone / Continental crust (>25 km)
212800,Sporades,Greece,European Volcanic Regions,Western Anatolian Volcanic Province,Minor,Lava dome,,,39.5,24.18,0,,Subduction zone / Continental crust (>25 km)
212801,Volos-Atalanti,Greece,European Volcanic Regions,Western Anatolian Volcanic Province,Cluster,Volcanic field,,,39.033,22.8,900,,Subduction zone / Continental crust (>25 km)
212802,Aegina,Greece,European Volcanic Regions,Hellenic Volcanic Arc,Cluster,Volcanic field,,,37.75,23.5,530,,Subduction zone / Continental crust (>25 km)
212803,Poros,Greece,European Volcanic Regions,Hellenic Volcanic Arc,Cluster,Fissure vent,,,37.48,23.43,80,,Subduction zone / Continental crust (>25 km)
212804,Antiparos,Greece,European Volcanic Regions,Hellenic Volcanic Arc,Minor,Pyroclastic cone(s),,,36.995,25.046,282,,Subduction zone / Continental crust (>25 km)
212805,Kos,Greece,European Volcanic Regions,Hellenic Volcanic Arc,Caldera,Caldera(s),,,36.852,27.251,430,,Subduction zone / Continental crust (>25 km)
213001,Karapinar Monogenetic Field,Turkiye,European Volcanic Regions,Western Anatolian Volcanic Province,Cluster,Volcanic field,,,37.6407,33.5901,1302,Trachyandesite / Basaltic Trachyandesite,Intraplate / Continental crust (>25 km)
213003,Derinkuyu Volcanic Complex,Turkiye,European Volcanic Regions,Western Anatolian Volcanic Province,Cluster,Lava dome,,,38.35,34.5567,2143,Rhyolite,Intraplate / Continental crust (>25 km)
213004,Nevsehir-Acigol Volcanic Complex,Turkiye,European Volcanic Regions,Western Anatolian Volcanic Province,Cluster,Complex,,,38.537,34.621,1683,Rhyolite,Intraplate / Continental crust (>25 km)
213005,Egrikuyu Monogenetic Field,Turkiye,European Volcanic Regions,Western Anatolian Volcanic Province,Cluster,Volcanic field,,,37.892,34.1113,1100,,Intraplate / Continental crust (>25 km)
213021,Suphan Dagi,Turkiye,Arabia-Central Asia Volcanic Regions,Central Anatolian Volcanic Province,Composite,Stratovolcano,,,38.931,42.833,4033,Trachyandesite / Basaltic Trachyandesite,Intraplate / Continental crust (>25 km)
213022,Girekol,Turkiye,Arabia-Central Asia Volcanic Regions,Central Anatolian Volcanic Province,Shield,Shield,,,39.104,43.426,2145,Andesite / Basaltic Andesite,Intraplate / Continental crust (>25 km)
213023,Etrusk,Turkiye,Arabia-Central Asia Volcanic Regions,Central Anatolian Volcanic Province,Composite,Stratovolcano,,,39.032,43.66,3100,,
213060,Karasu Rift,Turkiye,Arabia-Central Asia Volcanic Regions,Northern Arabia Volcanic Province,Cluster,Volcanic field,,,36.767,36.6,486,,Rift zone / Intermediate crust (15-25 km)
213061,Ceyhan-Osmaniye,Turkiye,European Volcanic Regions,Western Anatolian Volcanic Province,Cluster,Volcanic field,,,37,36.083,424,,Unknown
213801,Golcuk,Turkiye,European Volcanic Regions,Western Anatolian Volcanic Province,Caldera,Caldera,,,37.72,30.492,0,,Intraplate / Continental crust (>25 km)
213803,Arpacay,Turkiye,Arabia-Central Asia Volcanic Regions,Caucasus Volcanic Province,Cluster,Volcanic field,,,41,43.467,0,,Intraplate / Continental crust (>25 km)
213804,Kisir Dagi,Turkiye,Arabia-Central Asia Volcanic Regions,Caucasus Volcanic Province,Unknown,Unknown,,,40.97,43.07,3192,,Intraplate / Continental crust (>25 km)
214040,Keli Highland,Georgia,Arabia-Central Asia Volcanic Regions,Caucasus Volcanic Province,Cluster,Pyroclastic cone(s),,,42.45,44.25,3750,Andesite / Basaltic Andesite,Intraplate / Continental crust (>25 km)
214802,Akhuryan Valley,Armenia,Arabia-Central Asia Volcanic Regions,Caucasus Volcanic Province,Cluster,Volcanic field,,,41.067,43.75,2251,,Intraplate / Continental crust (>25 km)
214803,Shamiram Plateau,Armenia,Arabia-Central Asia Volcanic Regions,Caucasus Volcanic Province,Cluster,Volcanic field,,,40.2,44.15,3300,,Intraplate / Continental crust (>25 km)
214804,Unnamed,Armenia,Arabia-Central Asia Volcanic Regions,Caucasus Volcanic Province,Cluster,Volcanic field,,,40.058,45.608,3047,,Intraplate / Continental crust (>25 km)
214805,Unnamed,Armenia,Arabia-Central Asia Volcanic Regions,Caucasus Volcanic Province,Cluster,Volcanic field,,,39.617,46.1,2400,,Intraplate / Continental crust (>25 km)
214808,Dzau,Georgia,Arabia-Central Asia Volcanic Regions,Caucasus Volcanic Province,Cluster,Fissure vent,,,42.404,44.004,1904,,
221109,Mabda,Eritrea,East African Volcanic Regions,Afar Rift Zone,Minor,Lava dome,,,13.508,41.779,1554,Rhyolite,Rift zone / Intermediate crust (15-25 km)
221121,Borawli,Ethiopia,East African Volcanic Regions,Afar Rift Zone,Minor,Lava dome(s),,,11.63,41.45,875,Rhyolite,Rift zone / Intermediate crust (15-25 km)
221224,Boku,Ethiopia,East African Volcanic Regions,Main Ethiopian Rift Zone,Caldera,Caldera,,,8.55,39.275,1625,,Rift zone / Continental crust (>25 km)
221292,Tepi,Ethiopia,East African Volcanic Regions,Western Ethiopia Plateau Volcano Group,Shield,Shield,,,7.424,35.43,2728,Basalt / Picro-Basalt,Intraplate / Continental crust (>25 km)
221293,Hobitcha Caldera,Ethiopia,East African Volcanic Regions,Main Ethiopian Rift Zone,Caldera,Caldera,,,6.864,37.847,2156,Basalt / Picro-Basalt,Intraplate / Continental crust (>25 km)
221300,Chericha,Ethiopia,East African Volcanic Regions,Main Ethiopian Rift Zone,Composite,Stratovolcano,,,6.712,38.085,1636,Rhyolite,Rift zone / Continental crust (>25 km)
221310,Tosa Sucha,Ethiopia,East African Volcanic Regions,Main Ethiopian Rift Zone,Cluster,Pyroclastic cone(s),,,5.967,37.629,1650,Basalt / Picro-Basalt,Rift zone / Continental crust (>25 km)
221335,Dilo-Dukana Volcanic Field,Ethiopia-Kenya,East African Volcanic Regions,Kenyan Rift Zone,Cluster,Volcanic field,,,4.063,37.488,1111,Basalt / Picro-Basalt,Rift zone / Intermediate crust (15-25 km)
221800,Oyma,Ethiopia,East African Volcanic Regions,Afar Rift Zone,Composite,Stratovolcano,,,12.88,41.62,1041,,Rift zone / Intermediate crust (15-25 km)
221801,Didolli,Ethiopia,East African Volcanic Regions,Afar Rift Zone,Caldera,Caldera,,,12.7,41.58,1191,,Rift zone / Intermediate crust (15-25 km)
221802,Katahelu,Ethiopia,East African Volcanic Regions,Afar Rift Zone,Minor,Cone,,,12.551,41.503,1126,,Rift zone / Intermediate crust (15-25 km)
221803,Ali Mela,Ethiopia,East African Volcanic Regions,Afar Rift Zone,Minor,Cone,,,12.718,41.396,1037,,Rift zone / Intermediate crust (15-25 km)
221804,Dawa Ale-Quarry,Ethiopia,East African Volcanic Regions,Afar Rift Zone,Composite,Stratovolcano,,,12.75,41,0,,Rift zone / Intermediate crust (15-25 km)
221805,Badi,Ethiopia,East African Volcanic Regions,Afar Rift Zone,Composite,Stratovolcano,,,12.387,40.366,1321,,Rift zone / Intermediate crust (15-25 km)
221806,Gad Elu,Ethiopia,East African Volcanic Regions,Afar Rift Zone,Composite,Stratovolcano,,,12.408,41.06,1548,,Rift zone / Intermediate crust (15-25 km)
221807,Ela,Ethiopia,East African Volcanic Regions,Afar Rift Zone,Composite,Stratovolcano,,,12.519,41.19,934,,Rift zone / Intermediate crust (15-25 km)
221808,Asgura,Ethiopia,East African Volcanic Regions,Afar Rift Zone,Composite,Stratovolcano,,,11.75,40.9,0,,Rift zone / Intermediate crust (15-25 km)
221809,Finini,Ethiopia,East African Volcanic Regions,Afar Rift Zone,Composite,Stratovolcano,,,11.98,41.35,0,,Rift zone / Intermediate crust (15-25 km)
221810,Dalaha'ale,Ethiopia,East African Volcanic Regions,Afar Rift Zone,Composite,Stratovolcano,,,12.274,42.044,881,,Rift zone / Intermediate crust (15-25 km)
221811,Data Gabalti,Ethiopia,East African Volcanic Regions,Afar Rift Zone,Composite,Stratovolcano,,,12.197,42.135,583,,Rift zone / Intermediate crust (15-25 km)
221812,Egersuwa,Ethiopia,East African Volcanic Regions,Afar Rift Zone,Minor,Lava dome(s),,,12.45,42.166,582,,Rift zone / Intermediate crust (15-25 km)
221816,Zikwala,Ethiopia,East African Volcanic Regions,Main Ethiopian Rift Zone,Composite,Stratovolcano,,,8.53,38.85,2989,,Intraplate / Continental crust (>25 km)
221817,Ch'Ilalo,Ethiopia,East African Volcanic Regions,Main Ethiopian Rift Zone,Composite,Stratovolcano,,,7.92,39.27,4005,,Intraplate / Continental crust (>25 km)
221818,Gademota Caldera,Ethiopia,East African Volcanic Regions,Main Ethiopian Rift Zone,Caldera,Caldera,,,7.88,38.6,2090,,Intraplate / Continental crust (>25 km)
221819,Duguna,Ethiopia,East African Volcanic Regions,Main Ethiopian Rift Zone,Composite,Stratovolcano,,,6.95,38.07,2205,,Intraplate / Continental crust (>25 km)
221822,Chew Bahir,Ethiopia,East African Volcanic Regions,Kenyan Rift Zone,Minor,Pyroclastic cone(s),,,4.47,36.87,600,,Rift zone / Intermediate crust (15-25 km)
221824,Undurer,Ethiopia,East African Volcanic Regions,Afar Rift Zone,Composite,Stratovolcano,,,12.171,41.396,1242,,Rift zone / Intermediate crust (15-25 km)
221825,Babba'Olou,Djibouti,East African Volcanic Regions,Afar Rift Zone,Composite,Stratovolcano,,,11.55,42.133,1301,,Rift zone / Intermediate crust (15-25 km)
222150,Kilimanjaro,Tanzania,East African Volcanic Regions,Kenyan Rift Zone,Composite,Stratovolcano,,,-3.07,37.35,5881,Phonolite,Rift zone / Continental crust (>25 km)
222162,Usangu Scarp Basalt,Tanzania,East African Volcanic Regions,Tanganyika-Rukwa-Malawi Rift Zone,Minor,Pyroclastic cone,,,-8.624,33.583,1690,Basalt / Picro-Basalt,Rift zone / Continental crust (>25 km)
222163,SW Usangu Basin,Tanzania,East African Volcanic Regions,Tanganyika-Rukwa-Malawi Rift Zone,Cluster,Lava dome(s),,,-8.75,33.8,2179,Phonolite,Rift zone / Continental crust (>25 km)
222165,Izumbwe-Mpoli,Tanzania,East African Volcanic Regions,Tanganyika-Rukwa-Malawi Rift Zone,Minor,Pyroclastic cone(s),,,-8.976,33.38,1568,Foidite,Rift zone / Continental crust (>25 km)
222800,Kulal,Kenya,East African Volcanic Regions,Kenyan Rift Zone,Shield,Shield,,,2.75,36.93,2285,,Rift zone / Continental crust (>25 km)
222801,Asie,Kenya,East African Volcanic Regions,Kenyan Rift Zone,Shield,Shield,,,2.964,37.104,1056,,Rift zone / Continental crust (>25 km)
222802,Huri Hills,Kenya,East African Volcanic Regions,Kenyan Rift Zone,Shield,Shield,,,3.5,37.75,1300,,Rift zone / Continental crust (>25 km)
222803,Bogoria,Kenya,East African Volcanic Regions,Kenyan Rift Zone,Shield,Shield,,,0.25,36.08,1100,,Rift zone / Continental crust (>25 km)
222804,Kilombe Caldera,Kenya,East African Volcanic Regions,Kenyan Rift Zone,Caldera,Caldera,,,-0.08,35.83,2550,,Rift zone / Continental crust (>25 km)
222805,"Nyokie, Ol Doinyo",Kenya,East African Volcanic Regions,Kenyan Rift Zone,Minor,Tuff cone,,,-1.8,36.38,1169,,Rift zone / Continental crust (>25 km)
222806,Gelai,Tanzania,East African Volcanic Regions,Kenyan Rift Zone,Shield,Shield,,,-2.6,36.1,2942,,Unknown
222807,Ketumbeine,Tanzania,East African Volcanic Regions,Kenyan Rift Zone,Shield,Shield,,,-2.88,36.22,2942,,Rift zone / Continental crust (>25 km)
222808,Kerimasi,Tanzania,East African Volcanic Regions,Kenyan Rift Zone,Composite,Stratovolcano,,,-2.87,35.95,2600,,Unknown
222809,Loolmalasin,Tanzania,East African Volcanic Regions,Kenyan Rift Zone,Unknown,Unknown,,,-3.052,35.817,3627,,Rift zone / Continental crust (>25 km)
222810,Sadiman,Tanzania,East African Volcanic Regions,Kenyan Rift Zone,Composite,Stratovolcano,,,-3.18,35.42,2865,,Unknown
222811,Ngorongoro,Tanzania,East African Volcanic Regions,Kenyan Rift Zone,Caldera,Caldera,,,-3.17,35.57,2376,,Unknown
222812,Sultan Hamud-Simba,Kenya,East African Volcanic Regions,Kenyan Rift Zone,Cluster,Volcanic field,,,-2.12,37.4,0,,Rift zone / Continental crust (>25 km)
222813,Burko,Tanzania,East African Volcanic Regions,Kenyan Rift Zone,Composite,Stratovolcano,,,-3.3,36.22,2136,,Unknown
222814,Kwaraha,Tanzania,East African Volcanic Regions,Kenyan Rift Zone,Composite,Stratovolcano,,,-4.23,35.82,2415,,Rift zone / Continental crust (>25 km)
222828,Porr,Kenya,East African Volcanic Regions,Kenyan Rift Zone,Minor,Pyroclastic cone,,,2.9,36.55,0,,Rift zone / Continental crust (>25 km)
222829,Embagai,Tanzania,East African Volcanic Regions,Kenyan Rift Zone,Caldera,Caldera,,,-2.92,35.83,3220,,Unknown
222830,Olmoti,Tanzania,East African Volcanic Regions,Kenyan Rift Zone,Caldera,Caldera,,,-3,35.65,3099,,Unknown
222831,Hanang,Tanzania,East African Volcanic Regions,Kenyan Rift Zone,Composite,Stratovolcano,,,-4.43,35.4,3418,,Unknown
223080,Tshibinda,DR Congo,East African Volcanic Regions,Albertine Rift Zone,Cluster,Pyroclastic cone(s),,,-2.32,28.75,1460,Basalt / Picro-Basalt,Rift zone / Continental crust (>25 km)
223800,Mikeno,DR Congo,East African Volcanic Regions,Albertine Rift Zone,Composite,Stratovolcano,,,-1.463,29.419,4387,,Rift zone / Continental crust (>25 km)
223801,Sabinyo,Uganda-Rwanda,East African Volcanic Regions,Albertine Rift Zone,Composite,Stratovolcano,,,-1.388,29.592,3605,,Unknown
224001,Sao Tome,Sao Tome and Principe,Northern Africa Volcanic Regions,Cameroon Hotspot Volcano Group,Shield,Shield,,,0.2,6.58,2024,Basalt / Picro-Basalt,Intraplate / Oceanic crust (< 15 km)
224012,Kumba Volcanic Field,Cameroon,Northern Africa Volcanic Regions,Cameroon Hotspot Volcano Group,Cluster,Volcanic field,,,4.608,9.292,600,,Intraplate / Continental crust (>25 km)
224020,Manengouba,Cameroon,Northern Africa Volcanic Regions,Cameroon Hotspot Volcano Group,Composite,Stratovolcano,,,5.03,9.83,2411,Basalt / Picro-Basalt,Intraplate / Continental crust (>25 km)
224040,Ngaoundere Plateau,Cameroon,Northern Africa Volcanic Regions,Cameroon Hotspot Volcano Group,Cluster,Volcanic field,,,7.25,13.67,1230,Trachybasalt / Tephrite Basanite,Intraplate / Continental crust (>25 km)
224050,Biu Plateau,Nigeria,Northern Africa Volcanic Regions,Cameroon Hotspot Volcano Group,Cluster,Volcanic field,,,10.75,12.088,930,Basalt / Picro-Basalt,Intraplate / Continental crust (>25 km)
224060,Jos Plateau,Nigeria,Northern Africa Volcanic Regions,Cameroon Hotspot Volcano Group,Cluster,Volcanic field,,,9.5,9,1177,,
225007,Haruj,Libya,Northern Africa Volcanic Regions,North-Central Sahara Province,Cluster,Volcanic field,,,27.25,17.5,1200,Basalt / Picro-Basalt,Intraplate / Continental crust (>25 km)
225008,Waw an Namous,Libya,Northern Africa Volcanic Regions,North-Central Sahara Province,Caldera,Caldera,,,24.906,17.772,470,Basalt / Picro-Basalt,Intraplate / Continental crust (>25 km)
225800,Tin Taralle Volcanic Field,Niger,Northern Africa Volcanic Regions,Air Volcanic Province,Cluster,Volcanic field,,,18.27,9.33,0,,Intraplate / Continental crust (>25 km)
225801,Cap-Vert,Senegal,Northern Africa Volcanic Regions,Senegalo-Mauritania Basin Volcanic Province,Minor,Volcanic field,,,14.7238,-17.5019,106,,Intraplate / Continental crust (>25 km)
225802,Oulmes Volcanic Field,Morocco,Northern Africa Volcanic Regions,Northwest Africa Volcanic Province,Cluster,Volcanic field,,,33.33,-6,0,,Intraplate / Continental crust (>25 km)
225803,Rekkame Volcanic Field,Morocco,Northern Africa Volcanic Regions,Northwest Africa Volcanic Province,Cluster,Explosion crater(s),,,33.17,-3.33,1500,,Intraplate / Continental crust (>25 km)
225804,Nemours-Nedroma,Algeria,Northern Africa Volcanic Regions,Northwest Africa Volcanic Province,Cluster,Volcanic field,,,35.07,-2,444,,Intraplate / Continental crust (>25 km)
225805,Tafna Beni Saf,Algeria,Northern Africa Volcanic Regions,Northwest Africa Volcanic Province,Cluster,Volcanic field,,,35.28,-1.45,480,,Intraplate / Continental crust (>25 km)
225806,Gharyan Volcanic Field,Libya,Northern Africa Volcanic Regions,North-Central Sahara Province,Composite,Stratovolcano(es),,,32,13.25,850,,Intraplate / Continental crust (>25 km)
225812,In Teria Volcanic Field,Algeria,Northern Africa Volcanic Regions,North-Central Sahara Province,Cluster,Tuff ring(s),,,26.814,9.638,0,,Intraplate / Continental crust (>25 km)
225813,Azrou Volcanic Field,Morocco,Northern Africa Volcanic Regions,Northwest Africa Volcanic Province,Cluster,Volcanic field,,,33.67,-5.17,1785,,Intraplate / Continental crust (>25 km)
225814,Oujda Volcanic Field,Morocco,Northern Africa Volcanic Regions,Northwest Africa Volcanic Province,Cluster,Volcanic field,,,34.53,-3.3,700,,Intraplate / Continental crust (>25 km)
225815,Mrit-Ment Volcanic Field,Morocco,Northern Africa Volcanic Regions,Northwest Africa Volcanic Province,Cluster,Volcanic field,,,33.47,-2.97,700,,Intraplate / Continental crust (>25 km)
225816,Berguent Volcanic Field,Morocco,Northern Africa Volcanic Regions,Northwest Africa Volcanic Province,Cluster,Volcanic field,,,33.75,-2.4,1200,,Intraplate / Continental crust (>25 km)
225817,Chott Tigri Volcanic Field,Morocco,Northern Africa Volcanic Regions,Northwest Africa Volcanic Province,Cluster,Volcanic field,,,32.92,-1.85,1388,,Intraplate / Continental crust (>25 km)
225818,"Chi, Tarso Emi",Chad,Northern Africa Volcanic Regions,Tibesti Volcanic Province,Cluster,Volcanic field,,,21.22,18.52,2650,,Intraplate / Continental crust (>25 km)
225819,"Ahon, Tarso",Chad,Northern Africa Volcanic Regions,Tibesti Volcanic Province,Cluster,Volcanic field,,,20.539,18.29,3325,,Intraplate / Continental crust (>25 km)
230010,Kaukab,Syria,Arabia-Central Asia Volcanic Regions,Northern Arabia Volcanic Province,Cluster,Volcanic field,,,36.536,40.858,516,Basalt / Picro-Basalt,Rift zone / Continental crust (>25 km)
230800,Tigris Lava Flows,Syria,Arabia-Central Asia Volcanic Regions,Northern Arabia Volcanic Province,Cluster,Volcanic field,,,37.13,41.85,693,,Rift zone / Continental crust (>25 km)
230801,Feidat el-Mieza,Syria,Arabia-Central Asia Volcanic Regions,Northern Arabia Volcanic Province,Minor,Volcanic field,,,35.843,40.617,404,,Rift zone / Continental crust (>25 km)
230802,Himmat el-Jazira,Syria,Arabia-Central Asia Volcanic Regions,Northern Arabia Volcanic Province,Cluster,Cone(s),,,35.708,39.966,473,,Unknown
231015,"Rahah-'Uwayrid, Harrat ar",Saudi Arabia,Arabia-Central Asia Volcanic Regions,Western Arabia Volcanic Province,Cluster,Volcanic field,,,27.408,37.279,1700,,Intraplate / Continental crust (>25 km)
231073,"Baqarah, Jabal",Saudi Arabia,Arabia-Central Asia Volcanic Regions,Southwest Arabia Volcanic Province,Minor,Cone,,,18.024,42.092,331,,Intraplate / Continental crust (>25 km)
231806,"Hutaymah, Harrat",Saudi Arabia,Arabia-Central Asia Volcanic Regions,Western Arabia Volcanic Province,Cluster,Volcanic field,,,26.98,42.4,0,,Intraplate / Continental crust (>25 km)
231807,"Haylah, Jibal al",Saudi Arabia,Arabia-Central Asia Volcanic Regions,Southwest Arabia Volcanic Province,Minor,Cone,,,18.515,42.051,761,,Intraplate / Continental crust (>25 km)
232001,Sahand,Iran,Arabia-Central Asia Volcanic Regions,Caucasus Volcanic Province,Composite,Stratovolcano,,,37.75,46.43,3707,Andesite / Basaltic Andesite,Intraplate / Continental crust (>25 km)
232002,Sabalan,Iran,Arabia-Central Asia Volcanic Regions,Caucasus Volcanic Province,Composite,Stratovolcano,,,38.268,47.835,4784,Andesite / Basaltic Andesite,Intraplate / Continental crust (>25 km)
232003,Saray,Iran,Arabia-Central Asia Volcanic Regions,Caucasus Volcanic Province,Unknown,,,,37.861,45.477,2060,,Intraplate / Continental crust (>25 km)
232020,Qal'eh Hasan Ali,Iran,Arabia-Central Asia Volcanic Regions,Central Asia Volcanic Province,Cluster,Maar(s),,,29.375,57.55,2400,Trachybasalt / Tephrite Basanite,Intraplate / Continental crust (>25 km)
232030,Bazman,Iran,Arabia-Central Asia Volcanic Regions,Central Asia Volcanic Province,Composite,Stratovolcano,,,28.07,60,3490,Andesite / Basaltic Andesite,Intraplate / Continental crust (>25 km)
232040,Nader,Iran,Arabia-Central Asia Volcanic Regions,Central Asia Volcanic Province,Cluster,Volcanic field,,,28.17,60.67,1500,Basalt / Picro-Basalt,Intraplate / Continental crust (>25 km)
232050,Taftan,Iran,Arabia-Central Asia Volcanic Regions,Central Asia Volcanic Province,Composite,Stratovolcano,,,28.6,61.13,3940,Andesite / Basaltic Andesite,Intraplate / Continental crust (>25 km)
232060,Dacht-i-Navar Group,Afghanistan,Arabia-Central Asia Volcanic Regions,Central Asia Volcanic Province,Minor,Lava dome(s),,,33.95,67.92,3800,Trachyandesite / Basaltic Trachyandesite,Intraplate / Continental crust (>25 km)
232070,Vakak Group,Afghanistan,Arabia-Central Asia Volcanic Regions,Central Asia Volcanic Province,Cluster,Volcanic field,,,34.25,67.97,3190,Dacite,Intraplate / Continental crust (>25 km)
232800,Bijar Volcanic Field,Iran,Arabia-Central Asia Volcanic Regions,Caucasus Volcanic Province,Cluster,Volcanic field,,,35.583,47.8,0,,Intraplate / Continental crust (>25 km)
232801,Sultan,Pakistan,Arabia-Central Asia Volcanic Regions,Central Asia Volcanic Province,Cluster,Volcanic field,,,29.1,62.8,2333,,Intraplate / Continental crust (>25 km)
232803,Kuh-e Ayyub Ansar,Iran,Arabia-Central Asia Volcanic Regions,Caucasus Volcanic Province,Minor,Lava dome,,,36.321,47.25,2506,,Intraplate / Continental crust (>25 km)
232806,Gandom Beryan,Iran,Arabia-Central Asia Volcanic Regions,Central Asia Volcanic Province,Unknown,Unknown,,,31.343,57.517,500,,Intraplate / Continental crust (>25 km)
232807,Dehaj-Meduk,Iran,Arabia-Central Asia Volcanic Regions,Central Asia Volcanic Province,Cluster,Volcanic field,,,30.33,55.5,0,,Intraplate / Continental crust (>25 km)
232808,Shahsavaran,Iran,Arabia-Central Asia Volcanic Regions,Central Asia Volcanic Province,Cluster,Volcanic field,,,28.152,59.281,0,,Intraplate / Continental crust (>25 km)
232809,Zardolou Group,Afghanistan,Arabia-Central Asia Volcanic Regions,Central Asia Volcanic Province,Minor,Lava dome(s),,,33.25,67.92,3000,,Intraplate / Continental crust (>25 km)
232810,Loman Volcano Group,Afghanistan,Arabia-Central Asia Volcanic Regions,Central Asia Volcanic Province,Minor,Lava dome(s),,,33.33,67.85,4559,,Intraplate / Continental crust (>25 km)
232812,East Neh,Iran,Arabia-Central Asia Volcanic Regions,Central Asia Volcanic Province,Unknown,Unknown,,,31.333,60.126,0,,
233800,Moheli Island,Comoros,Somalian-Antarctic Volcanic Regions,Comoros Hotspot Volcano Group,Shield,Shield,,,-12.3,43.72,790,,Intraplate / Oceanic crust (< 15 km)
233801,Anjouan Island,Comoros,Somalian-Antarctic Volcanic Regions,Comoros Hotspot Volcano Group,Shield,Shield,,,-12.2,44.45,1595,,Intraplate / Oceanic crust (< 15 km)
233802,"Neiges, Piton des",France,Somalian-Antarctic Volcanic Regions,Reunion Hotspot Volcano Group,Shield,Shield,,,-21.08,55.48,3070,,Intraplate / Oceanic crust (< 15 km)
233803,Mauritius,Mauritius,Somalian-Antarctic Volcanic Regions,Reunion Hotspot Volcano Group,Shield,Shield,,,-20.32,57.65,826,,Intraplate / Oceanic crust (< 15 km)
233804,Rodriguez Island,Mauritius,Somalian-Antarctic Volcanic Regions,Rodriguez Fracture Zone Volcano Group,Shield,Shield,,,-19.7,63.42,396,,Intraplate / Oceanic crust (< 15 km)
241011,Puhipuhi-Whangarei,New Zealand,Tonga-Kermadec Volcanic Regions,Northland Volcanic Province,Cluster,Volcanic field,,,-35.75,174.27,397,Trachybasalt / Tephrite Basanite,Subduction zone / Continental crust (>25 km)
241060,Reporoa,New Zealand,Tonga-Kermadec Volcanic Regions,Taupo Volcanic Zone,Caldera,Caldera,,,-38.42,176.33,592,Rhyolite,Subduction zone / Continental crust (>25 km)
241061,Maroa,New Zealand,Tonga-Kermadec Volcanic Regions,Taupo Volcanic Zone,Caldera,Caldera(s),,,-38.42,176.08,897,Rhyolite,Subduction zone / Continental crust (>25 km)
241129,Rumble II East,New Zealand,Tonga-Kermadec Volcanic Regions,Southern Kermadec Volcanic Arc,Composite,Stratovolcano,,,-35.418,178.652,-1150,,
241133,Thompson,New Zealand,Tonga-Kermadec Volcanic Regions,Southern Kermadec Volcanic Arc,Composite,Stratovolcano,,,-35.285,178.863,-1250,,
241134,Silent II West,New Zealand,Tonga-Kermadec Volcanic Regions,Southern Kermadec Volcanic Arc,Composite,Stratovolcano,,,-35.169,178.902,-780,,
241135,Silent II East,New Zealand,Tonga-Kermadec Volcanic Regions,Southern Kermadec Volcanic Arc,Composite,Stratovolcano,,,-35.21,178.978,-1250,,
241141,Yokosuka,New Zealand,Tonga-Kermadec Volcanic Regions,Southern Kermadec Volcanic Arc,Composite,Stratovolcano,,,-34.709,178.545,-1060,,
241142,Rapuhia,New Zealand,Tonga-Kermadec Volcanic Regions,Southern Kermadec Volcanic Arc,Composite,Stratovolcano,,,-34.776,178.505,-650,,Subduction zone / Oceanic crust (< 15 km)
241143,Giljanes,New Zealand,Tonga-Kermadec Volcanic Regions,Southern Kermadec Volcanic Arc,Composite,Stratovolcano,,,-34.775,178.579,-700,,
241151,Kibblewhite,New Zealand,Tonga-Kermadec Volcanic Regions,Southern Kermadec Volcanic Arc,Composite,Stratovolcano,,,-34.576,179.262,-1000,,Subduction zone / Oceanic crust (< 15 km)
241200,Sonne,New Zealand,Tonga-Kermadec Volcanic Regions,Middle Kermadec Volcanic Arc,Composite,Stratovolcano,,,-34.077,179.576,-995,,
241201,Ngatoroirangi,New Zealand,Tonga-Kermadec Volcanic Regions,Middle Kermadec Volcanic Arc,Composite,Stratovolcano,,,-33.729,179.827,-340,,
241202,Cole,New Zealand,Tonga-Kermadec Volcanic Regions,Middle Kermadec Volcanic Arc,Composite,Stratovolcano,,,-33.411,179.953,-2400,,
241203,Kuiwai,New Zealand,Tonga-Kermadec Volcanic Regions,Middle Kermadec Volcanic Arc,Composite,Stratovolcano,,,-33.159,-179.957,-560,,
241204,Haungaroa,New Zealand,Tonga-Kermadec Volcanic Regions,Middle Kermadec Volcanic Arc,Composite,Stratovolcano,,,-32.617,-179.624,-660,,
241205,Oliver-Speight,New Zealand,Tonga-Kermadec Volcanic Regions,Middle Kermadec Volcanic Arc,Composite,Complex,,,-32.388,-179.591,-1840,,
241800,Hautere,New Zealand,Southern Pacific Volcanic Regions,Macquarie Ridge Volcano Group,Composite,Stratovolcano,,,-46.572,166.898,275,,Subduction zone / Continental crust (>25 km)
241802,South Auckland,New Zealand,Tonga-Kermadec Volcanic Regions,Northland Volcanic Province,Cluster,Shield(s),,,-37.37,174.92,314,,Intraplate / Continental crust (>25 km)
241803,Mokohinau Islands,New Zealand,Tonga-Kermadec Volcanic Regions,Northland Volcanic Province,Cluster,Volcanic field,,,-35.925,175.125,134,,Subduction zone / Continental crust (>25 km)
241804,Little Barrier,New Zealand,Tonga-Kermadec Volcanic Regions,Northland Volcanic Province,Composite,Stratovolcano,,,-36.197,175.078,711,,Subduction zone / Continental crust (>25 km)
241807,South Coromandel Peninsula,New Zealand,Tonga-Kermadec Volcanic Regions,Northland Volcanic Province,Cluster,Volcanic field,,,-37.25,175.78,795,,Subduction zone / Continental crust (>25 km)
241809,Karioi,New Zealand,Tonga-Kermadec Volcanic Regions,Northland Volcanic Province,Composite,Stratovolcano,,,-37.865,174.802,748,,Subduction zone / Continental crust (>25 km)
241810,Pirongia,New Zealand,Tonga-Kermadec Volcanic Regions,Northland Volcanic Province,Composite,Stratovolcano,,,-37.993,175.098,956,,Subduction zone / Continental crust (>25 km)
241811,Kakepuku,New Zealand,Tonga-Kermadec Volcanic Regions,Northland Volcanic Province,Minor,Lava cone(s),,,-38.066,175.25,447,,Subduction zone / Continental crust (>25 km)
241812,Kaitake,New Zealand,Tonga-Kermadec Volcanic Regions,Taupo Volcanic Zone,Composite,Stratovolcano,,,-39.17,173.97,684,,Subduction zone / Continental crust (>25 km)
241813,Pouakai,New Zealand,Tonga-Kermadec Volcanic Regions,Taupo Volcanic Zone,Composite,Stratovolcano,,,-39.23,174.02,1399,,Subduction zone / Continental crust (>25 km)
241815,Moutohora Island,New Zealand,Tonga-Kermadec Volcanic Regions,Taupo Volcanic Zone,Composite,Complex,,,-37.855,176.974,352,,Subduction zone / Continental crust (>25 km)
241816,Rotorua,New Zealand,Tonga-Kermadec Volcanic Regions,Taupo Volcanic Zone,Caldera,Caldera,,,-38.08,176.27,757,,Subduction zone / Continental crust (>25 km)
241817,Kapenga,New Zealand,Tonga-Kermadec Volcanic Regions,Taupo Volcanic Zone,Caldera,Caldera(s),,,-38.27,176.27,840,,Subduction zone / Continental crust (>25 km)
241818,Mangakino,New Zealand,Tonga-Kermadec Volcanic Regions,Taupo Volcanic Zone,Caldera,Caldera,,,-38.35,175.75,1165,,Subduction zone / Continental crust (>25 km)
241819,Northern Tongariro Group,New Zealand,Tonga-Kermadec Volcanic Regions,Taupo Volcanic Zone,Composite,Stratovolcano(es),,,-38.98,175.7,1327,,Subduction zone / Continental crust (>25 km)
241821,Rungapapa Knoll,New Zealand,Tonga-Kermadec Volcanic Regions,Taupo Volcanic Zone,Minor,Cone,,,-37.547,176.98,0,,Subduction zone / Continental crust (>25 km)
241822,Te Kawa,New Zealand,Tonga-Kermadec Volcanic Regions,Northland Volcanic Province,Minor,Cone,,,-38.079,175.295,203,,Subduction zone / Continental crust (>25 km)
241823,Maungatautari,New Zealand,Tonga-Kermadec Volcanic Regions,Taupo Volcanic Zone,Composite,Stratovolcano,,,-38.019,175.576,793,,Subduction zone / Continental crust (>25 km)
241824,Tauranga Volcanic Centre,New Zealand,Tonga-Kermadec Volcanic Regions,Taupo Volcanic Zone,Cluster,Volcanic field,,,-37.833,176.1,200,,Unknown
242031,Hinetapeka,New Zealand,Tonga-Kermadec Volcanic Regions,Northern Kermadec Volcanic Arc,Composite,Stratovolcano,,,-28.831,-177.826,-140,,
242032,Volcano OP,New Zealand,Tonga-Kermadec Volcanic Regions,Northern Kermadec Volcanic Arc,Composite,Stratovolcano,,,-28.218,-177.692,-875,,
242040,Putoto,New Zealand,Tonga-Kermadec Volcanic Regions,Northern Kermadec Volcanic Arc,Composite,Stratovolcano,,,-27.857,-177.621,-260,,
242041,Volcano Q,New Zealand,Tonga-Kermadec Volcanic Regions,Northern Kermadec Volcanic Arc,Composite,Stratovolcano,,,-27.468,-177.506,-1200,,
242042,Gamble,New Zealand,Tonga-Kermadec Volcanic Regions,Northern Kermadec Volcanic Arc,Composite,Stratovolcano,,,-27.2,-177.41,-900,,
242043,Rakahore,New Zealand,Tonga-Kermadec Volcanic Regions,Northern Kermadec Volcanic Arc,Composite,Stratovolcano,,,-26.81,-177.4,-640,,
242044,Hinepuia,New Zealand,Tonga-Kermadec Volcanic Regions,Northern Kermadec Volcanic Arc,Composite,Stratovolcano,,,-26.39,-177.26,-850,,
243002,Unnamed,Tonga,Tonga-Kermadec Volcanic Regions,Northern Kermadec Volcanic Arc,Composite,Stratovolcano,,,-25.15,-177.18,-905,,Subduction zone / Oceanic crust (< 15 km)
243003,Unnamed,Tonga,Tonga-Kermadec Volcanic Regions,Northern Kermadec Volcanic Arc,Composite,Stratovolcano,,,-25.418,-177.103,-156,,Subduction zone / Oceanic crust (< 15 km)
243004,Unnamed,Tonga,Tonga-Kermadec Volcanic Regions,Northern Kermadec Volcanic Arc,Composite,Stratovolcano,,,-24.58,-176.924,-552,,Subduction zone / Oceanic crust (< 15 km)
243005,Unnamed,Tonga,Tonga-Kermadec Volcanic Regions,Northern Kermadec Volcanic Arc,Composite,Stratovolcano,,,-24.475,-176.923,-316,,Subduction zone / Oceanic crust (< 15 km)
243006,Unnamed,Tonga,Tonga-Kermadec Volcanic Regions,Northern Kermadec Volcanic Arc,Composite,Stratovolcano,,,-24.178,-176.887,-704,,Subduction zone / Oceanic crust (< 15 km)
243007,Unnamed,Tonga,Tonga-Kermadec Volcanic Regions,Northern Kermadec Volcanic Arc,Composite,Stratovolcano,,,-23.878,-176.788,-1114,,Subduction zone / Oceanic crust (< 15 km)
243008,Unnamed,Tonga,Tonga-Kermadec Volcanic Regions,Northern Kermadec Volcanic Arc,Composite,Stratovolcano,,,-23.581,-176.663,-508,,Subduction zone / Oceanic crust (< 15 km)
243009,Unnamed,Tonga,Tonga-Kermadec Volcanic Regions,Tofua Volcanic Arc,Composite,Stratovolcano,,,-21.804,-175.941,-800,,Subduction zone / Oceanic crust (< 15 km)
243012,Unnamed,Tonga,Tonga-Kermadec Volcanic Regions,Tofua Volcanic Arc,Composite,Stratovolcano,,,-22.061,-176.21,-500,,Subduction zone / Oceanic crust (< 15 km)
243013,Unnamed,Tonga,Tonga-Kermadec Volcanic Regions,Tofua Volcanic Arc,Composite,Stratovolcano,,,-22.096,-176,-173,,Subduction zone / Oceanic crust (< 15 km)
243014,Unnamed,Tonga,Tonga-Kermadec Volcanic Regions,Tofua Volcanic Arc,Composite,Stratovolcano,,,-22.219,-176.124,-497,,Subduction zone / Oceanic crust (< 15 km)
243015,Ata Volcanic Complex,Tonga,Tonga-Kermadec Volcanic Regions,Tofua Volcanic Arc,Unknown,Unknown,,,-22.337,-176.21,274,,Subduction zone / Oceanic crust (< 15 km)
243016,Unnamed,Tonga,Tonga-Kermadec Volcanic Regions,Tofua Volcanic Arc,Composite,Stratovolcano,,,-22.459,-176.351,-820,,Subduction zone / Oceanic crust (< 15 km)
243017,Unnamed,Tonga,Tonga-Kermadec Volcanic Regions,Tofua Volcanic Arc,Composite,Stratovolcano,,,-22.632,-176.399,-229,,Subduction zone / Oceanic crust (< 15 km)
243018,Unnamed,Tonga,Tonga-Kermadec Volcanic Regions,Tofua Volcanic Arc,Composite,Stratovolcano,,,-22.846,-176.43,-39,,Subduction zone / Oceanic crust (< 15 km)
243019,Unnamed,Tonga,Tonga-Kermadec Volcanic Regions,Tofua Volcanic Arc,Composite,Stratovolcano,,,-22.981,-176.387,-962,,Subduction zone / Oceanic crust (< 15 km)
243055,Feinga Seamount,Tonga,Tonga-Kermadec Volcanic Regions,Tofua Volcanic Arc,Composite,Complex,,,-20.154,-175.163,-393,,Subduction zone / Oceanic crust (< 15 km)
243065,Unnamed,Tonga,Tonga-Kermadec Volcanic Regions,Tofua Volcanic Arc,Composite,Stratovolcano,,,-19.438,-174.952,-331,,Subduction zone / Oceanic crust (< 15 km)
243095,Toku,Tonga,Tonga-Kermadec Volcanic Regions,Tofua Volcanic Arc,Composite,Stratovolcano,,,-18.163,-174.181,21,,Subduction zone / Oceanic crust (< 15 km)
243103,Niuatoputapu,Tonga,Tonga-Kermadec Volcanic Regions,Tofua Volcanic Arc,Composite,Stratovolcano,,,-15.956,-173.782,141,,Subduction zone / Oceanic crust (< 15 km)
243104,Unnamed,Tonga,Tonga-Kermadec Volcanic Regions,Tofua Volcanic Arc,Composite,Stratovolcano,,,-16.2,-173.92,-269,,Subduction zone / Oceanic crust (< 15 km)
243105,Unnamed,Tonga,Tonga-Kermadec Volcanic Regions,Tofua Volcanic Arc,Composite,Stratovolcano,,,-16.655,-173.773,-12,,Subduction zone / Oceanic crust (< 15 km)
243106,Unnamed,Tonga,Tonga-Kermadec Volcanic Regions,Tofua Volcanic Arc,Composite,Stratovolcano,,,-16.968,-173.848,-39,,Subduction zone / Oceanic crust (< 15 km)
243107,Unnamed,Tonga,Tonga-Kermadec Volcanic Regions,Tofua Volcanic Arc,Composite,Stratovolcano,,,-17.231,-173.962,-95,,Subduction zone / Oceanic crust (< 15 km)
243108,Unnamed,Tonga,Tonga-Kermadec Volcanic Regions,Tofua Volcanic Arc,Composite,Stratovolcano,,,-17.551,-174.154,-53,,Subduction zone / Oceanic crust (< 15 km)
243109,Unnamed,Tonga,Tonga-Kermadec Volcanic Regions,Tofua Volcanic Arc,Composite,Stratovolcano,,,-17.842,-174.197,-226,,Subduction zone / Oceanic crust (< 15 km)
243131,East Mata,Tonga,Tonga-Kermadec Volcanic Regions,Northeast Lau Basin Volcano Group,Composite,Compound,,,-15.102,-173.677,-1286,,Subduction zone / Oceanic crust (< 15 km)
243132,Northern Matas,Tonga,Tonga-Kermadec Volcanic Regions,Northeast Lau Basin Volcano Group,Cluster,Volcanic field,,,-15.005,-173.793,-1855,,Subduction zone / Oceanic crust (< 15 km)
243150,Niua Volcanic Complex,Tonga,Tonga-Kermadec Volcanic Regions,Northeast Lau Basin Volcano Group,Composite,Complex,,,-15.122,-173.549,-677,,Subduction zone / Oceanic crust (< 15 km)
244011,Northeast Bank,United States,Southern Pacific Volcanic Regions,Samoan Hotspot Volcano Group,Composite,Stratovolcano,,,-14.061,-170.084,-57,,Intraplate / Oceanic crust (< 15 km)
244012,Soso,United States,Southern Pacific Volcanic Regions,Samoan Hotspot Volcano Group,Composite,Stratovolcano,,,-13.764,-170.235,-1814,,Intraplate / Oceanic crust (< 15 km)
244013,Tamai,United States,Southern Pacific Volcanic Regions,Samoan Hotspot Volcano Group,Composite,Stratovolcano,,,-13.746,-170.543,-2665,,Intraplate / Oceanic crust (< 15 km)
244022,Tulaga,United States,Southern Pacific Volcanic Regions,Samoan Hotspot Volcano Group,Unknown,,,,-14.518,-170.024,-79,,Intraplate / Oceanic crust (< 15 km)
244023,Malutut,United States,Southern Pacific Volcanic Regions,Samoan Hotspot Volcano Group,Composite,Stratovolcano,,,-14.371,-170.174,-515,,Intraplate / Oceanic crust (< 15 km)
244035,Tisa,United States,Southern Pacific Volcanic Regions,Samoan Hotspot Volcano Group,Composite,Stratovolcano,,,-14.407,-171.221,-883,,Intraplate / Oceanic crust (< 15 km)
244050,Wallis Islands,France,Southern Pacific Volcanic Regions,Vitiaz Lineament Volcano Group,Shield,Shield(s),,,-13.275,-176.206,146,Basalt / Picro-Basalt,Subduction zone / Oceanic crust (< 15 km)
245020,Koro,Fiji,Southwest Pacific Volcanic Regions,Fiji Volcanic Arc,Composite,Pyroclastic cone(s),,,-17.32,179.4,522,Basalt / Picro-Basalt,Subduction zone / Crustal thickness unknown
245800,Nairai,Fiji,Southwest Pacific Volcanic Regions,Fiji Volcanic Arc,Composite,Complex,,,-17.8,179.42,335,,Subduction zone / Crustal thickness unknown
245801,Waikama,Fiji,Southwest Pacific Volcanic Regions,Fiji Volcanic Arc,Composite,Complex,,,-18.02,179.3,760,,Subduction zone / Crustal thickness unknown
245802,Mago,Fiji,Tonga-Kermadec Volcanic Regions,Lau Ridge Volcano Group,Minor,Pyroclastic cone(s),,,-17.45,-179.15,0,,Intraplate / Oceanic crust (< 15 km)
245803,Katafaga,Fiji,Tonga-Kermadec Volcanic Regions,Lau Ridge Volcano Group,Unknown,Unknown,,,-17.52,-178.72,0,,Intraplate / Oceanic crust (< 15 km)
245804,Kabara,Fiji,Tonga-Kermadec Volcanic Regions,Lau Ridge Volcano Group,Unknown,Unknown,,,-18.95,-178.95,0,,Intraplate / Oceanic crust (< 15 km)
250020,Baluan,Papua New Guinea,Southwest Pacific Volcanic Regions,Bismarck Sea Volcanic Back-Arc,Composite,Stratovolcano,,,-2.5578,147.285,246,Basalt / Picro-Basalt,Subduction zone / Continental crust (>25 km)
251800,Vokeo,Papua New Guinea,Southwest Pacific Volcanic Regions,Bismarck Volcanic Arc,Composite,Stratovolcano,,,-3.2,144.1,609,,Subduction zone / Continental crust (>25 km)
251801,Viai,Papua New Guinea,Southwest Pacific Volcanic Regions,Bismarck Volcanic Arc,Composite,Stratovolcano,,,-3.39,144.404,58,,Subduction zone / Continental crust (>25 km)
251802,Bagabag,Papua New Guinea,Southwest Pacific Volcanic Regions,Bismarck Volcanic Arc,Composite,Stratovolcano,,,-4.78,146.23,692,,Subduction zone / Continental crust (>25 km)
251803,Crown Island,Papua New Guinea,Southwest Pacific Volcanic Regions,Bismarck Volcanic Arc,Composite,Stratovolcano,,,-5.117,146.952,298,,Subduction zone / Continental crust (>25 km)
251804,Tolokiwa,Papua New Guinea,Southwest Pacific Volcanic Regions,Bismarck Volcanic Arc,Composite,Stratovolcano,,,-5.32,147.58,1372,,Subduction zone / Continental crust (>25 km)
251805,Koil,Papua New Guinea,Southwest Pacific Volcanic Regions,Bismarck Volcanic Arc,Composite,Stratovolcano,,,-3.356,144.208,0,,Subduction zone / Continental crust (>25 km)
252021,Mundua,Papua New Guinea,Southwest Pacific Volcanic Regions,Bismarck Volcanic Arc,Composite,Complex,,,-4.624,149.339,171,Basalt / Picro-Basalt,Subduction zone / Continental crust (>25 km)
252030,Garove,Papua New Guinea,Southwest Pacific Volcanic Regions,Bismarck Volcanic Arc,Composite,Stratovolcano,,,-4.687,149.511,368,Andesite / Basaltic Andesite,Subduction zone / Oceanic crust (< 15 km)
252800,Tangi,Papua New Guinea,Southwest Pacific Volcanic Regions,Bismarck Volcanic Arc,Composite,Stratovolcano,,,-5.67,148.4,1524,,Subduction zone / Continental crust (>25 km)
252801,Narage,Papua New Guinea,Southwest Pacific Volcanic Regions,Bismarck Sea Volcanic Back-Arc,Composite,Stratovolcano,,,-4.547,149.113,307,,Subduction zone / Oceanic crust (< 15 km)
252802,Bangum,Papua New Guinea,Southwest Pacific Volcanic Regions,Bismarck Volcanic Arc,Composite,Stratovolcano,,,-5.345,149.94,988,,Subduction zone / Continental crust (>25 km)
252803,Oto Group,Papua New Guinea,Southwest Pacific Volcanic Regions,Bismarck Volcanic Arc,Composite,Stratovolcano(es),,,-5.558,150.407,1277,,Subduction zone / Continental crust (>25 km)
252804,Likuruanga,Papua New Guinea,Southwest Pacific Volcanic Regions,Bismarck Volcanic Arc,Composite,Stratovolcano,,,-4.953,151.385,904,,Subduction zone / Continental crust (>25 km)
252811,Unea,Papua New Guinea,Southwest Pacific Volcanic Regions,Bismarck Sea Volcanic Back-Arc,Caldera,Caldera,,,-4.888,149.143,579,,Subduction zone / Continental crust (>25 km)
252812,Lotomgan Group,Papua New Guinea,Southwest Pacific Volcanic Regions,Bismarck Volcanic Arc,Minor,Pyroclastic cone(s),,,-5.22,150.07,555,,Subduction zone / Continental crust (>25 km)
253000,Doma Peaks,Papua New Guinea,Southwest Pacific Volcanic Regions,New Guinea Highlands Volcanic Province,Composite,Stratovolcano,,,-5.9,143.15,3568,Andesite / Basaltic Andesite,Subduction zone / Continental crust (>25 km)
253001,Crater Mountain,Papua New Guinea,Southwest Pacific Volcanic Regions,New Guinea Highlands Volcanic Province,Composite,Stratovolcano,,,-6.581,145.091,2950,Trachybasalt / Tephrite Basanite,Subduction zone / Continental crust (>25 km)
253002,Yelia,Papua New Guinea,Southwest Pacific Volcanic Regions,New Guinea Highlands Volcanic Province,Composite,Stratovolcano,,,-7.05,145.858,3384,Andesite / Basaltic Andesite,Subduction zone / Continental crust (>25 km)
253800,Kerewa,Papua New Guinea,Southwest Pacific Volcanic Regions,New Guinea Highlands Volcanic Province,Composite,Stratovolcano,,,-6.02,143.15,3700,,Subduction zone / Continental crust (>25 km)
253801,Sisa,Papua New Guinea,Southwest Pacific Volcanic Regions,New Guinea Highlands Volcanic Province,Composite,Stratovolcano,,,-6.13,142.73,2650,,Subduction zone / Continental crust (>25 km)
253802,Bosavi,Papua New Guinea,Southwest Pacific Volcanic Regions,New Guinea Highlands Volcanic Province,Composite,Stratovolcano,,,-6.58,142.82,2397,,Subduction zone / Continental crust (>25 km)
253803,Darai Hills,Papua New Guinea,Southwest Pacific Volcanic Regions,New Guinea Highlands Volcanic Province,Cluster,Volcanic field,,,-6.8,143.08,500,,Subduction zone / Continental crust (>25 km)
253804,Biwau Hills,Papua New Guinea,Southwest Pacific Volcanic Regions,New Guinea Highlands Volcanic Province,Minor,Pyroclastic cone(s),,,-7.32,143.28,400,,Subduction zone / Continental crust (>25 km)
253805,Sugarloaf,Papua New Guinea,Southwest Pacific Volcanic Regions,New Guinea Highlands Volcanic Province,Cluster,Volcanic field,,,-5.78,143.75,3900,,Subduction zone / Continental crust (>25 km)
253806,Hagen,Papua New Guinea,Southwest Pacific Volcanic Regions,New Guinea Highlands Volcanic Province,Composite,Stratovolcano(es),,,-5.77,144.03,3765,,Subduction zone / Continental crust (>25 km)
253807,Giluwe,Papua New Guinea,Southwest Pacific Volcanic Regions,New Guinea Highlands Volcanic Province,Shield,Shield,,,-6.05,143.88,4368,,Subduction zone / Continental crust (>25 km)
253808,Ialibu,Papua New Guinea,Southwest Pacific Volcanic Regions,New Guinea Highlands Volcanic Province,Composite,Stratovolcano,,,-6.23,144.03,3465,,Subduction zone / Continental crust (>25 km)
253809,Murray,Papua New Guinea,Southwest Pacific Volcanic Regions,New Guinea Highlands Volcanic Province,Composite,Stratovolcano,,,-6.75,144.02,2254,,Subduction zone / Continental crust (>25 km)
253810,Suaru,Papua New Guinea,Southwest Pacific Volcanic Regions,New Guinea Highlands Volcanic Province,Composite,Stratovolcano,,,-6.25,144.83,2667,,Subduction zone / Continental crust (>25 km)
253811,Karimui,Papua New Guinea,Southwest Pacific Volcanic Regions,New Guinea Highlands Volcanic Province,Composite,Stratovolcano,,,-6.57,144.77,2561,,Subduction zone / Continental crust (>25 km)
253812,Duau,Papua New Guinea,Southwest Pacific Volcanic Regions,New Guinea Highlands Volcanic Province,Composite,Stratovolcano,,,-6.92,144.58,1850,,Subduction zone / Continental crust (>25 km)
253813,Favenc,Papua New Guinea,Southwest Pacific Volcanic Regions,New Guinea Highlands Volcanic Province,Composite,Stratovolcano,,,-6.97,144.68,1583,,Subduction zone / Continental crust (>25 km)
253814,Aird Hills,Papua New Guinea,Southwest Pacific Volcanic Regions,New Guinea Highlands Volcanic Province,Minor,Lava dome(s),,,-7.45,144.35,328,,Subduction zone / Continental crust (>25 km)
253815,Trafalgar,Papua New Guinea,Southwest Pacific Volcanic Regions,Trobriand Volcanic Arc,Composite,Stratovolcano,,,-9.17,149.17,1726,,Subduction zone / Continental crust (>25 km)
254800,Tabar,Papua New Guinea,Southwest Pacific Volcanic Regions,New Ireland Volcanic Arc,Composite,Stratovolcano,,,-2.97,152.043,607,,Subduction zone / Crustal thickness unknown
254801,Tanga,Papua New Guinea,Southwest Pacific Volcanic Regions,New Ireland Volcanic Arc,Composite,Stratovolcano,,,-3.5,153.22,472,,Subduction zone / Crustal thickness unknown
255000,Tore,Papua New Guinea,Southwest Pacific Volcanic Regions,Solomon Volcanic Arc,Minor,Lava cone,,,-5.835,154.935,2175,Andesite / Basaltic Andesite,Subduction zone / Crustal thickness unknown
255800,Emperor Range,Papua New Guinea,Southwest Pacific Volcanic Regions,Solomon Volcanic Arc,Caldera,Caldera(s),,,-5.7,154.95,2040,,Subduction zone / Crustal thickness unknown
255801,Numa Numa,Papua New Guinea,Southwest Pacific Volcanic Regions,Solomon Volcanic Arc,Composite,Stratovolcano,,,-6.02,155.192,1567,,Subduction zone / Crustal thickness unknown
255802,Bakanovi,Papua New Guinea,Southwest Pacific Volcanic Regions,Solomon Volcanic Arc,Composite,Stratovolcano,,,-6.15,155.35,600,,Subduction zone / Continental crust (>25 km)
255803,Nonda,Solomon Islands,Southwest Pacific Volcanic Regions,Solomon Volcanic Arc,Composite,Stratovolcano,,,-7.67,156.6,760,,Subduction zone / Crustal thickness unknown
255805,Kolombangara,Solomon Islands,Southwest Pacific Volcanic Regions,Solomon Volcanic Arc,Composite,Stratovolcano,,,-7.97,157.08,1760,,Subduction zone / Crustal thickness unknown
255806,Rendova,Solomon Islands,Southwest Pacific Volcanic Regions,Solomon Volcanic Arc,Composite,Stratovolcano,,,-8.47,157.33,1050,,Subduction zone / Crustal thickness unknown
255807,Mbareke,Solomon Islands,Southwest Pacific Volcanic Regions,Solomon Volcanic Arc,Composite,Stratovolcano,,,-8.55,158.07,500,,Subduction zone / Continental crust (>25 km)
255808,Vangunu,Solomon Islands,Southwest Pacific Volcanic Regions,Solomon Volcanic Arc,Composite,Stratovolcano,,,-8.67,158,1040,,Subduction zone / Crustal thickness unknown
255809,Nggatokae,Solomon Islands,Southwest Pacific Volcanic Regions,Solomon Volcanic Arc,Composite,Stratovolcano,,,-8.78,158.18,840,,Subduction zone / Continental crust (>25 km)
257021,Mere Lava,Vanuatu,Southwest Pacific Volcanic Regions,Vanuatu Volcanic Arc,Composite,Stratovolcano,,,-14.4585,168.04,1003,Basalt / Picro-Basalt,Subduction zone / Intermediate crust (15-25 km)
257061,Pomare,Vanuatu,Southwest Pacific Volcanic Regions,Vanuatu Volcanic Arc,Composite,Stratovolcano,,,-16.7241,168.2852,812,,Subduction zone / Intermediate crust (15-25 km)
257062,Tavani Ruro,Vanuatu,Southwest Pacific Volcanic Regions,Vanuatu Volcanic Arc,Composite,Stratovolcano,,,-16.8004,168.4383,540,,Subduction zone / Intermediate crust (15-25 km)
257075,Tongoa,Vanuatu,Southwest Pacific Volcanic Regions,Vanuatu Volcanic Arc,Composite,,,,-16.9,168.5611,0,,Subduction zone / Intermediate crust (15-25 km)
257080,Northeast Shepherd Islands,Vanuatu,Southwest Pacific Volcanic Regions,Vanuatu Volcanic Arc,Composite,Stratovolcano(es),,,-17.0007,168.636,513,Basalt / Picro-Basalt,Subduction zone / Intermediate crust (15-25 km)
257085,Unnamed,Vanuatu,Southwest Pacific Volcanic Regions,Vanuatu Volcanic Arc,Composite,Stratovolcano,,,-18.1961,168.8243,-127,,Subduction zone / Intermediate crust (15-25 km)
257110,Aneityum,Vanuatu,Southwest Pacific Volcanic Regions,Vanuatu Volcanic Arc,Composite,Stratovolcano(es),,,-20.1875,169.8194,852,Basalt / Picro-Basalt,Subduction zone / Intermediate crust (15-25 km)
257800,Ureparapara,Vanuatu,Southwest Pacific Volcanic Regions,Vanuatu Volcanic Arc,Composite,Stratovolcano,,,-13.53,167.32,764,,Subduction zone / Intermediate crust (15-25 km)
257801,Mota,Vanuatu,Southwest Pacific Volcanic Regions,Vanuatu Volcanic Arc,Composite,Stratovolcano,,,-13.85,167.68,411,,Subduction zone / Intermediate crust (15-25 km)
257802,Merig,Vanuatu,Southwest Pacific Volcanic Regions,Vanuatu Volcanic Arc,Composite,Stratovolcano,,,-14.32,167.8,125,,Subduction zone / Intermediate crust (15-25 km)
257803,Paama Island,Vanuatu,Southwest Pacific Volcanic Regions,Vanuatu Volcanic Arc,Composite,Complex,,,-16.47,168.23,544,,Unknown
257804,Northern Efate,Vanuatu,Southwest Pacific Volcanic Regions,Vanuatu Volcanic Arc,Cluster,Stratovolcano(es),,,-17.6167,168.3792,500,,Subduction zone / Intermediate crust (15-25 km)
257805,William,Vanuatu,Southwest Pacific Volcanic Regions,Vanuatu Volcanic Arc,Composite,Stratovolcano,,,-18.7,169.08,886,,Subduction zone / Intermediate crust (15-25 km)
257806,Northwest Shepherd Islands,Vanuatu,Southwest Pacific Volcanic Regions,Vanuatu Volcanic Arc,Composite,Complex,,,-17.063,168.381,629,,Unknown
257807,Pumpan,Vanuatu,Southwest Pacific Volcanic Regions,Vanuatu Volcanic Arc,Composite,Stratovolcano,,,-18.85,169.12,802,,Subduction zone / Intermediate crust (15-25 km)
257808,Melkum,Vanuatu,Southwest Pacific Volcanic Regions,Vanuatu Volcanic Arc,Composite,Stratovolcano(es),,,-18.85,169.05,758,,Subduction zone / Intermediate crust (15-25 km)
257809,East Tanna,Vanuatu,Southwest Pacific Volcanic Regions,Vanuatu Volcanic Arc,Composite,Stratovolcano,,,-19.42,169.45,552,,Subduction zone / Continental crust (>25 km)
257810,Southern Shepherd Islands,Vanuatu,Southwest Pacific Volcanic Regions,Vanuatu Volcanic Arc,Composite,Stratovolcano,,,-17.2525,168.4245,343,,Subduction zone / Intermediate crust (15-25 km)
258005,Volsmar,Vanuatu,Southwest Pacific Volcanic Regions,Vanuatu Volcanic Arc,Cluster,Volcanic field,,,-21.4847,170.2181,-1600,,Rift zone / Oceanic crust (< 15 km)
259800,Maer Volcanic Province,Australia,Eastern Australia Volcanic Regions,Northeastern Australia Volcanic Province,Cluster,Pyroclastic cone(s),,,-9.717,143.833,171,,Intraplate / Continental crust (>25 km)
259801,Piebald Volcanic Province,Australia,Eastern Australia Volcanic Regions,Northeastern Australia Volcanic Province,Cluster,Shield(s),,,-15.23,145.03,420,,Intraplate / Continental crust (>25 km)
259802,Mclean Volcanic Province,Australia,Eastern Australia Volcanic Regions,Northeastern Australia Volcanic Province,Cluster,Pyroclastic cone(s),,,-15.87,144.83,610,,Intraplate / Continental crust (>25 km)
259803,Atherton Basalt Province,Australia,Eastern Australia Volcanic Regions,Northeastern Australia Volcanic Province,Cluster,Shield(s),,,-17.3,145.72,1160,,Intraplate / Continental crust (>25 km)
259805,Fox,Australia,Eastern Australia Volcanic Regions,Northeastern Australia Volcanic Province,Minor,Pyroclastic cone,,,-18.85,145.8,840,,Intraplate / Continental crust (>25 km)
259806,Chudleigh Volcanic Province,Australia,Eastern Australia Volcanic Regions,Northeastern Australia Volcanic Province,Cluster,Shield(s),,,-19.73,144.2,1000,,Intraplate / Continental crust (>25 km)
259807,Nulla Volcanic Province,Australia,Eastern Australia Volcanic Regions,Northeastern Australia Volcanic Province,Cluster,Shield(s),,,-19.82,145.08,840,,Intraplate / Continental crust (>25 km)
259808,Sturgeon Volcanic Province,Australia,Eastern Australia Volcanic Regions,Northeastern Australia Volcanic Province,Shield,Shield(s),,,-20.35,144.25,0,,Intraplate / Continental crust (>25 km)
259809,Bundaberg-Boyne Province,Australia,Eastern Australia Volcanic Regions,East-Central Australia Volcanic Provinces,Minor,Pyroclastic cone(s),,,-25.58,151.87,330,,Intraplate / Continental crust (>25 km)
261101,Imun,Indonesia,Sunda-Banda Volcanic Regions,Sunda Volcanic Arc,Minor,Lava cone,,,2.156,98.934,1503,Dacite,Subduction zone / Continental crust (>25 km)
261131,Sarik-Gajah,Indonesia,Sunda-Banda Volcanic Regions,Sunda Volcanic Arc,Minor (Silicic),Pyroclastic cone(s),,,0.074,100.189,737,Andesite / Basaltic Andesite,Subduction zone / Continental crust (>25 km)
261171,Kunyit,Indonesia,Sunda-Banda Volcanic Regions,Sunda Volcanic Arc,Composite,Stratovolcano,,,-2.274,101.483,2151,Dacite,Subduction zone / Continental crust (>25 km)
261201,"Lumut, Bukit",Indonesia,Sunda-Banda Volcanic Regions,Sunda Volcanic Arc,Composite,Stratovolcano,,,-3.224,102.205,1738,,Subduction zone / Continental crust (>25 km)
261202,"Tiga, Bukit",Indonesia,Sunda-Banda Volcanic Regions,Sunda Volcanic Arc,Composite,Stratovolcano,,,-3.308,102.256,1629,,Subduction zone / Continental crust (>25 km)
261250,Besar,Indonesia,Sunda-Banda Volcanic Regions,Sunda Volcanic Arc,Composite,Stratovolcano?,,,-4.437,103.671,1900,Andesite / Basaltic Andesite,Subduction zone / Continental crust (>25 km)
261260,Sekincau Belirang,Indonesia,Sunda-Banda Volcanic Regions,Sunda Volcanic Arc,Composite,Caldera(s),,,-5.107,104.317,1717,Andesite / Basaltic Andesite,Subduction zone / Continental crust (>25 km)
261280,Ulubelu,Indonesia,Sunda-Banda Volcanic Regions,Sunda Volcanic Arc,Caldera,Caldera,,,-5.334,104.59,849,Andesite / Basaltic Andesite,Subduction zone / Continental crust (>25 km)
261285,Pesawaran-Ratai,Indonesia,Sunda-Banda Volcanic Regions,Sunda Volcanic Arc,Composite,Stratovolcano,,,-5.505,105.093,1575,,
261800,Pulau Weh,Indonesia,Sunda-Banda Volcanic Regions,Sunda Volcanic Arc,Composite,Stratovolcano,,,5.82,95.28,617,,Subduction zone / Continental crust (>25 km)
261801,Olim,Indonesia,Sunda-Banda Volcanic Regions,Sunda Volcanic Arc,Cluster,Fissure vent(s),,,5.2,96.18,0,,Subduction zone / Continental crust (>25 km)
261802,Teu Minas,Indonesia,Sunda-Banda Volcanic Regions,Sunda Volcanic Arc,Composite,Stratovolcano,,,5.17,96.43,0,,Subduction zone / Continental crust (>25 km)
261803,Geureugoh,Indonesia,Sunda-Banda Volcanic Regions,Sunda Volcanic Arc,Cluster,Fissure vent(s),,,5.15,96.67,0,,Subduction zone / Continental crust (>25 km)
261805,"Tudeuk, Gunung",Indonesia,Sunda-Banda Volcanic Regions,Sunda Volcanic Arc,Minor,Lava dome,,,5,96.57,0,,Subduction zone / Continental crust (>25 km)
261806,Nama Salah,Indonesia,Sunda-Banda Volcanic Regions,Sunda Volcanic Arc,Unknown,Unknown,,,4.65,96.78,0,,Subduction zone / Continental crust (>25 km)
261807,"Telago, Gunung",Indonesia,Sunda-Banda Volcanic Regions,Sunda Volcanic Arc,Unknown,Unknown,,,4.47,96.82,1930,,Subduction zone / Continental crust (>25 km)
261808,"Sembuang, Gunung",Indonesia,Sunda-Banda Volcanic Regions,Sunda Volcanic Arc,Minor,Explosion crater,,,4.62,97.42,0,,Subduction zone / Continental crust (>25 km)
261809,Geureudong,Indonesia,Sunda-Banda Volcanic Regions,Sunda Volcanic Arc,Composite,Stratovolcano,,,4.813,96.82,2885,,Subduction zone / Continental crust (>25 km)
261810,Kembar,Indonesia,Sunda-Banda Volcanic Regions,Sunda Volcanic Arc,Shield,Shield,,,3.85,97.664,2245,,Subduction zone / Continental crust (>25 km)
261811,Bekulap,Indonesia,Sunda-Banda Volcanic Regions,Sunda Volcanic Arc,Minor,Lava dome(s) ?,,,3.288,98.351,1782,,Subduction zone / Continental crust (>25 km)
261812,Takur-Takur,Indonesia,Sunda-Banda Volcanic Regions,Sunda Volcanic Arc,Unknown,Unknown,,,3.222,98.627,1499,,Subduction zone / Continental crust (>25 km)
261813,"Tenaroh, Bukit",Indonesia,Sunda-Banda Volcanic Regions,Sunda Volcanic Arc,Unknown,Unknown,,,3.12,98.63,0,,Subduction zone / Continental crust (>25 km)
261814,Simbolon,Indonesia,Sunda-Banda Volcanic Regions,Sunda Volcanic Arc,Composite,Stratovolcano,,,3.02,98.9,1509,,Subduction zone / Continental crust (>25 km)
261816,Martimbang,Indonesia,Sunda-Banda Volcanic Regions,Sunda Volcanic Arc,Composite,Stratovolcano,,,1.96,98.968,1669,,Subduction zone / Continental crust (>25 km)
261817,Maninjau,Indonesia,Sunda-Banda Volcanic Regions,Sunda Volcanic Arc,Caldera,Caldera,,,-0.35,100.2,1724,,Subduction zone / Crustal thickness unknown
261818,"Telor, Bukit",Indonesia,Sunda-Banda Volcanic Regions,Sunda Volcanic Arc,Minor,Pyroclastic cone,,,-1.245,103.523,38,,Subduction zone / Continental crust (>25 km)
261819,Masurai,Indonesia,Sunda-Banda Volcanic Regions,Sunda Volcanic Arc,Composite,Stratovolcano,,,-2.503,101.858,2916,,Subduction zone / Continental crust (>25 km)
261820,Raja,Indonesia,Sunda-Banda Volcanic Regions,Sunda Volcanic Arc,Unknown,Unknown,,,-4.83,104.08,1643,,Subduction zone / Continental crust (>25 km)
261821,Pesagi,Indonesia,Sunda-Banda Volcanic Regions,Sunda Volcanic Arc,Unknown,Unknown,,,-4.9233,104.1462,2201,,Unknown
261822,Sukadana Basalts,Indonesia,Sunda-Banda Volcanic Regions,Sunda Volcanic Arc,Cluster,Fissure vent,,,-5.25,105.65,300,,Subduction zone / Continental crust (>25 km)
261823,"Simacak, Uruk",Indonesia,Sunda-Banda Volcanic Regions,Sunda Volcanic Arc,Composite,Stratovolcano,,,3.237,98.433,1908,,
261824,Barus,Indonesia,Sunda-Banda Volcanic Regions,Sunda Volcanic Arc,Composite,Stratovolcano,,,3.204,98.564,1969,,
261858,Seulawah Inong,Indonesia,Sunda-Banda Volcanic Regions,Sunda Volcanic Arc,Unknown,Unknown,,,5.43,95.77,730,,Unknown
261859,Melintang,Indonesia,Sunda-Banda Volcanic Regions,Sunda Volcanic Arc,Composite,Stratovolcano,,,-0.32,100.67,2262,,Subduction zone / Continental crust (>25 km)
261861,Tujuh,Indonesia,Sunda-Banda Volcanic Regions,Sunda Volcanic Arc,Composite,Stratovolcano,,,-1.7,101.42,2732,,Subduction zone / Continental crust (>25 km)
261862,Runcing,Indonesia,Sunda-Banda Volcanic Regions,Sunda Volcanic Arc,Unknown,Unknown,,,-1.755,101.627,1789,,Subduction zone / Continental crust (>25 km)
261863,Isau-Isau,Indonesia,Sunda-Banda Volcanic Regions,Sunda Volcanic Arc,Unknown,Unknown,,,-3.967,103.643,1422,,Subduction zone / Continental crust (>25 km)
261864,"Nanti, Bukit",Indonesia,Sunda-Banda Volcanic Regions,Sunda Volcanic Arc,Unknown,Unknown,,,-4.2,103.85,1619,,Unknown
261865,Tanggamus,Indonesia,Sunda-Banda Volcanic Regions,Sunda Volcanic Arc,Composite,Stratovolcano,,,-5.427,104.675,2079,,Unknown
263080,Wayang-Windu,Indonesia,Sunda-Banda Volcanic Regions,Sunda Volcanic Arc,Minor,Lava dome,,,-7.213,107.637,2184,Andesite / Basaltic Andesite,Subduction zone / Continental crust (>25 km)
263081,Malabar,Indonesia,Sunda-Banda Volcanic Regions,Sunda Volcanic Arc,Composite,Stratovolcano,,,-7.132,107.639,2307,Andesite / Basaltic Andesite,Subduction zone / Continental crust (>25 km)
263160,"Putri, Gunung",Indonesia,Sunda-Banda Volcanic Regions,Sunda Volcanic Arc,Minor,Lava dome,,,-7.269,107.973,1796,Andesite / Basaltic Andesite,Subduction zone / Continental crust (>25 km)
263251,Muria,Indonesia,Sunda-Banda Volcanic Regions,Sunda Volcanic Arc,Composite,Stratovolcano,,,-6.62,110.88,1625,Trachybasalt / Tephrite Basanite,Subduction zone / Continental crust (>25 km)
263292,Malang Plain,Indonesia,Sunda-Banda Volcanic Regions,Sunda Volcanic Arc,Cluster,Maar(s),,,-8.067,112.733,662,No Data (checked),Subduction zone / Continental crust (>25 km)
263321,Lurus,Indonesia,Sunda-Banda Volcanic Regions,Sunda Volcanic Arc,Composite,Complex,,,-7.739,113.58,507,Andesite / Basaltic Andesite,Subduction zone / Continental crust (>25 km)
263800,Endut,Indonesia,Sunda-Banda Volcanic Regions,Sunda Volcanic Arc,Composite,Stratovolcano,,,-6.62,106.37,1297,,Subduction zone / Continental crust (>25 km)
263801,Halimun,Indonesia,Sunda-Banda Volcanic Regions,Sunda Volcanic Arc,Composite,Stratovolcano,,,-6.72,106.45,1929,,Unknown
263802,Halimun-Talaga,Indonesia,Sunda-Banda Volcanic Regions,Sunda Volcanic Arc,Composite,Stratovolcano,,,-6.846,106.563,1741,,Unknown
263803,Kancana,Indonesia,Sunda-Banda Volcanic Regions,Sunda Volcanic Arc,Composite,Stratovolcano,,,-6.897,107.041,1213,,Unknown
263804,Tilu,Indonesia,Sunda-Banda Volcanic Regions,Sunda Volcanic Arc,Composite,Stratovolcano,,,-7.156,107.529,2042,,Unknown
263806,Cakrabuana,Indonesia,Sunda-Banda Volcanic Regions,Sunda Volcanic Arc,Composite,Stratovolcano,,,-7.03,108.13,1721,,Subduction zone / Continental crust (>25 km)
263807,Lasem,Indonesia,Sunda-Banda Volcanic Regions,Sunda Volcanic Arc,Composite,Stratovolcano,,,-6.68,111.52,806,,Unknown
263808,Ringgit,Indonesia,Sunda-Banda Volcanic Regions,Sunda Volcanic Arc,Composite,Stratovolcano,,,-7.72,113.85,1250,,Unknown
263809,Kaledong,Indonesia,Sunda-Banda Volcanic Regions,Sunda Volcanic Arc,Minor,Lava dome,,,-7.053,107.908,1235,,Unknown
263810,Gede,Indonesia,Sunda-Banda Volcanic Regions,Sunda Volcanic Arc,Unknown,Unknown,,,-5.93,106.07,595,,Unknown
263811,Cibugis,Indonesia,Sunda-Banda Volcanic Regions,Sunda Volcanic Arc,Composite,Stratovolcano,,,-6.5,106.57,613,,Unknown
263812,Kendeng,Indonesia,Sunda-Banda Volcanic Regions,Sunda Volcanic Arc,Composite,Stratovolcano,,,-6.768,106.526,1732,,Subduction zone / Continental crust (>25 km)
263813,Sanggabuana,Indonesia,Sunda-Banda Volcanic Regions,Sunda Volcanic Arc,Composite,Stratovolcano,,,-6.58,107.22,1291,,Unknown
263814,Kancana,Indonesia,Sunda-Banda Volcanic Regions,Sunda Volcanic Arc,Composite,Stratovolcano,,,-7.32,107.63,2182,,Unknown
263815,Mandalagiri,Indonesia,Sunda-Banda Volcanic Regions,Sunda Volcanic Arc,Composite,Stratovolcano,,,-7.4,107.78,1831,,Unknown
263816,Cikuray,Indonesia,Sunda-Banda Volcanic Regions,Sunda Volcanic Arc,Composite,Stratovolcano,,,-7.322,107.86,2784,,Unknown
263817,Mandalawangi,Indonesia,Sunda-Banda Volcanic Regions,Sunda Volcanic Arc,Composite,Stratovolcano,,,-7.058,107.864,1631,,Unknown
263818,Canlancang,Indonesia,Sunda-Banda Volcanic Regions,Sunda Volcanic Arc,Unknown,Unknown,,,-6.958,107.95,1651,,Unknown
263819,Sedakeling,Indonesia,Sunda-Banda Volcanic Regions,Sunda Volcanic Arc,Composite,Stratovolcano,,,-7.12,108.03,1676,,Unknown
263820,Sawal,Indonesia,Sunda-Banda Volcanic Regions,Sunda Volcanic Arc,Composite,Stratovolcano,,,-7.18,108.27,1764,,Unknown
263821,Selokaki,Indonesia,Sunda-Banda Volcanic Regions,Sunda Volcanic Arc,Composite,Stratovolcano,,,-7.83,112.35,1083,,Unknown
263822,Argowayang,Indonesia,Sunda-Banda Volcanic Regions,Sunda Volcanic Arc,Composite,Stratovolcano,,,-7.77,112.43,2198,,Unknown
263823,Haruman,Indonesia,Sunda-Banda Volcanic Regions,Sunda Volcanic Arc,Minor,Lava dome,,,-7.074,107.943,1195,,Unknown
264070,Poco Leok,Indonesia,Sunda-Banda Volcanic Regions,Sunda Volcanic Arc,Composite,Stratovolcano,,,-8.68,120.48,1675,Andesite / Basaltic Andesite,Subduction zone / Crustal thickness unknown
264170,Ilimuda,Indonesia,Sunda-Banda Volcanic Regions,Sunda Volcanic Arc,Composite,Stratovolcano,,,-8.479,122.761,881,Andesite / Basaltic Andesite,Subduction zone / Crustal thickness unknown
264830,Merbuk,Indonesia,Sunda-Banda Volcanic Regions,Sunda Volcanic Arc,Unknown,Unknown,,,-8.226,114.653,1359,,Subduction zone / Continental crust (>25 km)
264831,Patas,Indonesia,Sunda-Banda Volcanic Regions,Sunda Volcanic Arc,Unknown,Unknown,,,-8.261,114.817,1390,,Subduction zone / Continental crust (>25 km)
264833,Seraja,Indonesia,Sunda-Banda Volcanic Regions,Sunda Volcanic Arc,Unknown,Unknown,,,-8.377,115.654,1142,,Subduction zone / Continental crust (>25 km)
264834,Punikan,Indonesia,Sunda-Banda Volcanic Regions,Sunda Volcanic Arc,Unknown,Unknown,,,-8.47,116.13,1490,,Unknown
264836,"Lambuwu, Doro",Indonesia,Sunda-Banda Volcanic Regions,Sunda Volcanic Arc,Composite,Stratovolcano,,,-8.362,118.497,1602,,Subduction zone / Continental crust (>25 km)
264837,"Maria, Doro",Indonesia,Sunda-Banda Volcanic Regions,Sunda Volcanic Arc,Unknown,Unknown,,,-8.483,118.924,1423,,Subduction zone / Continental crust (>25 km)
264838,"Saboke, Doro",Indonesia,Sunda-Banda Volcanic Regions,Sunda Volcanic Arc,Unknown,Unknown,,,-8.68,119.12,1000,,Subduction zone / Continental crust (>25 km)
264839,Gilibanta,Indonesia,Sunda-Banda Volcanic Regions,Sunda Volcanic Arc,Composite,Stratovolcano?,,,-8.42,119.32,363,,Subduction zone / Continental crust (>25 km)
264840,"Otota, Doro",Indonesia,Sunda-Banda Volcanic Regions,Sunda Volcanic Arc,Unknown,Unknown,,,-8.72,119.42,518,,Subduction zone / Continental crust (>25 km)
264841,"Ora, Doro",Indonesia,Sunda-Banda Volcanic Regions,Sunda Volcanic Arc,Unknown,Unknown,,,-8.75,119.67,668,,Subduction zone / Continental crust (>25 km)
264842,Beliling,Indonesia,Sunda-Banda Volcanic Regions,Sunda Volcanic Arc,Unknown,Unknown,,,-8.62,119.97,1153,,Subduction zone / Continental crust (>25 km)
264843,Sangenges,Indonesia,Sunda-Banda Volcanic Regions,Sunda Volcanic Arc,Composite,Stratovolcano,,,-8.58,117.122,1824,,
264845,Tarowa,Indonesia,Sunda-Banda Volcanic Regions,Sunda Volcanic Arc,Caldera,Caldera,,,-8.704,118.161,755,,
265030,Utara Wetar,Indonesia,Sunda-Banda Volcanic Regions,Inner Banda Volcanic Arc,Composite,Stratovolcano,,,-6.635,126.66,239,Andesite / Basaltic Andesite,Subduction zone / Oceanic crust (< 15 km)
266070,Tondano Caldera,Indonesia,Western Pacific Volcanic Regions,Sangihe Volcanic Arc,Caldera,Caldera,,,1.23,124.83,1202,Andesite / Basaltic Andesite,Subduction zone / Continental crust (>25 km)
267060,Lipang,Indonesia,Western Pacific Volcanic Regions,Sangihe Volcanic Arc,Composite,Stratovolcano,,,3.911,125.39,126,,Subduction zone / Oceanic crust (< 15 km)
267065,Napo Taroare,Indonesia,Western Pacific Volcanic Regions,Sangihe Volcanic Arc,Composite,Stratovolcano,,,4.048,125.345,0,,Subduction zone / Oceanic crust (< 15 km)
267070,Kawalusu,Indonesia,Western Pacific Volcanic Regions,Sangihe Volcanic Arc,Composite,Stratovolcano,,,4.232,125.329,239,,Subduction zone / Oceanic crust (< 15 km)
267075,North Kawio,Indonesia,Western Pacific Volcanic Regions,Sangihe Volcanic Arc,Composite,Complex,,,4.684,125.468,109,,Subduction zone / Oceanic crust (< 15 km)
267090,Kawio Barat,Indonesia,Western Pacific Volcanic Regions,Sangihe Volcanic Arc,Composite,Stratovolcano,,,4.675,125.088,-1874,,Subduction zone / Oceanic crust (< 15 km)
268064,Telaga,Indonesia,Western Pacific Volcanic Regions,Halmahera Volcanic Arc,Caldera,Caldera,,,0.7225,127.427,712,,Subduction zone / Oceanic crust (< 15 km)
268800,Hamiding,Indonesia,Western Pacific Volcanic Regions,Halmahera Volcanic Arc,Composite,Unknown,,,1.62,127.82,1204,,Subduction zone / Oceanic crust (< 15 km)
269010,Tawau Hills,Malaysia,Western Pacific Volcanic Regions,Negros-Sulu Volcanic Arc,Cluster,Pyroclastic cone,,,4.383,117.95,1077,Basalt / Picro-Basalt,Subduction zone / Continental crust (>25 km)
269814,Mostyn,Malaysia,Western Pacific Volcanic Regions,Negros-Sulu Volcanic Arc,Cluster,Fissure vent(s) ?,,,4.6,118.18,0,,Intraplate / Continental crust (>25 km)
270010,Jolo,Philippines,Western Pacific Volcanic Regions,Negros-Sulu Volcanic Arc,Cluster,Pyroclastic cone(s),,,6,121.125,811,Basalt / Picro-Basalt,Subduction zone / Crustal thickness unknown
271050,Latukan,Philippines,Western Pacific Volcanic Regions,Cotabato Volcanic Arc,Composite,Stratovolcano,,,7.654,124.438,2280,Basalt / Picro-Basalt,Subduction zone / Continental crust (>25 km)
271072,Balatukan,Philippines,Western Pacific Volcanic Regions,Cotabato Volcanic Arc,Composite,Compound,,,8.77,124.98,2450,Basalt / Picro-Basalt,Subduction zone / Continental crust (>25 km)
271090,Paco-Maniayao,Philippines,Western Pacific Volcanic Regions,Eastern Philippine Volcanic Arc,Composite,Stratovolcano,,,9.593,125.52,664,Andesite / Basaltic Andesite,Subduction zone / Continental crust (>25 km)
271800,Blit,Philippines,Western Pacific Volcanic Regions,Cotabato Volcanic Arc,Unknown,Unknown,,,6.958,124.23,1198,,Subduction zone / Continental crust (>25 km)
271801,Quezon,Philippines,Western Pacific Volcanic Regions,Cotabato Volcanic Arc,Minor,Lava dome(s),,,6.58,124.62,652,,Subduction zone / Continental crust (>25 km)
271802,Kitabud,Philippines,Western Pacific Volcanic Regions,Cotabato Volcanic Arc,Unknown,Unknown,,,7.285,124.662,1167,,Subduction zone / Continental crust (>25 km)
271803,Imbing,Philippines,Western Pacific Volcanic Regions,Negros-Sulu Volcanic Arc,Composite,Stratovolcano(es),,,7.68,123.23,700,,Subduction zone / Continental crust (>25 km)
271804,Kaladis,Philippines,Western Pacific Volcanic Regions,Negros-Sulu Volcanic Arc,Composite,Stratovolcano,,,7.58,122.97,0,,Subduction zone / Continental crust (>25 km)
271805,Ampiro,Philippines,Western Pacific Volcanic Regions,Negros-Sulu Volcanic Arc,Composite,Stratovolcano?,,,8.388,123.63,1532,,Subduction zone / Continental crust (>25 km)
272010,Cuernos de Negros,Philippines,Western Pacific Volcanic Regions,Negros-Sulu Volcanic Arc,Composite,Complex,,,9.25,123.17,1862,Andesite / Basaltic Andesite,Subduction zone / Continental crust (>25 km)
272030,Mandalagan,Philippines,Western Pacific Volcanic Regions,Negros-Sulu Volcanic Arc,Composite,Complex,,,10.65,123.25,1885,Andesite / Basaltic Andesite,Subduction zone / Continental crust (>25 km)
272040,Silay,Philippines,Western Pacific Volcanic Regions,Negros-Sulu Volcanic Arc,Composite,Stratovolcano,,,10.7701,123.233,1510,Andesite / Basaltic Andesite,Subduction zone / Continental crust (>25 km)
272070,Mahagnao,Philippines,Western Pacific Volcanic Regions,Eastern Philippine Volcanic Arc,Composite,Stratovolcano,,,10.8805,124.8651,834,Andesite / Basaltic Andesite,Subduction zone / Continental crust (>25 km)
272800,Nelangaapan,Philippines,Western Pacific Volcanic Regions,Eastern Philippine Volcanic Arc,Unknown,Unknown,,,9.932,125.27,687,,Subduction zone / Continental crust (>25 km)
272801,Ilihan,Philippines,Western Pacific Volcanic Regions,Eastern Philippine Volcanic Arc,Unknown,Unknown,,,10.483,125.122,903,,Subduction zone / Continental crust (>25 km)
272802,Alto,Philippines,Western Pacific Volcanic Regions,Eastern Philippine Volcanic Arc,Composite,Compound,,,11.108,124.75,1350,,Subduction zone / Continental crust (>25 km)
272803,Cancajanag,Philippines,Western Pacific Volcanic Regions,Eastern Philippine Volcanic Arc,Minor,Lava dome(s),,,11.07,124.78,900,,Subduction zone / Continental crust (>25 km)
272804,Maripipi,Philippines,Western Pacific Volcanic Regions,Eastern Philippine Volcanic Arc,Unknown,Unknown,,,11.8,124.33,924,,Subduction zone / Continental crust (>25 km)
272805,Hingatungan,Philippines,Western Pacific Volcanic Regions,Eastern Philippine Volcanic Arc,Composite,Stratovolcano,,,10.594,125.101,796,,Subduction zone / Continental crust (>25 km)
272806,Lobi,Philippines,Western Pacific Volcanic Regions,Eastern Philippine Volcanic Arc,Composite,Stratovolcano,,,11.013,124.812,1302,,Subduction zone / Continental crust (>25 km)
272807,Pacdahauan,Philippines,Western Pacific Volcanic Regions,Eastern Philippine Volcanic Arc,Unknown,Unknown,,,11.404,124.509,628,,Subduction zone / Continental crust (>25 km)
273081,Mariveles,Philippines,Western Pacific Volcanic Regions,Taiwan-Luzon Volcanic Arc,Composite,Stratovolcano,,,14.527,120.482,1388,Andesite / Basaltic Andesite,Subduction zone / Continental crust (>25 km)
273082,Natib,Philippines,Western Pacific Volcanic Regions,Taiwan-Luzon Volcanic Arc,Composite,Stratovolcano,,,14.72,120.4,1253,Andesite / Basaltic Andesite,Subduction zone / Continental crust (>25 km)
273084,Arayat,Philippines,Western Pacific Volcanic Regions,Taiwan-Luzon Volcanic Arc,Composite,Stratovolcano,,,15.2,120.742,1026,Basalt / Picro-Basalt,Subduction zone / Continental crust (>25 km)
273085,Amorong Group,Philippines,Western Pacific Volcanic Regions,Taiwan-Luzon Volcanic Arc,Cluster,Volcanic field,,,15.825,120.742,369,Trachyandesite / Basaltic Trachyandesite,Subduction zone / Continental crust (>25 km)
273086,Santo Tomas,Philippines,Western Pacific Volcanic Regions,Taiwan-Luzon Volcanic Arc,Composite,Stratovolcano,,,16.33,120.55,2260,Andesite / Basaltic Andesite,Subduction zone / Continental crust (>25 km)
273800,Gate Mountains,Philippines,Western Pacific Volcanic Regions,Eastern Philippine Volcanic Arc,Unknown,Unknown,,,12.6,123.997,559,,Subduction zone / Continental crust (>25 km)
273801,Malinao,Philippines,Western Pacific Volcanic Regions,Eastern Philippine Volcanic Arc,Composite,Stratovolcano,,,13.416,123.608,1548,,Subduction zone / Continental crust (>25 km)
273802,Sangay,Philippines,Western Pacific Volcanic Regions,Eastern Philippine Volcanic Arc,Unknown,Unknown,,,13.52,123.53,0,,Subduction zone / Continental crust (>25 km)
273803,Cone-Culasi,Philippines,Western Pacific Volcanic Regions,Eastern Philippine Volcanic Arc,Cluster,Volcanic field,,,13.92,123.02,959,,Subduction zone / Continental crust (>25 km)
273804,Labo,Philippines,Western Pacific Volcanic Regions,Eastern Philippine Volcanic Arc,Composite,Compound,,,14.02,122.792,1544,,Subduction zone / Continental crust (>25 km)
273805,Dagit-Dagitan,Philippines,Western Pacific Volcanic Regions,Taiwan-Luzon Volcanic Arc,Composite,Stratovolcano,,,13.53,121.078,364,,Subduction zone / Continental crust (>25 km)
273806,Panay,Philippines,Western Pacific Volcanic Regions,Taiwan-Luzon Volcanic Arc,Composite,Stratovolcano,,,13.723,120.893,501,,Subduction zone / Continental crust (>25 km)
273807,Malepunyo,Philippines,Western Pacific Volcanic Regions,Taiwan-Luzon Volcanic Arc,Composite,Stratovolcano,,,14.95,121.23,963,,Subduction zone / Continental crust (>25 km)
273808,Anilao Hill,Philippines,Western Pacific Volcanic Regions,Taiwan-Luzon Volcanic Arc,Minor,Pyroclastic cone,,,13.9,121.18,358,,Subduction zone / Continental crust (>25 km)
273809,Cariliao,Philippines,Western Pacific Volcanic Regions,Taiwan-Luzon Volcanic Arc,Composite,Stratovolcano,,,14.13,120.75,656,,Subduction zone / Continental crust (>25 km)
273810,Corregidor,Philippines,Western Pacific Volcanic Regions,Taiwan-Luzon Volcanic Arc,Caldera,Caldera,,,14.4,120.58,173,,Subduction zone / Continental crust (>25 km)
274035,Balintang,Philippines,Western Pacific Volcanic Regions,Taiwan-Luzon Volcanic Arc,Composite,Stratovolcano,,,19.9574,122.1442,115,,Subduction zone / Crustal thickness unknown
274070,Diogo,Philippines,Western Pacific Volcanic Regions,Taiwan-Luzon Volcanic Arc,Composite,Compound,,,20.7085,121.9297,260,,Subduction zone / Crustal thickness unknown
274075,Mabudis-Siayan,Philippines,Western Pacific Volcanic Regions,Taiwan-Luzon Volcanic Arc,Composite,Compound,,,20.9174,121.9107,199,,Subduction zone / Crustal thickness unknown
274080,Y'Ami-North,Philippines,Western Pacific Volcanic Regions,Taiwan-Luzon Volcanic Arc,Composite,Compound,,,21.0868,121.942,213,,Subduction zone / Crustal thickness unknown
274085,Hsiaolanyu,Taiwan,Western Pacific Volcanic Regions,Taiwan-Luzon Volcanic Arc,Composite,Compound,,,21.9529,121.6123,148,,Subduction zone / Crustal thickness unknown
274090,Lutao,Taiwan,Western Pacific Volcanic Regions,Taiwan-Luzon Volcanic Arc,Composite,Compound,,,22.658,121.4927,268,,Subduction zone / Crustal thickness unknown
274800,Matarem,Philippines,Western Pacific Volcanic Regions,Taiwan-Luzon Volcanic Arc,Composite,Compound,,,20.38,121.93,459,,Subduction zone / Crustal thickness unknown
275010,Leizhou Bandao,China,Eastern Asia Volcanic Regions,Southeast Asia Volcanic Province,Cluster,Volcanic field,,,20.78,110.17,259,Basalt / Picro-Basalt,Intraplate / Continental crust (>25 km)
275030,Toroeng Prong,Vietnam,Eastern Asia Volcanic Regions,Southeast Asia Volcanic Province,Unknown,Pyroclastic cone,,,14.733,108.483,800,Basalt / Picro-Basalt,Intraplate / Continental crust (>25 km)
275040,Haut Dong Nai,Vietnam,Eastern Asia Volcanic Regions,Southeast Asia Volcanic Province,Cluster,Volcanic field,,,11.617,108.017,1000,Basalt / Picro-Basalt,Intraplate / Continental crust (>25 km)
275050,Bas Dong Nai,Vietnam,Eastern Asia Volcanic Regions,Southeast Asia Volcanic Province,Cluster,Volcanic field,,,10.833,107.283,392,Basalt / Picro-Basalt,Intraplate / Continental crust (>25 km)
275090,Lower Chindwin,Burma (Myanmar),Eastern Asia Volcanic Regions,Southeast Asia Volcanic Province,Cluster,Volcanic field,,,22.28,95.1,385,Basalt / Picro-Basalt,Intraplate / Continental crust (>25 km)
275100,Singu Plateau,Burma (Myanmar),Eastern Asia Volcanic Regions,Southeast Asia Volcanic Province,Cluster,Fissure vent(s),,,22.7,95.98,507,Trachyandesite / Basaltic Trachyandesite,Intraplate / Continental crust (>25 km)
275800,Weizhoudao,China,Eastern Asia Volcanic Regions,Southeast Asia Volcanic Province,Shield,Shield,,,21.05,109.13,0,,Intraplate / Continental crust (>25 km)
275801,Unnamed,Vietnam,Eastern Asia Volcanic Regions,Southeast Asia Volcanic Province,Cluster,Volcanic field,,,19.45,105.53,0,,Unknown
275803,Vinkh-Linkh,Vietnam,Eastern Asia Volcanic Regions,Southeast Asia Volcanic Province,Minor,Cone,,,17.08,107.05,0,,Unknown
275804,Ban Chay Plateau,Cambodia-Vietnam,Eastern Asia Volcanic Regions,Southeast Asia Volcanic Province,Cluster,Volcanic field,,,13.883,107.4,0,,Intraplate / Continental crust (>25 km)
275805,Pleiku-Bantour Volcanic Field,Vietnam,Eastern Asia Volcanic Regions,Southeast Asia Volcanic Province,Cluster,Cone(s),,,13.85,108.1,1028,,Intraplate / Continental crust (>25 km)
275806,Darlac Volcanic Field,Vietnam,Eastern Asia Volcanic Regions,Southeast Asia Volcanic Province,Cluster,Cone(s),,,12.88,108.2,0,,Intraplate / Continental crust (>25 km)
275807,Bas Song Be,Vietnam,Eastern Asia Volcanic Regions,Southeast Asia Volcanic Province,Cluster,Volcanic field,,,11.67,106.67,0,,Intraplate / Continental crust (>25 km)
275808,Pailin,Cambodia,Eastern Asia Volcanic Regions,Southeast Asia Volcanic Province,Unknown,Unknown,,,12.9,102.6,0,,Intraplate / Continental crust (>25 km)
275809,Cham,Cambodia,Eastern Asia Volcanic Regions,Southeast Asia Volcanic Province,Unknown,Unknown,,,12.1,105.6,0,,Intraplate / Continental crust (>25 km)
275810,Chup,Cambodia,Eastern Asia Volcanic Regions,Southeast Asia Volcanic Province,Unknown,Unknown,,,11.9,105.82,0,,Intraplate / Continental crust (>25 km)
275811,Snoul,Cambodia,Eastern Asia Volcanic Regions,Southeast Asia Volcanic Province,Unknown,Unknown,,,12.1,106.4,0,,Intraplate / Continental crust (>25 km)
275812,Haut Song Be,Cambodia,Eastern Asia Volcanic Regions,Southeast Asia Volcanic Province,Cluster,Volcanic field,,,12.05,107.25,0,,Intraplate / Continental crust (>25 km)
275813,Bolaven Plateau,Laos,Eastern Asia Volcanic Regions,Southeast Asia Volcanic Province,Cluster,Fissure vent(s),,,15.142,106.45,1350,,Intraplate / Continental crust (>25 km)
275814,Buriram,Thailand,Eastern Asia Volcanic Regions,Southeast Asia Volcanic Province,Unknown,Unknown,,,15,103,0,,Intraplate / Continental crust (>25 km)
275815,Chanthaburi,Thailand,Eastern Asia Volcanic Regions,Southeast Asia Volcanic Province,Unknown,Unknown,,,12.5,102.2,0,,Intraplate / Continental crust (>25 km)
275816,Lampang,Thailand,Eastern Asia Volcanic Regions,Southeast Asia Volcanic Province,Unknown,Unknown,,,18.3,99.6,0,,Intraplate / Continental crust (>25 km)
275817,Ban Chiang Khian,Thailand,Eastern Asia Volcanic Regions,Southeast Asia Volcanic Province,Unknown,Unknown,,,19.8,100,0,,Intraplate / Continental crust (>25 km)
275818,Ban Hui Sai,Thailand,Eastern Asia Volcanic Regions,Southeast Asia Volcanic Province,Unknown,Unknown,,,20.3,100.3,0,,Intraplate / Continental crust (>25 km)
275819,Kuantan Basalt,Malaysia,Eastern Asia Volcanic Regions,Southeast Asia Volcanic Province,Minor,Cone,,,3.886,103.365,10,,Unknown
275820,Medaw Island,Burma (Myanmar),Eastern Asia Volcanic Regions,Southeast Asia Volcanic Province,Cluster,Fissure vent(s),,,11.72,98.67,115,,Intraplate / Continental crust (>25 km)
275821,Thaton,Burma (Myanmar),Eastern Asia Volcanic Regions,Southeast Asia Volcanic Province,Cluster,Fissure vent(s),,,17.42,96.95,30,,Subduction zone / Continental crust (>25 km)
275823,Namyong,Burma (Myanmar),Eastern Asia Volcanic Regions,Southeast Asia Volcanic Province,Cluster,Fissure vent(s),,,25.68,96.43,508,,Subduction zone / Continental crust (>25 km)
275834,Gaojianshi,China,Eastern Asia Volcanic Regions,Southeast Asia Volcanic Province,Unknown,Unknown,,,17,112.5,0,,Intraplate / Oceanic crust (< 15 km)
275835,Bokeo Volcanic Plateau,Cambodia,Eastern Asia Volcanic Regions,Southeast Asia Volcanic Province,Cluster,Volcanic field,,,13.75,107.092,500,,Intraplate / Continental crust (>25 km)
281801,Tsaolingshan,Taiwan,Western Pacific Volcanic Regions,Ryukyu Volcanic Arc,Shield,Shield,,,24.83,121.28,347,,Subduction zone / Continental crust (>25 km)
281802,Chilung Group,Taiwan,Western Pacific Volcanic Regions,Ryukyu Volcanic Arc,Minor,Lava dome(s),,,25.08,121.85,729,,Subduction zone / Continental crust (>25 km)
281803,Huapinghsu,Taiwan,Western Pacific Volcanic Regions,Ryukyu Volcanic Arc,Composite,Stratovolcano,,,25.424,121.946,51,,Subduction zone / Continental crust (>25 km)
281804,Mienhuayu,Taiwan,Western Pacific Volcanic Regions,Ryukyu Volcanic Arc,Composite,Stratovolcano,,,25.484,122.106,29,,Subduction zone / Continental crust (>25 km)
281805,Pengchiahsu,Taiwan,Western Pacific Volcanic Regions,Ryukyu Volcanic Arc,Composite,Stratovolcano,,,25.63,122.08,120,,Subduction zone / Continental crust (>25 km)
282041,Kogajajima,Japan,Western Pacific Volcanic Regions,Ryukyu Volcanic Arc,Minor,Lava dome(s),,,29.879,129.625,301,Andesite / Basaltic Andesite,Subduction zone / Oceanic crust (< 15 km)
282800,Kobi-sho,Japan,Western Pacific Volcanic Regions,Ryukyu Volcanic Arc,Composite,Stratovolcano,,,25.919,123.682,117,,Subduction zone / Oceanic crust (< 15 km)
282801,Gajajima,Japan,Western Pacific Volcanic Regions,Ryukyu Volcanic Arc,Composite,Stratovolcano,,,29.904,129.541,452,,Subduction zone / Oceanic crust (< 15 km)
282802,Kuroshima,Japan,Western Pacific Volcanic Regions,Ryukyu Volcanic Arc,Composite,Stratovolcano,,,30.825,129.94,622,,Subduction zone / Continental crust (>25 km)
282804,Sendai,Japan,Western Pacific Volcanic Regions,Ryukyu Volcanic Arc,Minor,Pyroclastic cone,,,31.731,130.451,677,,Subduction zone / Continental crust (>25 km)
282805,Satsuma Maruyama,Japan,Western Pacific Volcanic Regions,Ryukyu Volcanic Arc,Minor,Lava dome,,,31.799,130.411,218,,Subduction zone / Continental crust (>25 km)
282806,Imuta,Japan,Western Pacific Volcanic Regions,Ryukyu Volcanic Arc,Minor,Lava dome(s),,,31.819,130.463,509,,Subduction zone / Continental crust (>25 km)
282807,Hokusatsu,Japan,Western Pacific Volcanic Regions,Ryukyu Volcanic Arc,Minor,Pyroclastic cone,,,31.872,130.608,703,,Subduction zone / Continental crust (>25 km)
282808,Kakuto,Japan,Western Pacific Volcanic Regions,Ryukyu Volcanic Arc,Caldera,Caldera,,,32.042,130.767,0,,Subduction zone / Continental crust (>25 km)
282809,Sone,Japan,Western Pacific Volcanic Regions,Nankai Volcanic Arc,Minor,Pyroclastic cone,,,33.053,129.083,143,,Subduction zone / Continental crust (>25 km)
282810,Ojikajima,Japan,Western Pacific Volcanic Regions,Nankai Volcanic Arc,Shield,Shield(s),,,33.199,129.051,95,,Subduction zone / Continental crust (>25 km)
282811,Taradake,Japan,Western Pacific Volcanic Regions,Nankai Volcanic Arc,Composite,Stratovolcano,,,32.984,130.079,1076,,Unknown
282812,Kinpo,Japan,Western Pacific Volcanic Regions,Nankai Volcanic Arc,Composite,Stratovolcano,,,32.811,130.641,665,,Unknown
282813,Yabakei,Japan,Western Pacific Volcanic Regions,Nankai Volcanic Arc,Caldera,Caldera,,,33.169,131.221,800,,Subduction zone / Continental crust (>25 km)
282814,Haneyama,Japan,Western Pacific Volcanic Regions,Nankai Volcanic Arc,Shield,Shield,,,33.228,131.133,1140,,Subduction zone / Continental crust (>25 km)
282815,Hohi,Japan,Western Pacific Volcanic Regions,Nankai Volcanic Arc,Composite,Stratovolcano(es),,,33.284,131.319,1236,,Subduction zone / Continental crust (>25 km)
282816,Futago,Japan,Western Pacific Volcanic Regions,Nankai Volcanic Arc,Minor,Lava dome(s),,,33.58,131.604,720,,Subduction zone / Continental crust (>25 km)
282817,Himeshima Volcanic Group,Japan,Western Pacific Volcanic Regions,Nankai Volcanic Arc,Minor,Lava dome(s),,,33.718,131.669,267,,Unknown
282818,Kurose,Japan,Western Pacific Volcanic Regions,Nankai Volcanic Arc,Unknown,Volcanic remnant,,,33.695,130.233,8,,Subduction zone / Continental crust (>25 km)
282819,Iki Volcanic Group,Japan,Western Pacific Volcanic Regions,Nankai Volcanic Arc,Cluster,Pyroclastic cone(s),,,33.738,129.712,213,,Subduction zone / Continental crust (>25 km)
282820,Tokara Hirase,Japan,Western Pacific Volcanic Regions,Ryukyu Volcanic Arc,Unknown,Unknown,,,30.036,130.058,27,,Subduction zone / Oceanic crust (< 15 km)
283003,Oki-Dogo,Japan,Western Pacific Volcanic Regions,Nankai Volcanic Arc,Unknown,Shield,,,36.176,133.334,151,Basalt / Picro-Basalt,Subduction zone / Continental crust (>25 km)
283800,Mutsurejima,Japan,Western Pacific Volcanic Regions,Nankai Volcanic Arc,Minor,Pyroclastic cone(s),,,33.974,130.866,104,,Subduction zone / Continental crust (>25 km)
283801,Shikuma,Japan,Western Pacific Volcanic Regions,Nankai Volcanic Arc,Minor,Lava dome(s),,,34.098,131.761,504,,Subduction zone / Continental crust (>25 km)
283802,Tokuyama-Mitake,Japan,Western Pacific Volcanic Regions,Nankai Volcanic Arc,Minor,Lava dome,,,34.189,131.844,790,,Subduction zone / Continental crust (>25 km)
283803,Sengoku,Japan,Western Pacific Volcanic Regions,Nankai Volcanic Arc,Minor,Lava dome(s),,,34.186,131.76,661,,Subduction zone / Continental crust (>25 km)
283804,Chojagahara,Japan,Western Pacific Volcanic Regions,Nankai Volcanic Arc,Minor,Pyroclastic cone,,,34.271,131.669,390,,Subduction zone / Continental crust (>25 km)
283805,Aonoyama,Japan,Western Pacific Volcanic Regions,Nankai Volcanic Arc,Minor,Lava dome(s),,,34.459,131.798,908,,Subduction zone / Continental crust (>25 km)
283806,Oetakayama,Japan,Western Pacific Volcanic Regions,Nankai Volcanic Arc,Minor,Lava dome(s),,,35.061,132.431,808,,Subduction zone / Continental crust (>25 km)
283807,Yokote,Japan,Western Pacific Volcanic Regions,Nankai Volcanic Arc,Minor,Pyroclastic cone(s),,,35.201,133.267,967,,Subduction zone / Continental crust (>25 km)
283808,Noro,Japan,Western Pacific Volcanic Regions,Nankai Volcanic Arc,Minor,Pyroclastic cone,,,35.41,133.182,180,,Subduction zone / Continental crust (>25 km)
283809,Daikonjima,Japan,Western Pacific Volcanic Regions,Nankai Volcanic Arc,Minor,Pyroclastic cone,,,35.493,133.174,42,,Subduction zone / Continental crust (>25 km)
283810,Tsuruta,Japan,Western Pacific Volcanic Regions,Nankai Volcanic Arc,Minor,Pyroclastic cone(s),,,35.338,133.422,301,,Subduction zone / Continental crust (>25 km)
283811,Daisen,Japan,Western Pacific Volcanic Regions,Nankai Volcanic Arc,Composite,Stratovolcano,,,35.368,133.549,1729,,Subduction zone / Continental crust (>25 km)
283812,Ogino-Sen,Japan,Western Pacific Volcanic Regions,Nankai Volcanic Arc,Minor,Pyroclastic cone(s),,,35.437,134.444,1310,,Subduction zone / Continental crust (>25 km)
283813,Takara,Japan,Western Pacific Volcanic Regions,Nankai Volcanic Arc,Shield,Shield,,,35.343,134.922,350,,Subduction zone / Continental crust (>25 km)
283814,Nanzaki,Japan,Northwest Pacific Volcanic Regions,Izu Volcanic Arc,Minor,Pyroclastic cone,,,34.604,138.832,106,,Subduction zone / Continental crust (>25 km)
283815,Jaishi,Japan,Northwest Pacific Volcanic Regions,Izu Volcanic Arc,Shield,Shield,,,34.71,138.786,520,,Subduction zone / Continental crust (>25 km)
283816,Tanaba,Japan,Northwest Pacific Volcanic Regions,Izu Volcanic Arc,Composite,Stratovolcano,,,34.907,138.852,1035,,Subduction zone / Continental crust (>25 km)
283817,Daruma,Japan,Northwest Pacific Volcanic Regions,Izu Volcanic Arc,Composite,Stratovolcano,,,34.952,138.843,982,,Subduction zone / Continental crust (>25 km)
283818,Tenshi,Japan,Northwest Pacific Volcanic Regions,Izu Volcanic Arc,Composite,Stratovolcano,,,34.924,138.968,608,,Subduction zone / Continental crust (>25 km)
283819,Usami,Japan,Northwest Pacific Volcanic Regions,Izu Volcanic Arc,Composite,Stratovolcano,,,34.968,139.063,592,,Subduction zone / Continental crust (>25 km)
283820,Taga,Japan,Northwest Pacific Volcanic Regions,Izu Volcanic Arc,Composite,Stratovolcano,,,35.078,139.031,798,,Subduction zone / Continental crust (>25 km)
283821,Yugawara,Japan,Northwest Pacific Volcanic Regions,Izu Volcanic Arc,Composite,Stratovolcano,,,35.173,139.029,1004,,Subduction zone / Continental crust (>25 km)
283822,Ashitaka,Japan,Northwest Pacific Volcanic Regions,Izu Volcanic Arc,Composite,Stratovolcano,,,35.238,138.794,1504,,Subduction zone / Continental crust (>25 km)
283823,Kurofuji,Japan,Northwest Pacific Volcanic Regions,Northeast Japan Volcanic Arc,Composite,Stratovolcano(es),,,35.8,138.513,1764,,Subduction zone / Continental crust (>25 km)
283824,Yatsugatake,Japan,Northwest Pacific Volcanic Regions,Northeast Japan Volcanic Arc,Composite,Stratovolcano(es),,,35.968,138.373,2899,,Subduction zone / Continental crust (>25 km)
283825,Kirigamine,Japan,Northwest Pacific Volcanic Regions,Northeast Japan Volcanic Arc,Shield,Shield,,,36.1,138.2,1925,,Subduction zone / Continental crust (>25 km)
283826,Utsukushigahara,Japan,Northwest Pacific Volcanic Regions,Northeast Japan Volcanic Arc,Shield,Shield,,,36.223,138.111,2034,,Subduction zone / Continental crust (>25 km)
283827,Ueno,Japan,Western Pacific Volcanic Regions,Nankai Volcanic Arc,Shield,Shield,,,35.59,137.505,606,,Subduction zone / Continental crust (>25 km)
283828,Yuga-mine,Japan,Western Pacific Volcanic Regions,Nankai Volcanic Arc,Minor,Lava dome,,,35.802,137.284,1067,,Subduction zone / Continental crust (>25 km)
283829,Eboshi-Washigatake,Japan,Western Pacific Volcanic Regions,Nankai Volcanic Arc,Composite,Stratovolcano,,,35.937,136.974,1672,,Subduction zone / Continental crust (>25 km)
283830,Bishamondake,Japan,Western Pacific Volcanic Regions,Nankai Volcanic Arc,Composite,Stratovolcano,,,35.936,136.795,1386,,Subduction zone / Continental crust (>25 km)
283831,Dainichigatake,Japan,Western Pacific Volcanic Regions,Nankai Volcanic Arc,Composite,Stratovolcano,,,35.998,136.841,1709,,Subduction zone / Continental crust (>25 km)
283832,Ryohaku Maruyama,Japan,Western Pacific Volcanic Regions,Nankai Volcanic Arc,Composite,Stratovolcano,,,36.046,136.8,1786,,Subduction zone / Continental crust (>25 km)
283833,Gankyoji,Japan,Western Pacific Volcanic Regions,Nankai Volcanic Arc,Composite,Stratovolcano,,,36.054,136.743,1691,,Subduction zone / Continental crust (>25 km)
283834,Kyogatake,Japan,Western Pacific Volcanic Regions,Nankai Volcanic Arc,Composite,Stratovolcano(es),,,36.043,136.625,1671,,Subduction zone / Continental crust (>25 km)
283835,Dainichiyama,Japan,Western Pacific Volcanic Regions,Nankai Volcanic Arc,Composite,Stratovolcano,,,36.15,136.5,1369,,Subduction zone / Continental crust (>25 km)
283836,Tomuro,Japan,Western Pacific Volcanic Regions,Nankai Volcanic Arc,Minor,Lava dome(s),,,36.528,136.75,548,,Subduction zone / Continental crust (>25 km)
283837,Kamitakara,Japan,Northwest Pacific Volcanic Regions,Northeast Japan Volcanic Arc,Unknown,Unknown,,,36.2,137.502,1831,,Subduction zone / Continental crust (>25 km)
283838,Hodakadake,Japan,Western Pacific Volcanic Regions,Nankai Volcanic Arc,Caldera,Caldera,,,36.286,137.651,3190,,Subduction zone / Continental crust (>25 km)
283839,Momisawadake,Japan,Western Pacific Volcanic Regions,Nankai Volcanic Arc,Unknown,Unknown,,,36.364,137.611,2755,,Subduction zone / Continental crust (>25 km)
283840,Kaminoroka,Japan,Western Pacific Volcanic Regions,Nankai Volcanic Arc,Unknown,Unknown,,,36.471,137.599,2465,,Subduction zone / Continental crust (>25 km)
283841,Shirouma-Oike,Japan,Northwest Pacific Volcanic Regions,Northeast Japan Volcanic Arc,Composite,Stratovolcano(es),,,36.786,137.802,2469,,Subduction zone / Continental crust (>25 km)
283842,Madarao,Japan,Northwest Pacific Volcanic Regions,Northeast Japan Volcanic Arc,Composite,Stratovolcano,,,36.834,138.278,1382,,Subduction zone / Continental crust (>25 km)
283843,Kurohime,Japan,Northwest Pacific Volcanic Regions,Northeast Japan Volcanic Arc,Composite,Stratovolcano,,,36.81,138.13,2053,,Subduction zone / Continental crust (>25 km)
283844,Iizuna,Japan,Northwest Pacific Volcanic Regions,Northeast Japan Volcanic Arc,Composite,Stratovolcano,,,36.736,138.137,1917,,Subduction zone / Continental crust (>25 km)
283845,Motodori,Japan,Northwest Pacific Volcanic Regions,Northeast Japan Volcanic Arc,Minor,Lava dome,,,36.717,138.247,745,,Subduction zone / Continental crust (>25 km)
283846,Minakami,Japan,Northwest Pacific Volcanic Regions,Northeast Japan Volcanic Arc,Minor,Lava dome,,,36.551,138.226,659,,Subduction zone / Continental crust (>25 km)
283847,Eboshi,Japan,Northwest Pacific Volcanic Regions,Northeast Japan Volcanic Arc,Composite,Stratovolcano,,,36.43,138.39,2227,,Subduction zone / Continental crust (>25 km)
283848,Hanamagari,Japan,Northwest Pacific Volcanic Regions,Northeast Japan Volcanic Arc,Composite,Stratovolcano(es),,,36.408,138.649,1757,,Subduction zone / Continental crust (>25 km)
283849,Azumayasan,Japan,Northwest Pacific Volcanic Regions,Northeast Japan Volcanic Arc,Composite,Stratovolcano,,,36.541,138.412,2323,,Subduction zone / Continental crust (>25 km)
283850,Omeshidake,Japan,Northwest Pacific Volcanic Regions,Northeast Japan Volcanic Arc,Composite,Stratovolcano,,,36.626,138.461,2160,,Subduction zone / Continental crust (>25 km)
283851,Takayashiro,Japan,Northwest Pacific Volcanic Regions,Northeast Japan Volcanic Arc,Composite,Stratovolcano,,,36.796,138.407,1351,,Subduction zone / Continental crust (>25 km)
283852,Sekita,Japan,Northwest Pacific Volcanic Regions,Northeast Japan Volcanic Arc,Composite,Stratovolcano?,,,36.974,138.386,1289,,Subduction zone / Continental crust (>25 km)
283853,Kenashi,Japan,Northwest Pacific Volcanic Regions,Northeast Japan Volcanic Arc,Composite,Stratovolcano,,,36.895,138.489,1650,,Subduction zone / Continental crust (>25 km)
283854,Torikabuto,Japan,Northwest Pacific Volcanic Regions,Northeast Japan Volcanic Arc,Composite,Stratovolcano,,,36.836,138.587,2038,,Subduction zone / Continental crust (>25 km)
283855,Naeba,Japan,Northwest Pacific Volcanic Regions,Northeast Japan Volcanic Arc,Composite,Stratovolcano,,,36.843,138.694,2145,,Subduction zone / Continental crust (>25 km)
283856,Iiji,Japan,Northwest Pacific Volcanic Regions,Northeast Japan Volcanic Arc,Composite,Stratovolcano,,,36.953,138.836,1112,,Subduction zone / Continental crust (>25 km)
283857,Masugata,Japan,Northwest Pacific Volcanic Regions,Northeast Japan Volcanic Arc,Minor,Pyroclastic cone,,,37.075,138.833,749,,Subduction zone / Continental crust (>25 km)
283858,Komochi-Onoko,Japan,Northwest Pacific Volcanic Regions,Northeast Japan Volcanic Arc,Composite,Stratovolcano(es),,,36.589,139.001,1296,,Subduction zone / Continental crust (>25 km)
283859,Sukai-Kesemaru,Japan,Northwest Pacific Volcanic Regions,Northeast Japan Volcanic Arc,Composite,Stratovolcano(es),,,36.687,139.34,2144,,Subduction zone / Continental crust (>25 km)
283860,Numanokami,Japan,Northwest Pacific Volcanic Regions,Northeast Japan Volcanic Arc,Composite,Stratovolcano,,,36.772,139.279,1541,,Subduction zone / Continental crust (>25 km)
283861,Hotaka,Japan,Northwest Pacific Volcanic Regions,Northeast Japan Volcanic Arc,Composite,Stratovolcano,,,36.802,139.136,2158,,Subduction zone / Continental crust (>25 km)
283862,Ayame-daira,Japan,Northwest Pacific Volcanic Regions,Northeast Japan Volcanic Arc,Composite,Stratovolcano(es),,,36.895,139.243,1969,,Subduction zone / Continental crust (>25 km)
283863,Kinunuma-Nenakusa,Japan,Northwest Pacific Volcanic Regions,Northeast Japan Volcanic Arc,Minor,Lava dome(s),,,36.88,139.375,2141,,Subduction zone / Continental crust (>25 km)
283864,Nyoho-Akanagi,Japan,Northwest Pacific Volcanic Regions,Northeast Japan Volcanic Arc,Composite,Stratovolcano,,,36.808,139.54,2483,,Subduction zone / Continental crust (>25 km)
283865,Futamata,Japan,Northwest Pacific Volcanic Regions,Northeast Japan Volcanic Arc,Composite,Stratovolcano,,,37.243,139.97,1544,,Subduction zone / Continental crust (>25 km)
283866,Aizu Nunobiki,Japan,Northwest Pacific Volcanic Regions,Northeast Japan Volcanic Arc,Composite,Stratovolcano,,,37.321,140.018,1108,,Subduction zone / Continental crust (>25 km)
283867,Asakusa,Japan,Northwest Pacific Volcanic Regions,Northeast Japan Volcanic Arc,Composite,Stratovolcano,,,37.341,139.237,1585,,Subduction zone / Continental crust (>25 km)
283868,Sumon,Japan,Northwest Pacific Volcanic Regions,Northeast Japan Volcanic Arc,Composite,Stratovolcano,,,37.395,139.14,1537,,Subduction zone / Continental crust (>25 km)
283869,Sunagohara,Japan,Northwest Pacific Volcanic Regions,Northeast Japan Volcanic Arc,Caldera,Caldera,,,37.454,139.688,729,,Subduction zone / Continental crust (>25 km)
283870,Nekoma,Japan,Northwest Pacific Volcanic Regions,Northeast Japan Volcanic Arc,Composite,Stratovolcano,,,37.617,140.011,1404,,Subduction zone / Continental crust (>25 km)
283871,Aoso,Japan,Northwest Pacific Volcanic Regions,Northeast Japan Volcanic Arc,Composite,Stratovolcano,,,38.082,140.611,820,,Subduction zone / Continental crust (>25 km)
283872,Shirataka,Japan,Northwest Pacific Volcanic Regions,Northeast Japan Volcanic Arc,Composite,Stratovolcano,,,38.22,140.176,994,,Subduction zone / Continental crust (>25 km)
283873,Ganto-Kamuro,Japan,Northwest Pacific Volcanic Regions,Northeast Japan Volcanic Arc,Composite,Stratovolcano(es),,,38.196,140.48,1485,,Subduction zone / Continental crust (>25 km)
283874,Adachi,Japan,Northwest Pacific Volcanic Regions,Northeast Japan Volcanic Arc,Minor,Pyroclastic cone,,,38.218,140.654,0,,Subduction zone / Continental crust (>25 km)
283875,Daito,Japan,Northwest Pacific Volcanic Regions,Northeast Japan Volcanic Arc,Composite,Stratovolcano,,,38.299,140.527,1366,,Subduction zone / Continental crust (>25 km)
283876,Funagata,Japan,Northwest Pacific Volcanic Regions,Northeast Japan Volcanic Arc,Composite,Stratovolcano(es),,,38.453,140.623,1500,,Subduction zone / Continental crust (>25 km)
283877,Gassan,Japan,Northwest Pacific Volcanic Regions,Northeast Japan Volcanic Arc,Composite,Stratovolcano,,,38.546,140.03,1984,,Subduction zone / Continental crust (>25 km)
283878,Mukaimachi,Japan,Northwest Pacific Volcanic Regions,Northeast Japan Volcanic Arc,Caldera,Caldera,,,38.75,140.52,657,,Subduction zone / Continental crust (>25 km)
283879,Onikobe,Japan,Northwest Pacific Volcanic Regions,Northeast Japan Volcanic Arc,Caldera,Caldera,,,38.83,140.695,769,,Subduction zone / Continental crust (>25 km)
283880,Takamatsu,Japan,Northwest Pacific Volcanic Regions,Northeast Japan Volcanic Arc,Composite,Stratovolcano,,,38.965,140.61,1348,,Subduction zone / Continental crust (>25 km)
283881,Kobinai,Japan,Northwest Pacific Volcanic Regions,Northeast Japan Volcanic Arc,Composite,Stratovolcano,,,39.018,140.523,1004,,Subduction zone / Continental crust (>25 km)
283882,Yakeishi,Japan,Northwest Pacific Volcanic Regions,Northeast Japan Volcanic Arc,Composite,Stratovolcano,,,39.161,140.832,1548,,Subduction zone / Continental crust (>25 km)
283883,Tazawa,Japan,Northwest Pacific Volcanic Regions,Northeast Japan Volcanic Arc,Caldera,Caldera(?),,,39.718,140.665,249,,Subduction zone / Continental crust (>25 km)
283884,Kayo,Japan,Northwest Pacific Volcanic Regions,Northeast Japan Volcanic Arc,Composite,Stratovolcano,,,39.804,140.734,1254,,Subduction zone / Continental crust (>25 km)
283885,Nyuto-Takakura,Japan,Northwest Pacific Volcanic Regions,Northeast Japan Volcanic Arc,Composite,Stratovolcano(es),,,39.802,140.842,1478,,Subduction zone / Continental crust (>25 km)
283886,Tamagawa,Japan,Northwest Pacific Volcanic Regions,Northeast Japan Volcanic Arc,Caldera,Caldera,,,39.897,140.781,1300,,Subduction zone / Continental crust (>25 km)
283887,Moriyoshi,Japan,Northwest Pacific Volcanic Regions,Northeast Japan Volcanic Arc,Composite,Stratovolcano,,,39.974,140.547,1454,,Subduction zone / Continental crust (>25 km)
283888,Kanpu,Japan,Northwest Pacific Volcanic Regions,Northeast Japan Volcanic Arc,Composite,Stratovolcano,,,39.931,139.879,355,,Subduction zone / Continental crust (>25 km)
283889,Nanashigure,Japan,Northwest Pacific Volcanic Regions,Northeast Japan Volcanic Arc,Minor,Lava dome,,,40.066,141.109,1063,,Subduction zone / Continental crust (>25 km)
283890,Tashiro,Japan,Northwest Pacific Volcanic Regions,Northeast Japan Volcanic Arc,Composite,Stratovolcano,,,40.426,140.412,1178,,Subduction zone / Continental crust (>25 km)
283891,Okiura,Japan,Northwest Pacific Volcanic Regions,Northeast Japan Volcanic Arc,Caldera,Caldera,,,40.57,140.73,985,,Subduction zone / Continental crust (>25 km)
283892,Mutsu-Hiuchidake,Japan,Northwest Pacific Volcanic Regions,Northeast Japan Volcanic Arc,Composite,Stratovolcano,,,41.436,141.056,781,,Subduction zone / Continental crust (>25 km)
283896,Kannabe,Japan,Western Pacific Volcanic Regions,Nankai Volcanic Arc,Shield,Shield,,,35.504,134.678,460,,Subduction zone / Continental crust (>25 km)
283897,Daira-Komagatake,Japan,Northwest Pacific Volcanic Regions,Northeast Japan Volcanic Arc,Composite,Stratovolcano,,,40.41,140.255,1158,,Subduction zone / Continental crust (>25 km)
283898,Dorobu,Japan,Northwest Pacific Volcanic Regions,Northeast Japan Volcanic Arc,Caldera,Caldera,,,36.898,139.579,1322,,
284043,Mikura Seamount,Japan,Northwest Pacific Volcanic Regions,Izu Volcanic Arc,Composite,Stratovolcano,,,33.725,139.408,-321,,Subduction zone / Oceanic crust (< 15 km)
284086,Nichiyo Seamount,Japan,Northwest Pacific Volcanic Regions,Ogasawara Volcanic Arc,Composite,Stratovolcano,,,29.482,140.327,-1042,,Subduction zone / Crustal thickness unknown
284087,Getsuyo Seamount,Japan,Northwest Pacific Volcanic Regions,Ogasawara Volcanic Arc,Composite,Stratovolcano,,,29.306,140.471,-1095,,Subduction zone / Crustal thickness unknown
284088,Kayo Seamount,Japan,Northwest Pacific Volcanic Regions,Ogasawara Volcanic Arc,Composite,Stratovolcano,,,29.064,140.537,-814,,Subduction zone / Crustal thickness unknown
284089,Kinyo Seamount,Japan,Northwest Pacific Volcanic Regions,Ogasawara Volcanic Arc,Composite,Stratovolcano,,,28.084,140.802,-838,,Subduction zone / Crustal thickness unknown
284122,Syoyo Ridge,Japan,Northwest Pacific Volcanic Regions,Mariana Volcanic Arc,Composite,Complex,,,22.546,142.863,-481,,Subduction zone / Oceanic crust (< 15 km)
284144,Kasuga 3,United States,Northwest Pacific Volcanic Regions,Mariana Volcanic Arc,Composite,Stratovolcano,,,21.399,143.626,-1325,,
284145,Eifuku,United States,Northwest Pacific Volcanic Regions,Mariana Volcanic Arc,Composite,Stratovolcano,,,21.409,144.161,-551,,
284146,South Daikoku,United States,Northwest Pacific Volcanic Regions,Mariana Volcanic Arc,Composite,Stratovolcano,,,21.023,144.525,-301,,Subduction zone / Oceanic crust (< 15 km)
284147,Chamorro,United States,Northwest Pacific Volcanic Regions,Mariana Volcanic Arc,Unknown,,,,20.81,144.704,-804,,Subduction zone / Oceanic crust (< 15 km)
284151,Cheref,United States,Northwest Pacific Volcanic Regions,Mariana Volcanic Arc,Composite,Stratovolcano,,,19.406,145.468,-2800,,Subduction zone / Oceanic crust (< 15 km)
284152,Poyo,United States,Northwest Pacific Volcanic Regions,Mariana Volcanic Arc,Composite,Stratovolcano,,,19.223,145.524,-2830,,Subduction zone / Oceanic crust (< 15 km)
284800,Udonejima,Japan,Northwest Pacific Volcanic Regions,Izu Volcanic Arc,Composite,Stratovolcano,,,34.469,139.297,209,,Subduction zone / Oceanic crust (< 15 km)
284801,Onoharajima,Japan,Northwest Pacific Volcanic Regions,Izu Volcanic Arc,Minor,Lava dome,,,34.045,139.387,114,,Subduction zone / Oceanic crust (< 15 km)
284802,Inambajima,Japan,Northwest Pacific Volcanic Regions,Izu Volcanic Arc,Minor,Lava dome,,,33.648,139.302,74,,Subduction zone / Oceanic crust (< 15 km)
284803,Tracey Seamount,United States,Northwest Pacific Volcanic Regions,Mariana Volcanic Arc,Composite,Stratovolcano,,,13.65,144.42,-900,,Subduction zone / Crustal thickness unknown
285062,Shikaribetsu Group,Japan,Northwest Pacific Volcanic Regions,Kuril Volcanic Arc,Cluster,Lava dome(s),,,43.267,143.1,1401,Andesite / Basaltic Andesite,Subduction zone / Continental crust (>25 km)
285800,Oshima Maruyama,Japan,Northwest Pacific Volcanic Regions,Northeast Japan Volcanic Arc,Composite,Stratovolcano,,,41.54,140.375,855,,Subduction zone / Continental crust (>25 km)
285801,Hakodateyama,Japan,Northwest Pacific Volcanic Regions,Northeast Japan Volcanic Arc,Composite,Stratovolcano,,,41.757,140.708,333,,Subduction zone / Continental crust (>25 km)
285802,Zenikame,Japan,Northwest Pacific Volcanic Regions,Northeast Japan Volcanic Arc,Caldera,Caldera,,,41.706,140.814,-30,,Subduction zone / Continental crust (>25 km)
285803,Esan Maruyama,Japan,Northwest Pacific Volcanic Regions,Northeast Japan Volcanic Arc,Composite,Stratovolcano,,,41.849,141.097,691,,Subduction zone / Continental crust (>25 km)
285804,Yokotsu,Japan,Northwest Pacific Volcanic Regions,Northeast Japan Volcanic Arc,Composite,Stratovolcano,,,41.935,140.775,1167,,Subduction zone / Continental crust (>25 km)
285805,Nigorikawa,Japan,Northwest Pacific Volcanic Regions,Northeast Japan Volcanic Arc,Caldera,Caldera,,,42.12,140.45,356,,Subduction zone / Continental crust (>25 km)
285806,Okushiri-Katsumayama,Japan,Northwest Pacific Volcanic Regions,Northeast Japan Volcanic Arc,Shield,Shield,,,42.193,139.468,428,,Subduction zone / Continental crust (>25 km)
285807,Kariba,Japan,Northwest Pacific Volcanic Regions,Northeast Japan Volcanic Arc,Composite,Stratovolcano,,,42.611,139.944,1520,,Subduction zone / Continental crust (>25 km)
285808,Washibetsu,Japan,Northwest Pacific Volcanic Regions,Northeast Japan Volcanic Arc,Composite,Stratovolcano,,,42.433,141.007,911,,Subduction zone / Continental crust (>25 km)
285809,Raiden,Japan,Northwest Pacific Volcanic Regions,Northeast Japan Volcanic Arc,Composite,Stratovolcano(es),,,42.901,140.473,1212,,Subduction zone / Continental crust (>25 km)
285810,Akaigawa,Japan,Northwest Pacific Volcanic Regions,Northeast Japan Volcanic Arc,Composite,Stratovolcano,,,43.08,140.82,725,,Subduction zone / Continental crust (>25 km)
285811,Shiribetsu,Japan,Northwest Pacific Volcanic Regions,Northeast Japan Volcanic Arc,Composite,Stratovolcano,,,42.767,140.916,1107,,Subduction zone / Continental crust (>25 km)
285812,Orofure-Raiba,Japan,Northwest Pacific Volcanic Regions,Northeast Japan Volcanic Arc,Composite,Stratovolcano(es),,,42.563,141.091,1231,,Subduction zone / Continental crust (>25 km)
285813,Horohoro-Tokushumbetsu,Japan,Northwest Pacific Volcanic Regions,Northeast Japan Volcanic Arc,Composite,Stratovolcano(es),,,42.631,141.146,1322,,Subduction zone / Continental crust (>25 km)
285814,Soranuma,Japan,Northwest Pacific Volcanic Regions,Northeast Japan Volcanic Arc,Shield,Shield,,,42.863,141.257,1251,,Subduction zone / Continental crust (>25 km)
285815,Sapporo,Japan,Northwest Pacific Volcanic Regions,Northeast Japan Volcanic Arc,Shield,Shield,,,42.898,141.204,1294,,Subduction zone / Continental crust (>25 km)
285816,Tomuraushi Volcanic Group,Japan,Northwest Pacific Volcanic Regions,Kuril Volcanic Arc,Composite,Stratovolcano(es),,,43.525,142.852,2141,,Subduction zone / Continental crust (>25 km)
285817,Chubetsu,Japan,Northwest Pacific Volcanic Regions,Kuril Volcanic Arc,Composite,Stratovolcano,,,43.589,142.898,1963,,Subduction zone / Continental crust (>25 km)
285818,Niseikaushuppe,Japan,Northwest Pacific Volcanic Regions,Kuril Volcanic Arc,Composite,Stratovolcano,,,43.777,142.989,1883,,Subduction zone / Continental crust (>25 km)
285819,Tengu-Hirayama,Japan,Northwest Pacific Volcanic Regions,Kuril Volcanic Arc,Composite,Stratovolcano(es),,,43.776,143.016,1796,,Subduction zone / Continental crust (>25 km)
285820,Shiitokoro,Japan,Northwest Pacific Volcanic Regions,Kuril Volcanic Arc,Minor,Lava dome,,,43.61,143.184,1336,,Subduction zone / Continental crust (>25 km)
285821,Kumaneshiri,Japan,Northwest Pacific Volcanic Regions,Kuril Volcanic Arc,Composite,Stratovolcano(es),,,43.52,143.237,1635,,Subduction zone / Continental crust (>25 km)
285822,Tokachi-Mitsumata,Japan,Northwest Pacific Volcanic Regions,Kuril Volcanic Arc,Caldera,Caldera,,,43.52,143.15,700,,Subduction zone / Continental crust (>25 km)
285823,Tokachi-Eboshi,Japan,Northwest Pacific Volcanic Regions,Kuril Volcanic Arc,Minor,Lava dome(s),,,43.376,143.133,1291,,Subduction zone / Continental crust (>25 km)
285824,Birao,Japan,Northwest Pacific Volcanic Regions,Kuril Volcanic Arc,Composite,Stratovolcano(es),,,43.498,144.408,554,,Subduction zone / Continental crust (>25 km)
285825,Samakkenupuri,Japan,Northwest Pacific Volcanic Regions,Kuril Volcanic Arc,Composite,Stratovolcano,,,43.681,144.736,1063,,Subduction zone / Continental crust (>25 km)
285826,Musa,Japan,Northwest Pacific Volcanic Regions,Kuril Volcanic Arc,Composite,Stratovolcano(es),,,43.676,144.886,1006,,Subduction zone / Continental crust (>25 km)
285827,Shari,Japan,Northwest Pacific Volcanic Regions,Kuril Volcanic Arc,Composite,Stratovolcano,,,43.763,144.722,1545,,Subduction zone / Continental crust (>25 km)
285828,Unabetsu,Japan,Northwest Pacific Volcanic Regions,Kuril Volcanic Arc,Composite,Stratovolcano,,,43.874,144.881,1419,,Subduction zone / Continental crust (>25 km)
285829,Onnebetsu,Japan,Northwest Pacific Volcanic Regions,Kuril Volcanic Arc,Composite,Stratovolcano,,,43.991,145.017,1331,,Subduction zone / Continental crust (>25 km)
285830,Shiretoko,Japan,Northwest Pacific Volcanic Regions,Kuril Volcanic Arc,Composite,Stratovolcano,,,44.23,145.278,1254,,Subduction zone / Continental crust (>25 km)
285839,Oshima-Kojima,Japan,Northwest Pacific Volcanic Regions,Northeast Japan Volcanic Arc,Composite,Stratovolcano,,,41.355,139.811,282,,Subduction zone / Continental crust (>25 km)
290091,Rucharu [Golets-Tornyi Group],Japan - administered by Russia,Northwest Pacific Volcanic Regions,Kuril Volcanic Arc,Minor,Pyroclastic cone(s),,,45.25,148.3,442,Andesite / Basaltic Andesite,Subduction zone / Intermediate crust (15-25 km)
290800,Urbich Caldera,Japan - administered by Russia,Northwest Pacific Volcanic Regions,Kuril Volcanic Arc,Caldera,Caldera(s),,,44.584,147.174,907,,Subduction zone / Continental crust (>25 km)
290802,Tsirk,Japan - administered by Russia,Northwest Pacific Volcanic Regions,Kuril Volcanic Arc,Caldera,Caldera,,,45.4,148.58,853,,Unknown
290803,Petr Shmidt Ridge,Russia,Northwest Pacific Volcanic Regions,Kuril Volcanic Arc,Unknown,Unknown,,,45.95,150.05,1031,,Unknown
290804,Antipin,Russia,Northwest Pacific Volcanic Regions,Kuril Volcanic Arc,Composite,Stratovolcano,,,46.15,150.23,1120,,Unknown
290805,Gora Desantnaya,Russia,Northwest Pacific Volcanic Regions,Kuril Volcanic Arc,Composite,Stratovolcano,,,46.192,150.369,847,,Unknown
290806,Brontona Island,Russia,Northwest Pacific Volcanic Regions,Kuril Volcanic Arc,Unknown,Unknown,,,46.721,150.733,0,,Subduction zone / Intermediate crust (15-25 km)
290807,Ikanmikot,Russia,Northwest Pacific Volcanic Regions,Kuril Volcanic Arc,Composite,Stratovolcano,,,46.964,152.07,614,,Unknown
290808,Kuntomintar,Russia,Northwest Pacific Volcanic Regions,Kuril Volcanic Arc,Composite,Stratovolcano,,,48.75,154.02,828,,Subduction zone / Intermediate crust (15-25 km)
290809,Shestakov,Russia,Northwest Pacific Volcanic Regions,Kuril Volcanic Arc,Composite,Stratovolcano,,,49.75,154.75,0,,Unknown
290810,Avos' Rocks,Russia,Northwest Pacific Volcanic Regions,Kuril Volcanic Arc,Unknown,Unknown,,,49.72,154.12,35,,Unknown
290811,Makanru Island,Russia,Northwest Pacific Volcanic Regions,Kuril Volcanic Arc,Composite,Stratovolcano,,,49.785,154.429,1136,,Unknown
300001,Mashkovtsev,Russia,Northwest Pacific Volcanic Regions,Kuril Volcanic Arc,Composite,Stratovolcano,,,51.1,156.72,503,Basalt / Picro-Basalt,Subduction zone / Continental crust (>25 km)
300041,Kell,Russia,Northwest Pacific Volcanic Regions,Kuril Volcanic Arc,Composite,Stratovolcano(es),,,51.65,157.35,900,Basalt / Picro-Basalt,Subduction zone / Continental crust (>25 km)
300042,Belenkaya,Russia,Northwest Pacific Volcanic Regions,Kuril Volcanic Arc,Composite,Stratovolcano,,,51.75,157.27,892,Basalt / Picro-Basalt,Subduction zone / Continental crust (>25 km)
300051,Ozernoy,Russia,Northwest Pacific Volcanic Regions,Kuril Volcanic Arc,Shield,Shield,,,51.88,157.38,562,Basalt / Picro-Basalt,Subduction zone / Continental crust (>25 km)
300054,Piratkovsky,Russia,Northwest Pacific Volcanic Regions,Kuril Volcanic Arc,Composite,Stratovolcano,,,52.113,157.849,1322,No Data (checked),Subduction zone / Continental crust (>25 km)
300055,Ostanets,Russia,Northwest Pacific Volcanic Regions,Kuril Volcanic Arc,Shield,Shield(s),,,52.146,157.322,719,Basalt / Picro-Basalt,Subduction zone / Continental crust (>25 km)
300056,Otdelniy,Russia,Northwest Pacific Volcanic Regions,Kuril Volcanic Arc,Shield,Pyroclastic cone(s),,,52.221,157.435,814,Basalt / Picro-Basalt,Subduction zone / Continental crust (>25 km)
300057,Golaya,Russia,Northwest Pacific Volcanic Regions,Kuril Volcanic Arc,Composite,Stratovolcano,,,52.263,157.787,858,Basalt / Picro-Basalt,Subduction zone / Continental crust (>25 km)
300087,Karymshina,Russia,Northwest Pacific Volcanic Regions,Kuril Volcanic Arc,Caldera,Caldera,,,52.8,158,1200,Basalt / Picro-Basalt,Subduction zone / Continental crust (>25 km)
300201,Schmidt,Russia,Northwest Pacific Volcanic Regions,Eastern Kamchatka Volcanic Arc,Shield,Shield,,,54.92,160.63,2020,Basalt / Picro-Basalt,Subduction zone / Continental crust (>25 km)
300290,Maly Payalpan,Russia,Northwest Pacific Volcanic Regions,Central Kamchatka Volcanic Arc,Shield,Shield(s),,,55.82,157.98,1802,Andesite / Basaltic Andesite,Subduction zone / Continental crust (>25 km)
300300,Bolshoi Payalpan,Russia,Northwest Pacific Volcanic Regions,Central Kamchatka Volcanic Arc,Shield,Shield(s),,,55.88,157.78,1906,Andesite / Basaltic Andesite,Subduction zone / Continental crust (>25 km)
300310,Plosky,Russia,Northwest Pacific Volcanic Regions,Central Kamchatka Volcanic Arc,Shield,Shield,,,55.1865,158.4784,1200,Basalt / Picro-Basalt,Subduction zone / Continental crust (>25 km)
300320,Akhtang,Russia,Northwest Pacific Volcanic Regions,Central Kamchatka Volcanic Arc,Shield,Shield,,,55.43,158.65,1956,Basalt / Picro-Basalt,Subduction zone / Continental crust (>25 km)
300330,Kozyrevsky,Russia,Northwest Pacific Volcanic Regions,Central Kamchatka Volcanic Arc,Shield,Shield,,,55.637,158.368,2004,Basalt / Picro-Basalt,Subduction zone / Continental crust (>25 km)
300340,Romanovka,Russia,Northwest Pacific Volcanic Regions,Central Kamchatka Volcanic Arc,Composite,Stratovolcano,,,55.65,158.8,1442,Basalt / Picro-Basalt,Subduction zone / Continental crust (>25 km)
300350,Uksichan,Russia,Northwest Pacific Volcanic Regions,Central Kamchatka Volcanic Arc,Shield,Shield,,,56.08,158.38,1692,Basalt / Picro-Basalt,Subduction zone / Continental crust (>25 km)
300370,Kulkev,Russia,Northwest Pacific Volcanic Regions,Central Kamchatka Volcanic Arc,Shield,Shield,,,56.37,158.37,915,Basalt / Picro-Basalt,Subduction zone / Continental crust (>25 km)
300380,Geodesistov,Russia,Northwest Pacific Volcanic Regions,Central Kamchatka Volcanic Arc,Shield,Shield,,,56.33,158.67,1170,Basalt / Picro-Basalt,Subduction zone / Continental crust (>25 km)
300390,Anaun,Russia,Northwest Pacific Volcanic Regions,Central Kamchatka Volcanic Arc,Composite,Stratovolcano,,,56.32,158.83,1828,Basalt / Picro-Basalt,Subduction zone / Continental crust (>25 km)
300400,Krainy,Russia,Northwest Pacific Volcanic Regions,Central Kamchatka Volcanic Arc,Shield,Shield,,,56.37,159.03,1554,Basalt / Picro-Basalt,Subduction zone / Continental crust (>25 km)
300410,Kekurny,Russia,Northwest Pacific Volcanic Regions,Central Kamchatka Volcanic Arc,Shield,Shield(s),,,56.4,158.85,1377,Basalt / Picro-Basalt,Subduction zone / Continental crust (>25 km)
300420,Eggella,Russia,Northwest Pacific Volcanic Regions,Central Kamchatka Volcanic Arc,Shield,Shield,,,56.57,158.52,1046,Basalt / Picro-Basalt,Subduction zone / Continental crust (>25 km)
300440,Verkhovoy,Russia,Northwest Pacific Volcanic Regions,Central Kamchatka Volcanic Arc,Shield,Shield,,,56.52,159.53,1400,Basalt / Picro-Basalt,Subduction zone / Continental crust (>25 km)
300460,Cherny,Russia,Northwest Pacific Volcanic Regions,Central Kamchatka Volcanic Arc,Composite,Stratovolcano,,,56.82,159.67,1778,Basalt / Picro-Basalt,Subduction zone / Continental crust (>25 km)
300470,Pogranychny,Russia,Northwest Pacific Volcanic Regions,Central Kamchatka Volcanic Arc,Shield,Shield(s),,,56.85,159.8,1427,Basalt / Picro-Basalt,Subduction zone / Continental crust (>25 km)
300480,Zaozerny,Russia,Northwest Pacific Volcanic Regions,Central Kamchatka Volcanic Arc,Shield,Shield(s),,,56.88,159.95,1349,Basalt / Picro-Basalt,Subduction zone / Continental crust (>25 km)
300490,Bliznets,Russia,Northwest Pacific Volcanic Regions,Central Kamchatka Volcanic Arc,Composite,Stratovolcano,,,56.97,159.78,1244,Basalt / Picro-Basalt,Subduction zone / Continental crust (>25 km)
300500,Kebeney,Russia,Northwest Pacific Volcanic Regions,Central Kamchatka Volcanic Arc,Shield,Shield,,,57.1,159.93,1527,Basalt / Picro-Basalt,Subduction zone / Continental crust (>25 km)
300510,Fedotych,Russia,Northwest Pacific Volcanic Regions,Central Kamchatka Volcanic Arc,Shield,Shield,,,57.13,160.4,965,Basalt / Picro-Basalt,Subduction zone / Continental crust (>25 km)
300530,Leutongey,Russia,Northwest Pacific Volcanic Regions,Central Kamchatka Volcanic Arc,Shield,Shield,,,57.306,159.827,1318,Basalt / Picro-Basalt,Subduction zone / Continental crust (>25 km)
300540,Tuzovsky,Russia,Northwest Pacific Volcanic Regions,Central Kamchatka Volcanic Arc,Shield,Shield(s),,,57.32,159.967,1516,Basalt / Picro-Basalt,Subduction zone / Continental crust (>25 km)
300570,Mezhdusopochny,Russia,Northwest Pacific Volcanic Regions,Central Kamchatka Volcanic Arc,Shield,Shield,,,57.47,160.25,1641,Basalt / Picro-Basalt,Subduction zone / Continental crust (>25 km)
300580,Shishel,Russia,Northwest Pacific Volcanic Regions,Central Kamchatka Volcanic Arc,Shield,Shield,,,57.45,160.37,2525,Basalt / Picro-Basalt,Subduction zone / Continental crust (>25 km)
300600,Alngey,Russia,Northwest Pacific Volcanic Regions,Central Kamchatka Volcanic Arc,Composite,Stratovolcano,,,57.702,160.418,1822,Basalt / Picro-Basalt,Subduction zone / Continental crust (>25 km)
300610,Uka,Russia,Northwest Pacific Volcanic Regions,Central Kamchatka Volcanic Arc,Shield,Shield,,,57.706,160.59,1607,Basalt / Picro-Basalt,Subduction zone / Continental crust (>25 km)
300620,Kaileney,Russia,Northwest Pacific Volcanic Regions,Central Kamchatka Volcanic Arc,Shield,Shield,,,57.8,160.67,1582,Basalt / Picro-Basalt,Subduction zone / Continental crust (>25 km)
300630,Plosky,Russia,Northwest Pacific Volcanic Regions,Central Kamchatka Volcanic Arc,Shield,Shield,,,57.83,160.25,1255,Basalt / Picro-Basalt,Subduction zone / Continental crust (>25 km)
300640,Bely,Russia,Northwest Pacific Volcanic Regions,Central Kamchatka Volcanic Arc,Shield,Shield(s),,,57.88,160.53,2080,Basalt / Picro-Basalt,Subduction zone / Continental crust (>25 km)
300660,Snezhniy,Russia,Northwest Pacific Volcanic Regions,Central Kamchatka Volcanic Arc,Shield,Shield,,,58.02,160.8,2169,Basalt / Picro-Basalt,Subduction zone / Continental crust (>25 km)
300670,Iktunup,Russia,Northwest Pacific Volcanic Regions,Central Kamchatka Volcanic Arc,Shield,Shield(s),,,58.08,160.77,2300,Basalt / Picro-Basalt,Subduction zone / Continental crust (>25 km)
300690,Snegovoy,Russia,Northwest Pacific Volcanic Regions,Central Kamchatka Volcanic Arc,Shield,Shield,,,58.2,160.97,2169,Basalt / Picro-Basalt,Subduction zone / Continental crust (>25 km)
300710,Iettunup,Russia,Northwest Pacific Volcanic Regions,Central Kamchatka Volcanic Arc,Shield,Shield(s),,,58.4,161.08,1340,Basalt / Picro-Basalt,Subduction zone / Continental crust (>25 km)
300720,Voyampolsky,Russia,Northwest Pacific Volcanic Regions,Central Kamchatka Volcanic Arc,Shield,Shield(s),,,58.374,160.631,1103,Basalt / Picro-Basalt,Subduction zone / Continental crust (>25 km)
300800,Vysokii,Russia,Northwest Pacific Volcanic Regions,Kuril Volcanic Arc,Composite,Stratovolcano,,,51.116,156.892,708,,Subduction zone / Continental crust (>25 km)
300801,Tumanniy,Russia,Northwest Pacific Volcanic Regions,Kuril Volcanic Arc,Shield,Shield,,,51.191,156.939,681,,Subduction zone / Continental crust (>25 km)
300802,Ded i Baba,Russia,Northwest Pacific Volcanic Regions,Kuril Volcanic Arc,Shield,Shield,,,51.3,156.58,1032,,Subduction zone / Continental crust (>25 km)
300803,Tretya Rechka,Russia,Northwest Pacific Volcanic Regions,Kuril Volcanic Arc,Shield,Shield,,,51.4,156.57,754,,Subduction zone / Continental crust (>25 km)
300804,Koshegochek,Russia,Northwest Pacific Volcanic Regions,Kuril Volcanic Arc,Shield,Shield,,,51.616,156.809,1142,,Subduction zone / Continental crust (>25 km)
300805,Sredniy Koshegochek,Russia,Northwest Pacific Volcanic Regions,Kuril Volcanic Arc,Shield,Shield,,,51.663,156.928,1050,,Subduction zone / Continental crust (>25 km)
300806,Unnamed,Russia,Northwest Pacific Volcanic Regions,Kuril Volcanic Arc,Shield,Shield,,,51.753,157.063,1038,,Subduction zone / Continental crust (>25 km)
300807,Leviy Koshegochek,Russia,Northwest Pacific Volcanic Regions,Kuril Volcanic Arc,Shield,Shield,,,51.787,156.929,997,,Subduction zone / Continental crust (>25 km)
300808,Kuzheten,Russia,Northwest Pacific Volcanic Regions,Kuril Volcanic Arc,Shield,Shield,,,51.82,157.22,925,,Subduction zone / Continental crust (>25 km)
300809,Vostochnaya Khodutka,Russia,Northwest Pacific Volcanic Regions,Kuril Volcanic Arc,Shield,Shield(s),,,51.93,157.73,0,,Subduction zone / Continental crust (>25 km)
300810,Zheltiy,Russia,Northwest Pacific Volcanic Regions,Kuril Volcanic Arc,Composite,Stratovolcano,,,51.93,157.6,792,,Subduction zone / Continental crust (>25 km)
300811,Kuzanek,Russia,Northwest Pacific Volcanic Regions,Kuril Volcanic Arc,Shield,Shield,,,51.93,157.18,968,,Subduction zone / Continental crust (>25 km)
300812,Unnamed,Russia,Northwest Pacific Volcanic Regions,Kuril Volcanic Arc,Shield,Shield,,,51.95,157.02,740,,Subduction zone / Continental crust (>25 km)
300813,Igolki,Russia,Northwest Pacific Volcanic Regions,Kuril Volcanic Arc,Shield,Shield(s),,,52.02,156.88,707,,Subduction zone / Continental crust (>25 km)
300814,Skalistiy,Russia,Northwest Pacific Volcanic Regions,Kuril Volcanic Arc,Shield,Shield,,,52.02,157.18,1005,,Subduction zone / Continental crust (>25 km)
300815,Perevalny,Russia,Northwest Pacific Volcanic Regions,Kuril Volcanic Arc,Shield,Shield,,,52.13,157.78,0,,Subduction zone / Continental crust (>25 km)
300816,Krugliy,Russia,Northwest Pacific Volcanic Regions,Kuril Volcanic Arc,Shield,Shield,,,52.16,157.64,1052,,Subduction zone / Continental crust (>25 km)
300817,Savan,Russia,Northwest Pacific Volcanic Regions,Kuril Volcanic Arc,Shield,Shield,,,52.21,157.28,901,,Subduction zone / Continental crust (>25 km)
300818,Malaya Ipelka,Russia,Northwest Pacific Volcanic Regions,Kuril Volcanic Arc,Composite,Complex,,,52.28,156.73,0,,Subduction zone / Continental crust (>25 km)
300819,Kamen,Russia,Northwest Pacific Volcanic Regions,Kuril Volcanic Arc,Composite,Stratovolcano,,,52.287,157.655,850,,Subduction zone / Continental crust (>25 km)
300820,Ploskiy,Russia,Northwest Pacific Volcanic Regions,Kuril Volcanic Arc,Composite,Stratovolcano,,,52.37,157.62,877,,Subduction zone / Continental crust (>25 km)
300821,Udochka,Russia,Northwest Pacific Volcanic Regions,Kuril Volcanic Arc,Shield,Shield,,,52.5,157.2,891,,Subduction zone / Continental crust (>25 km)
300822,Bolshaya Ipelka,Russia,Northwest Pacific Volcanic Regions,Kuril Volcanic Arc,Shield,Shield,,,52.63,156.97,1194,,Subduction zone / Continental crust (>25 km)
300823,Tolmachev,Russia,Northwest Pacific Volcanic Regions,Kuril Volcanic Arc,Composite,Stratovolcano(es),,,52.55,157.73,1118,,Subduction zone / Continental crust (>25 km)
300830,Aak,Russia,Northwest Pacific Volcanic Regions,Eastern Kamchatka Volcanic Arc,Composite,Stratovolcano(es),,,53.38,158.67,2319,,Subduction zone / Continental crust (>25 km)
300831,Kupol,Russia,Northwest Pacific Volcanic Regions,Eastern Kamchatka Volcanic Arc,Composite,Stratovolcano,,,53.5,158.65,0,,Subduction zone / Continental crust (>25 km)
300832,Kitkhoysky,Russia,Northwest Pacific Volcanic Regions,Eastern Kamchatka Volcanic Arc,Shield,Shield(s),,,53.584,158.56,1350,,Subduction zone / Continental crust (>25 km)
300833,Vershinsky,Russia,Northwest Pacific Volcanic Regions,Eastern Kamchatka Volcanic Arc,Composite,Stratovolcano,,,53.6,158.7,1812,,Subduction zone / Continental crust (>25 km)
300834,Skalistiy,Russia,Northwest Pacific Volcanic Regions,Eastern Kamchatka Volcanic Arc,Unknown,Unknown,,,53.6266,159.2912,0,,Subduction zone / Continental crust (>25 km)
300840,Zhupanovskiye Vostriyaky,Russia,Northwest Pacific Volcanic Regions,Eastern Kamchatka Volcanic Arc,Composite,Stratovolcano,,,53.8,159.28,1684,,Subduction zone / Continental crust (>25 km)
300841,Ditmara,Russia,Northwest Pacific Volcanic Regions,Eastern Kamchatka Volcanic Arc,Composite,Stratovolcano,,,53.87,159.53,1389,,Subduction zone / Continental crust (>25 km)
300842,Krainy,Russia,Northwest Pacific Volcanic Regions,Eastern Kamchatka Volcanic Arc,Composite,Stratovolcano,,,53.95,159.33,1199,,Subduction zone / Continental crust (>25 km)
300843,Razlaty,Russia,Northwest Pacific Volcanic Regions,Eastern Kamchatka Volcanic Arc,Composite,Stratovolcano,,,54.02,159.38,0,,Subduction zone / Continental crust (>25 km)
300845,Unnamed,Russia,Northwest Pacific Volcanic Regions,Eastern Kamchatka Volcanic Arc,Composite,Stratovolcano,,,54.37,159.43,0,,Subduction zone / Continental crust (>25 km)
300846,Unana,Russia,Northwest Pacific Volcanic Regions,Eastern Kamchatka Volcanic Arc,Composite,Stratovolcano,,,54.63,159.72,2131,,Subduction zone / Continental crust (>25 km)
300847,Adamozhets,Russia,Northwest Pacific Volcanic Regions,Eastern Kamchatka Volcanic Arc,Minor,Cone,,,54.688,159.483,1502,,Subduction zone / Continental crust (>25 km)
300848,Bogachensky,Russia,Northwest Pacific Volcanic Regions,Eastern Kamchatka Volcanic Arc,Shield,Shield,,,55.13,160.9,0,,Subduction zone / Continental crust (>25 km)
300849,Piip,Russia,Northwest Pacific Volcanic Regions,Eastern Kamchatka Volcanic Arc,Shield,Shield,,,55.319,160.667,2059,,Subduction zone / Continental crust (>25 km)
300850,Konechnaya,Russia,Northwest Pacific Volcanic Regions,Eastern Kamchatka Volcanic Arc,Shield,Shield,,,55.23,160.97,0,,Subduction zone / Continental crust (>25 km)
300851,Konradi,Russia,Northwest Pacific Volcanic Regions,Eastern Kamchatka Volcanic Arc,Composite,Stratovolcano,,,55.08,160.53,1912,,Subduction zone / Continental crust (>25 km)
300852,Sokol,Russia,Northwest Pacific Volcanic Regions,Eastern Kamchatka Volcanic Arc,Composite,Stratovolcano,,,55.2,160.52,1711,,Subduction zone / Continental crust (>25 km)
300853,Tumrok,Russia,Northwest Pacific Volcanic Regions,Eastern Kamchatka Volcanic Arc,Shield,Shield,,,55.37,160.87,2197,,Subduction zone / Continental crust (>25 km)
300856,Iult,Russia,Northwest Pacific Volcanic Regions,Eastern Kamchatka Volcanic Arc,Composite,Stratovolcano,,,55.23,160.587,1857,,Subduction zone / Continental crust (>25 km)
300859,Zarechny,Russia,Northwest Pacific Volcanic Regions,Eastern Kamchatka Volcanic Arc,Caldera,Caldera(s),,,56.38,160.83,760,,Subduction zone / Continental crust (>25 km)
300860,Kharchinsky,Russia,Northwest Pacific Volcanic Regions,Eastern Kamchatka Volcanic Arc,Composite,Stratovolcano,,,56.425,160.825,1410,,Unknown
300861,Unnamed,Russia,Northwest Pacific Volcanic Regions,Eastern Kamchatka Volcanic Arc,Cluster,Pyroclastic cone(s),,,56.53,160.87,200,,Subduction zone / Continental crust (>25 km)
300863,Lyzyk,Russia,Northwest Pacific Volcanic Regions,Central Kamchatka Volcanic Arc,Minor,Unknown,,,57.23,161.52,0,,Subduction zone / Continental crust (>25 km)
300864,Uchkoren,Russia,Northwest Pacific Volcanic Regions,Central Kamchatka Volcanic Arc,Composite,Unknown,,,57.27,161.35,0,,Subduction zone / Continental crust (>25 km)
300867,Lauchachan,Russia,Northwest Pacific Volcanic Regions,Eastern Kamchatka Volcanic Arc,Shield,Shield,,,55.35,157.1,1018,,Subduction zone / Continental crust (>25 km)
300868,Prodolny,Russia,Northwest Pacific Volcanic Regions,Eastern Kamchatka Volcanic Arc,Shield,Shield(s),,,55.45,157.25,1505,,Subduction zone / Continental crust (>25 km)
300869,Kobalan,Russia,Northwest Pacific Volcanic Regions,Eastern Kamchatka Volcanic Arc,Composite,Stratovolcano,,,55.43,157.37,1174,,Subduction zone / Continental crust (>25 km)
300870,Tynua,Russia,Northwest Pacific Volcanic Regions,Central Kamchatka Volcanic Arc,Shield,Shield(s),,,55.85,157.87,1727,,Subduction zone / Continental crust (>25 km)
300871,Etopan,Russia,Northwest Pacific Volcanic Regions,Central Kamchatka Volcanic Arc,Shield,Shield,,,55.97,157.63,1264,,Subduction zone / Continental crust (>25 km)
300872,Kimitina,Russia,Northwest Pacific Volcanic Regions,Central Kamchatka Volcanic Arc,Composite,Stratovolcano,,,55.25,158.18,1438,,Subduction zone / Continental crust (>25 km)
300873,Unnamed,Russia,Northwest Pacific Volcanic Regions,Central Kamchatka Volcanic Arc,Shield,Shield,,,55.52,158.43,2140,,Subduction zone / Continental crust (>25 km)
300874,Ochchamo,Russia,Northwest Pacific Volcanic Regions,Central Kamchatka Volcanic Arc,Shield,Shield,,,55.62,158.15,2136,,Subduction zone / Continental crust (>25 km)
300875,Bolshoy Kozyrevsky,Russia,Northwest Pacific Volcanic Regions,Central Kamchatka Volcanic Arc,Shield,Shield,,,55.6,158.52,1672,,Subduction zone / Continental crust (>25 km)
300876,Bolshaya Romanovka,Russia,Northwest Pacific Volcanic Regions,Central Kamchatka Volcanic Arc,Shield,Shield,,,55.73,158.77,1821,,Subduction zone / Continental crust (>25 km)
300877,Unnamed,Russia,Northwest Pacific Volcanic Regions,Central Kamchatka Volcanic Arc,Composite,Stratovolcano(es),,,55.88,158.83,1821,,Subduction zone / Continental crust (>25 km)
300878,Bongabti,Russia,Northwest Pacific Volcanic Regions,Central Kamchatka Volcanic Arc,Shield,Shield,,,55.83,158.32,1790,,Subduction zone / Continental crust (>25 km)
300879,Nosichan,Russia,Northwest Pacific Volcanic Regions,Central Kamchatka Volcanic Arc,Shield,Shield,,,56.08,157.75,1105,,Subduction zone / Continental crust (>25 km)
300880,Buduli,Russia,Northwest Pacific Volcanic Regions,Central Kamchatka Volcanic Arc,Shield,Shield,,,56.4,158.7,1477,,Subduction zone / Continental crust (>25 km)
300881,Kopkan,Russia,Northwest Pacific Volcanic Regions,Central Kamchatka Volcanic Arc,Shield,Shield(s),,,56.48,158.83,1120,,Subduction zone / Continental crust (>25 km)
300882,Yanpat,Russia,Northwest Pacific Volcanic Regions,Central Kamchatka Volcanic Arc,Shield,Shield(s),,,56.53,158.8,1205,,Subduction zone / Continental crust (>25 km)
300883,Chavycha,Russia,Northwest Pacific Volcanic Regions,Central Kamchatka Volcanic Arc,Shield,Shield(s),,,56.55,158.65,1190,,Subduction zone / Continental crust (>25 km)
300884,Malaya Ketepana,Russia,Northwest Pacific Volcanic Regions,Central Kamchatka Volcanic Arc,Shield,Shield,,,56.68,158.47,1230,,Unknown
300885,Bolshoy Ketepana,Russia,Northwest Pacific Volcanic Regions,Central Kamchatka Volcanic Arc,Shield,Shield,,,57.05,158.37,1521,,Subduction zone / Continental crust (>25 km)
300886,Unnamed,Russia,Northwest Pacific Volcanic Regions,Central Kamchatka Volcanic Arc,Shield,Shield,,,56.97,158.75,0,,Subduction zone / Continental crust (>25 km)
300887,Ovalny,Russia,Northwest Pacific Volcanic Regions,Central Kamchatka Volcanic Arc,Shield,Shield,,,56.98,158.98,732,,Unknown
300888,Tigilsky,Russia,Northwest Pacific Volcanic Regions,Central Kamchatka Volcanic Arc,Shield,Shield,,,56.812,159.111,1362,,Subduction zone / Continental crust (>25 km)
300889,Perevalovyi,Russia,Northwest Pacific Volcanic Regions,Central Kamchatka Volcanic Arc,Shield,Shield,,,56.57,159.35,1328,,Subduction zone / Continental crust (>25 km)
300890,Maly Alney,Russia,Northwest Pacific Volcanic Regions,Central Kamchatka Volcanic Arc,Composite,Stratovolcano(es),,,56.47,159.77,1858,,Subduction zone / Continental crust (>25 km)
300891,Maly Chekchebonay,Russia,Northwest Pacific Volcanic Regions,Central Kamchatka Volcanic Arc,Shield,Shield,,,56.8,159.45,1247,,Subduction zone / Continental crust (>25 km)
300892,Bolshoy Chekchebonay,Russia,Northwest Pacific Volcanic Regions,Central Kamchatka Volcanic Arc,Shield,Shield,,,56.92,159.42,1391,,Subduction zone / Continental crust (>25 km)
300893,Kireunsky,Russia,Northwest Pacific Volcanic Regions,Central Kamchatka Volcanic Arc,Shield,Shield,,,56.78,159.75,1925,,Subduction zone / Continental crust (>25 km)
300894,Dvukhyurtochny,Russia,Northwest Pacific Volcanic Regions,Central Kamchatka Volcanic Arc,Shield,Shield,,,56.82,159.88,1631,,Subduction zone / Continental crust (>25 km)
300895,Unnamed,Russia,Northwest Pacific Volcanic Regions,Central Kamchatka Volcanic Arc,Minor,Lava dome(s),,,56.93,159.95,0,,Subduction zone / Continental crust (>25 km)
300896,Kalgauch,Russia,Northwest Pacific Volcanic Regions,Central Kamchatka Volcanic Arc,Composite,Stratovolcano,,,56.93,159.73,1206,,Subduction zone / Continental crust (>25 km)
300897,Kunkhilok,Russia,Northwest Pacific Volcanic Regions,Central Kamchatka Volcanic Arc,Composite,Stratovolcano,,,57.321,160.48,1151,,Subduction zone / Continental crust (>25 km)
300898,Shlen,Russia,Northwest Pacific Volcanic Regions,Central Kamchatka Volcanic Arc,Shield,Shield,,,57.48,159.57,1001,,Subduction zone / Continental crust (>25 km)
300899,Pirozhnikova,Russia,Northwest Pacific Volcanic Regions,Central Kamchatka Volcanic Arc,Composite,Stratovolcano,,,57.53,160.339,1646,,Subduction zone / Continental crust (>25 km)
300900,Kamenisty,Russia,Northwest Pacific Volcanic Regions,Central Kamchatka Volcanic Arc,Composite,Stratovolcano,,,57.65,160.43,1762,,Subduction zone / Continental crust (>25 km)
300901,Tekletunup,Russia,Northwest Pacific Volcanic Regions,Central Kamchatka Volcanic Arc,Shield,Shield,,,57.75,160.23,1395,,Subduction zone / Continental crust (>25 km)
300902,Ulvaney,Russia,Northwest Pacific Volcanic Regions,Central Kamchatka Volcanic Arc,Shield,Shield,,,57.78,160.62,1445,,Subduction zone / Continental crust (>25 km)
300903,Mutny,Russia,Northwest Pacific Volcanic Regions,Central Kamchatka Volcanic Arc,Shield,Shield,,,57.72,160.37,1345,,Subduction zone / Continental crust (>25 km)
300904,Khuvkhoitun,Russia,Northwest Pacific Volcanic Regions,Central Kamchatka Volcanic Arc,Composite,Complex,,,57.92,160.65,2618,,Subduction zone / Continental crust (>25 km)
300905,Keveney,Russia,Northwest Pacific Volcanic Regions,Central Kamchatka Volcanic Arc,Shield,Shield,,,58.05,160.73,1887,,Subduction zone / Continental crust (>25 km)
300906,Langtutkin,Russia,Northwest Pacific Volcanic Regions,Central Kamchatka Volcanic Arc,Shield,Shield,,,58.23,161.1,1545,,Subduction zone / Continental crust (>25 km)
301801,Anjuisky,Russia,Eastern Asia Volcanic Regions,Northern Russia Volcanic Province,Minor,Pyroclastic cone(s),,,67.154,165.82,1560,,Intraplate / Continental crust (>25 km)
301805,Balagan-Tas,Russia,Eastern Asia Volcanic Regions,Northern Russia Volcanic Province,Minor,Pyroclastic cone(s),,,65.959,145.893,993,,Intraplate / Continental crust (>25 km)
302800,Dgida Basin,Russia,Eastern Asia Volcanic Regions,Baikal Volcanic Province,Cluster,Pyroclastic cone(s),,,50.52,103.25,1500,,Rift zone / Continental crust (>25 km)
302804,Khamar-Daban,Russia,Eastern Asia Volcanic Regions,Baikal Volcanic Province,Cluster,Volcanic field,,,51.4,102.5,2369,,Rift zone / Continental crust (>25 km)
302805,Khulugayshi,Russia,Eastern Asia Volcanic Regions,Baikal Volcanic Province,Minor,Explosion crater,,,52,102.5,0,,Rift zone / Continental crust (>25 km)
302806,Unnamed,Russia,Eastern Asia Volcanic Regions,Baikal Volcanic Province,Cluster,Fissure vent,,,51.25,96.5,1300,,Rift zone / Continental crust (>25 km)
303800,Unnamed,Mongolia,Eastern Asia Volcanic Regions,Baikal Volcanic Province,Minor,Cone,,,51.33,99.33,1922,,Unknown
303801,Orkhon Gol,Mongolia,Eastern Asia Volcanic Regions,Baikal Volcanic Province,Cluster,Volcanic field,,,48.65,103.5,0,,Intraplate / Continental crust (>25 km)
303803,Tabun Urtu-Ula,Mongolia,Eastern Asia Volcanic Regions,Central Asia Volcanic Province,Unknown,Unknown,,,44.85,107.63,1167,,Unknown
303804,Khutza-Ula,Mongolia,Eastern Asia Volcanic Regions,Central Asia Volcanic Province,Unknown,Unknown,,,42.58,107.5,1162,,Unknown
303805,Unnamed,Mongolia,Eastern Asia Volcanic Regions,Central Asia Volcanic Province,Cluster,Volcanic field,,,42.33,105.98,1217,,Unknown
303806,Unnamed,Mongolia,Eastern Asia Volcanic Regions,Central Asia Volcanic Province,Cluster,Volcanic field,,,43.4,104.02,1752,,Unknown
303807,Unnamed,Mongolia,Eastern Asia Volcanic Regions,Central Asia Volcanic Province,Cluster,Volcanic field,,,44.25,103.53,1527,,Unknown
303808,Durbulzhi-Ula,Mongolia,Eastern Asia Volcanic Regions,Central Asia Volcanic Province,Unknown,Unknown,,,42.8,102.08,1445,,Unknown
303809,Ubur-Khangay,Mongolia,Eastern Asia Volcanic Regions,Central Asia Volcanic Province,Cluster,Volcanic field,,,44.38,101.98,1640,,Unknown
303810,Khubsugal Region,Mongolia,Eastern Asia Volcanic Regions,Baikal Volcanic Province,Cluster,Volcanic field,,,51,101,0,,Intraplate / Continental crust (>25 km)
303811,Ika-Togo-Ula,Mongolia,Eastern Asia Volcanic Regions,Baikal Volcanic Province,Minor,Pyroclastic cone(s),,,47.896,103.054,1600,,Unknown
304040,Unnamed,China,Eastern Asia Volcanic Regions,Kunlun Fault Volcano Group,Cluster,Volcanic field,,,35.85,91.7,5400,Phonolite,Intraplate / Continental crust (>25 km)
304803,Unnamed,China,Eastern Asia Volcanic Regions,Kunlun Fault Volcano Group,Unknown,Unknown,,,35.47,82.92,6900,,Intraplate / Continental crust (>25 km)
305801,Jianghui Group,China,Eastern Asia Volcanic Regions,East-Central Asia Volcanic Province,Minor,Pyroclastic cone,,,31.95,118.95,0,,Unknown
305802,Nushan,China,Eastern Asia Volcanic Regions,East-Central Asia Volcanic Province,Minor,Cone,,,33.12,118.75,0,,Unknown
305803,Datong-Fengzen,China,Eastern Asia Volcanic Regions,East-Central Asia Volcanic Province,Cluster,Volcanic field,,,40,113.28,1882,,Intraplate / Continental crust (>25 km)
305806,Dalainuoer,China,Eastern Asia Volcanic Regions,East-Central Asia Volcanic Province,Cluster,Pyroclastic cone(s),,,44,115.5,0,,Intraplate / Continental crust (>25 km)
305809,Erkeshan,China,Eastern Asia Volcanic Regions,East-Central Asia Volcanic Province,Minor,Pyroclastic cone(s),,,48.056,126.261,416,,Intraplate / Continental crust (>25 km)
305831,Unnamed,China,Eastern Asia Volcanic Regions,East-Central Asia Volcanic Province,Unknown,Unknown,,,23.3,116.15,0,,Intraplate / Continental crust (>25 km)
305832,Longhai,China,Eastern Asia Volcanic Regions,East-Central Asia Volcanic Province,Unknown,Unknown,,,24.5,117.5,0,,Intraplate / Continental crust (>25 km)
305833,Yichuan,China,Eastern Asia Volcanic Regions,East-Central Asia Volcanic Province,Cluster,Volcanic field,,,34,113,0,,Intraplate / Continental crust (>25 km)
305834,Tangy'n,China,Eastern Asia Volcanic Regions,East-Central Asia Volcanic Province,Unknown,Unknown,,,35.25,114.5,0,,Intraplate / Continental crust (>25 km)
305835,Huixian,China,Eastern Asia Volcanic Regions,East-Central Asia Volcanic Province,Unknown,Unknown,,,36,115.25,0,,Intraplate / Continental crust (>25 km)
305840,Heibei Plain,China,Eastern Asia Volcanic Regions,East-Central Asia Volcanic Province,Unknown,Unknown,,,38,117.5,0,,Intraplate / Continental crust (>25 km)
305841,Unnamed,China,Eastern Asia Volcanic Regions,East-Central Asia Volcanic Province,Unknown,Unknown,,,37,114.5,0,,Intraplate / Continental crust (>25 km)
305842,Taihangshanlu,China,Eastern Asia Volcanic Regions,East-Central Asia Volcanic Province,Unknown,Unknown,,,38,113.75,0,,Intraplate / Continental crust (>25 km)
305843,Unnamed,China,Eastern Asia Volcanic Regions,East-Central Asia Volcanic Province,Unknown,Unknown,,,38.75,115,0,,Intraplate / Continental crust (>25 km)
305844,Unnamed,China,Eastern Asia Volcanic Regions,East-Central Asia Volcanic Province,Unknown,Unknown,,,39.25,113.52,0,,Unknown
305845,Chifeng,China,Eastern Asia Volcanic Regions,East-Central Asia Volcanic Province,Unknown,Unknown,,,42.25,118.5,0,,Intraplate / Continental crust (>25 km)
305847,Nuomin,China,Eastern Asia Volcanic Regions,East-Central Asia Volcanic Province,Cluster,Pyroclastic cone(s),,,49.617,123.717,906,,Unknown
305849,Jianshan,China,Eastern Asia Volcanic Regions,East-Central Asia Volcanic Province,Shield,Shield,,,48.891,125.615,399,,Unknown
305852,Dunhua,China,Eastern Asia Volcanic Regions,East-Central Asia Volcanic Province,Unknown,Unknown,,,43.163,127.939,826,,Intraplate / Continental crust (>25 km)
305853,Yitong Group,China,Eastern Asia Volcanic Regions,East-Central Asia Volcanic Province,Minor,Lava dome(s),,,43.33,125.25,389,,Unknown
305854,Fanjiatung Group,China,Eastern Asia Volcanic Regions,East-Central Asia Volcanic Province,Minor,Cone(s),,,43.75,125.17,283,,Unknown
305855,Kuandian,China,Eastern Asia Volcanic Regions,East-Central Asia Volcanic Province,Minor,Pyroclastic cone(s),,,40.75,124.67,513,,Unknown
306800,Kilchu-Myongch'on,North Korea,Eastern Asia Volcanic Regions,East-Central Asia Volcanic Province,Cluster,Volcanic field,,,41,129.7,0,,Intraplate / Continental crust (>25 km)
306801,Koksan-Singye,North Korea,Eastern Asia Volcanic Regions,East-Central Asia Volcanic Province,Shield,Shield,,,38.67,127.42,680,,Intraplate / Continental crust (>25 km)
311150,Sergief,United States,North American Volcanic Regions,Aleutian Ridge Volcanic Arc,Composite,Stratovolcano,,,52.05,-174.95,560,No Data (checked),Subduction zone / Intermediate crust (15-25 km)
311370,Isanotski Peaks,United States,North American Volcanic Regions,Aleutian Ridge Volcanic Arc,Composite,Stratovolcano,,,54.765,-163.723,2446,No Data (checked),Subduction zone / Continental crust (>25 km)
311800,Adagdak,United States,North American Volcanic Regions,Aleutian Ridge Volcanic Arc,Composite,Stratovolcano,,,51.988,-176.592,610,,Subduction zone / Intermediate crust (15-25 km)
311803,Gilbert,United States,North American Volcanic Regions,Aleutian Ridge Volcanic Arc,Composite,Stratovolcano,,,54.25,-165.65,818,,Subduction zone / Intermediate crust (15-25 km)
312801,Trader Mountain,United States,North American Volcanic Regions,Aleutian Ridge Volcanic Arc,Composite,Stratovolcano,,,55.565,-161.944,775,,Subduction zone / Continental crust (>25 km)
312803,Blue Mountain,United States,North American Volcanic Regions,Alaska Peninsula Volcanic Arc,Cluster,Volcanic field,,,57.72,-156.847,541,,Subduction zone / Continental crust (>25 km)
312804,Gertrude Creek,United States,North American Volcanic Regions,Alaska Peninsula Volcanic Arc,Minor,Pyroclastic cone,,,58.034,-156.146,437,,Subduction zone / Continental crust (>25 km)
312805,Devils Desk,United States,North American Volcanic Regions,Alaska Peninsula Volcanic Arc,Composite,Stratovolcano,,,58.474,-154.306,1955,,Subduction zone / Continental crust (>25 km)
312806,Savonovski River Cluster,United States,North American Volcanic Regions,Alaska Peninsula Volcanic Arc,Composite,Stratovolcano(es),,,58.55,-154.5,1298,,Subduction zone / Continental crust (>25 km)
313800,Double Glacier,United States,North American Volcanic Regions,Alaska Peninsula Volcanic Arc,Minor,Lava dome(s),,,60.68,-152.62,1239,,Subduction zone / Continental crust (>25 km)
314020,Nunivak Island,United States,North American Volcanic Regions,Northern Alaska-Bering Sea Volcanic Province,Cluster,Shield,,,60.02,-166.33,511,Basalt / Picro-Basalt,Intraplate / Continental crust (>25 km)
314050,Kookooligit Mountains,United States,North American Volcanic Regions,Northern Alaska-Bering Sea Volcanic Province,Shield,Shield,,,63.6,-170.43,673,Basalt / Picro-Basalt,Intraplate / Continental crust (>25 km)
314800,St. George,United States,North American Volcanic Regions,Northern Alaska-Bering Sea Volcanic Province,Cluster,Volcanic field,,,56.58,-169.58,288,,Intraplate / Continental crust (>25 km)
314803,Togiak Valley,United States,North American Volcanic Regions,Northern Alaska-Bering Sea Volcanic Province,Cluster,Volcanic field,,,59.2,-160.08,300,,Intraplate / Continental crust (>25 km)
314804,Ingrichuak Hills,United States,North American Volcanic Regions,Northern Alaska-Bering Sea Volcanic Province,Minor,Pyroclastic cone(s),,,62.22,-164.3,188,,Intraplate / Continental crust (>25 km)
314805,Selawik Hills,United States,North American Volcanic Regions,Northern Alaska-Bering Sea Volcanic Province,Cluster,Pyroclastic cone(s),,,66.033,-160.067,365,,Intraplate / Continental crust (>25 km)
314806,Espenberg,United States,North American Volcanic Regions,Northern Alaska-Bering Sea Volcanic Province,Cluster,Volcanic field,,,66.35,-164.33,243,,Intraplate / Continental crust (>25 km)
315010,Sanford,United States,North American Volcanic Regions,Wrangell Volcanic Arc,Shield,Shield,,,62.213,-144.13,4959,Andesite / Basaltic Andesite,Intraplate / Continental crust (>25 km)
315021,Gordon,United States,North American Volcanic Regions,Wrangell Volcanic Arc,Minor,Pyroclastic cone(s),,,62.1315,-143.089,2760,Basalt / Picro-Basalt,Subduction zone / Continental crust (>25 km)
315055,Addington Volcanic Field,United States,North American Volcanic Regions,Queen Charlotte Volcanic Province,Cluster,Volcanic field,,,55.44,-134.17,-74,,Unknown
315100,Maclaren River Volcanic Field,United States,North American Volcanic Regions,Northern Cordillera Volcanic Province,Minor,Volcanic field,,,63.1369,-146.32,1470,,Unknown
315800,Prindle,United States,North American Volcanic Regions,Northern Cordillera Volcanic Province,Minor,Pyroclastic cone,,,63.716,-141.634,1245,,Intraplate / Continental crust (>25 km)
315801,Capital,United States,North American Volcanic Regions,Wrangell Volcanic Arc,Shield,Shield,,,62.43,-144.12,2356,,Subduction zone / Continental crust (>25 km)
315802,Jumbo Dome,United States,North American Volcanic Regions,Alaska Peninsula Volcanic Arc,Minor,Lava dome,,,63.966,-148.685,1369,,Intraplate / Continental crust (>25 km)
315803,Drum,United States,North American Volcanic Regions,Wrangell Volcanic Arc,Composite,Stratovolcano,,,62.12,-144.63,3661,,Intraplate / Continental crust (>25 km)
315804,Tanada,United States,North American Volcanic Regions,Wrangell Volcanic Arc,Shield,Shield,,,62.3,-143.52,2816,,Subduction zone / Continental crust (>25 km)
315805,Jarvis,United States,North American Volcanic Regions,Wrangell Volcanic Arc,Composite,Stratovolcano,,,62.024,-143.619,4112,,Subduction zone / Continental crust (>25 km)
315808,Basalt Knob,United States,North American Volcanic Regions,Queen Charlotte Volcanic Province,Minor,Cone,,,58.03,-136.33,100,,Intraplate / Continental crust (>25 km)
315809,Skookum Creek,United States,North American Volcanic Regions,Wrangell Volcanic Arc,Cluster,Lava dome(s),,,62.4,-143.147,2172,,Intraplate / Continental crust (>25 km)
320130,Satah Mountain,Canada,North American Volcanic Regions,Interior Western Canada Volcanic Province,Cluster,Volcanic field,,,52.417,-124.617,1923,Trachybasalt / Tephrite Basanite,Intraplate / Continental crust (>25 km)
320135,Baldface Mountain,Canada,North American Volcanic Regions,Interior Western Canada Volcanic Province,Cluster,Volcanic field,,,52.742,-124.458,1798,,Intraplate / Continental crust (>25 km)
320804,Kawdy Metah,Canada,North American Volcanic Regions,Northern Cordillera Volcanic Province,Cluster,Volcanic field,,,59.02,-131.15,1950,,Intraplate / Continental crust (>25 km)
320805,Dark Mountain,Canada,North American Volcanic Regions,Northern Cordillera Volcanic Province,Cluster,Volcanic field,,,58.52,-129.6,1972,,Intraplate / Continental crust (>25 km)
320806,Klastline Group,Canada,North American Volcanic Regions,Northern Cordillera Volcanic Province,Cluster,Pyroclastic cone(s),,,57.88,-130.2,1980,,Intraplate / Continental crust (>25 km)
320807,Hogum Range,Canada,North American Volcanic Regions,Northern Cordillera Volcanic Province,Cluster,Volcanic field,,,56.15,-126.7,2020,,Intraplate / Continental crust (>25 km)
320808,Alice Arm,Canada,North American Volcanic Regions,Northern Cordillera Volcanic Province,Cluster,Volcanic field,,,55.43,-129.37,0,,Intraplate / Continental crust (>25 km)
320809,Itcha Range,Canada,North American Volcanic Regions,Interior Western Canada Volcanic Province,Cluster,Shield,,,52.667,-124.833,2371,,Intraplate / Continental crust (>25 km)
320810,Chilcotin Group-North,Canada,North American Volcanic Regions,Interior Western Canada Volcanic Province,Cluster,Volcanic field,,,51.45,-122.33,1800,,Intraplate / Continental crust (>25 km)
320812,Squamish,Canada,North American Volcanic Regions,Garibaldi Volcanic Arc,Cluster,Volcanic field,,,49.65,-123.22,790,,Subduction zone / Continental crust (>25 km)
320813,Chilcotin Group-South,Canada,North American Volcanic Regions,Interior Western Canada Volcanic Province,Cluster,Volcanic field,,,50.15,-119.62,2100,,Subduction zone / Continental crust (>25 km)
320817,Quesnel Cone Group,Canada,North American Volcanic Regions,Interior Western Canada Volcanic Province,Minor,Pyroclastic cone(s),,,52.5,-121.17,1646,,Intraplate / Continental crust (>25 km)
321800,Tumac Mountain,United States,North American Volcanic Regions,High Cascades Volcanic Arc,Minor,Pyroclastic cone,,,46.713,-121.352,1932,,Subduction zone / Continental crust (>25 km)
321801,Goat Rocks,United States,North American Volcanic Regions,High Cascades Volcanic Arc,Composite,Stratovolcano,,,46.5,-121.4,2494,,Subduction zone / Continental crust (>25 km)
321802,Marble Mountain,United States,North American Volcanic Regions,High Cascades Volcanic Arc,Shield,Shield,,,46.109,-122.129,1255,,Subduction zone / Continental crust (>25 km)
321803,Simcoe,United States,North American Volcanic Regions,High Cascades Volcanic Arc,Cluster,Volcanic field,,,46.1,-120.9,1775,,Subduction zone / Continental crust (>25 km)
322130,Lava Mountain,United States,North American Volcanic Regions,High Lava Plains Volcanic Province,Cluster,Volcanic field,,,43.472,-120.754,1711,Basalt / Picro-Basalt,Rift zone / Continental crust (>25 km)
322140,Four Craters Lava Field,United States,North American Volcanic Regions,High Lava Plains Volcanic Province,Cluster,Volcanic field,,,43.361,-120.669,1501,Basalt / Picro-Basalt,Rift zone / Continental crust (>25 km)
322800,Boring Lava,United States,North American Volcanic Regions,High Cascades Volcanic Arc,Cluster,Volcanic field,,,45.3,-122.5,1236,,Subduction zone / Continental crust (>25 km)
322801,Defiance,United States,North American Volcanic Regions,High Cascades Volcanic Arc,Shield,Shield,,,45.649,-121.723,1512,,Subduction zone / Continental crust (>25 km)
322802,Lost Lake Butte,United States,North American Volcanic Regions,High Cascades Volcanic Arc,Shield,Shield,,,45.496,-121.796,1362,,Subduction zone / Continental crust (>25 km)
322803,Wilson,United States,North American Volcanic Regions,High Cascades Volcanic Arc,Shield,Shield(s),,,45.066,-121.658,1707,,Subduction zone / Continental crust (>25 km)
322804,Olallie Butte,United States,North American Volcanic Regions,High Cascades Volcanic Arc,Shield,Shield(s),,,44.82,-121.75,2199,,Subduction zone / Continental crust (>25 km)
322805,Three Fingered Jack,United States,North American Volcanic Regions,High Cascades Volcanic Arc,Shield,Shield(s),,,44.48,-121.842,2390,,Subduction zone / Continental crust (>25 km)
322806,Black Butte,United States,North American Volcanic Regions,High Cascades Volcanic Arc,Composite,Stratovolcano,,,44.4,-121.63,1962,,Subduction zone / Continental crust (>25 km)
322807,Washington,United States,North American Volcanic Regions,High Cascades Volcanic Arc,Shield,Shield,,,44.332,-121.837,2376,,Subduction zone / Continental crust (>25 km)
322808,Black Crater,United States,North American Volcanic Regions,High Cascades Volcanic Arc,Shield,Shield(s),,,44.266,-121.749,2210,,Subduction zone / Continental crust (>25 km)
322809,Scott Mountain,United States,North American Volcanic Regions,High Cascades Volcanic Arc,Shield,Shield,,,44.241,-121.915,1864,,Subduction zone / Continental crust (>25 km)
322810,Tumalo,United States,North American Volcanic Regions,High Cascades Volcanic Arc,Minor,Lava dome(s),,,44.099,-121.541,1955,,Subduction zone / Continental crust (>25 km)
322811,Broken Top,United States,North American Volcanic Regions,High Cascades Volcanic Arc,Composite,Stratovolcano,,,44.08,-121.7,2797,,Subduction zone / Continental crust (>25 km)
322812,Williamson Mountain,United States,North American Volcanic Regions,High Cascades Volcanic Arc,Shield,Shield(s),,,43.924,-121.825,1921,,Subduction zone / Continental crust (>25 km)
322813,Irish Mountain,United States,North American Volcanic Regions,High Cascades Volcanic Arc,Shield,Shield,,,43.851,-121.975,2101,,Subduction zone / Continental crust (>25 km)
322814,Taylor Butte,United States,North American Volcanic Regions,High Cascades Volcanic Arc,Shield,Shield,,,43.805,-122.018,1775,,Subduction zone / Continental crust (>25 km)
322815,Cultus Mountain,United States,North American Volcanic Regions,High Cascades Volcanic Arc,Shield,Shield,,,43.819,-121.871,2060,,Subduction zone / Continental crust (>25 km)
322816,Wuksi Butte-Twin Lakes,United States,North American Volcanic Regions,High Cascades Volcanic Arc,Cluster,Volcanic field,,,43.77,-121.77,1590,,Subduction zone / Continental crust (>25 km)
322817,Cupit Mary Mountain,United States,North American Volcanic Regions,High Cascades Volcanic Arc,Shield,Shield,,,43.731,-122.11,1879,,Subduction zone / Continental crust (>25 km)
322818,Fuji Mountain,United States,North American Volcanic Regions,High Cascades Volcanic Arc,Shield,Shield(s),,,43.659,-122.103,2177,,Subduction zone / Continental crust (>25 km)
322819,Maiden Peak,United States,North American Volcanic Regions,High Cascades Volcanic Arc,Shield,Shield(s),,,43.627,-121.965,2383,,Subduction zone / Continental crust (>25 km)
322820,Red Top Mountain,United States,North American Volcanic Regions,High Cascades Volcanic Arc,Shield,Shield(s),,,43.51,-122.03,2118,,Subduction zone / Continental crust (>25 km)
322821,Cowhorn Mountain,United States,North American Volcanic Regions,High Cascades Volcanic Arc,Shield,Shield(s),,,43.4,-122.054,2336,,Subduction zone / Continental crust (>25 km)
322822,Cappy Mountain,United States,North American Volcanic Regions,High Cascades Volcanic Arc,Composite,Stratovolcano,,,43.31,-121.979,2253,,Subduction zone / Continental crust (>25 km)
322823,China Hat-East Butte,United States,North American Volcanic Regions,High Lava Plains Volcanic Province,Minor,Lava dome(s),,,43.681,-121.034,2004,,Rift zone / Continental crust (>25 km)
322824,Quartz Mountain,United States,North American Volcanic Regions,High Lava Plains Volcanic Province,Minor,Lava dome,,,43.629,-120.899,1885,,Rift zone / Continental crust (>25 km)
322825,Fort Rock Volcanic Field,United States,North American Volcanic Regions,High Lava Plains Volcanic Province,Cluster,Maar(s),,,43.392,-121.142,1712,,Subduction zone / Continental crust (>25 km)
322826,Diamond Peak,United States,North American Volcanic Regions,High Cascades Volcanic Arc,Shield,Shield,,,43.521,-122.148,2665,,Subduction zone / Continental crust (>25 km)
322827,Thielsen,United States,North American Volcanic Regions,High Cascades Volcanic Arc,Shield,Shield,,,43.153,-122.065,2799,,Subduction zone / Continental crust (>25 km)
322828,Bailey,United States,North American Volcanic Regions,High Cascades Volcanic Arc,Shield,Shield,,,43.155,-122.219,2551,,Subduction zone / Continental crust (>25 km)
322829,Goose Nest,United States,North American Volcanic Regions,High Cascades Volcanic Arc,Shield,Shield,,,42.788,-122.154,2213,,Subduction zone / Continental crust (>25 km)
322830,Big Bunchgrass,United States,North American Volcanic Regions,High Cascades Volcanic Arc,Minor,Pyroclastic cone,,,42.703,-122.194,2024,,Subduction zone / Continental crust (>25 km)
322831,Imagination Peak,United States,North American Volcanic Regions,High Cascades Volcanic Arc,Minor,Pyroclastic cone,,,42.552,-122.201,1986,,Subduction zone / Continental crust (>25 km)
322832,Sprague River Valley,United States,North American Volcanic Regions,High Cascades Volcanic Arc,Cluster,Shield(s),,,42.5,-121.5,1300,,Intraplate / Continental crust (>25 km)
322833,Pelican Butte,United States,North American Volcanic Regions,High Cascades Volcanic Arc,Shield,Shield,,,42.52,-122.13,2449,,Subduction zone / Continental crust (>25 km)
322834,McLoughlin,United States,North American Volcanic Regions,High Cascades Volcanic Arc,Composite,Stratovolcano,,,42.445,-122.315,2894,,Subduction zone / Continental crust (>25 km)
322835,Brown Mountain,United States,North American Volcanic Regions,High Cascades Volcanic Arc,Shield,Shield,,,42.365,-122.27,2228,,Subduction zone / Continental crust (>25 km)
322836,Silver Creek,United States,North American Volcanic Regions,High Lava Plains Volcanic Province,Cluster,Volcanic field,,,43.4,-119.5,1375,,Intraplate / Continental crust (>25 km)
322837,Saddle Butte,United States,North American Volcanic Regions,High Lava Plains Volcanic Province,Cluster,Volcanic field,,,43,-117.8,1700,,Rift zone / Continental crust (>25 km)
322838,Lava Butte,United States,North American Volcanic Regions,High Lava Plains Volcanic Province,Shield,Shield(s),,,43.001,-117.422,1447,,Rift zone / Continental crust (>25 km)
322841,Mountain Lakes,United States,North American Volcanic Regions,High Cascades Volcanic Arc,Cluster,Volcanic field,,,42.32,-122.08,2502,,Subduction zone / Continental crust (>25 km)
322842,Jackies Butte,United States,North American Volcanic Regions,High Lava Plains Volcanic Province,Cluster,Volcanic field,,,42.606,-117.589,1418,,Rift zone / Continental crust (>25 km)
323030,Brushy Butte,United States,North American Volcanic Regions,High Cascades Volcanic Arc,Shield,Shield,,,41.178,-121.445,1168,Basalt / Picro-Basalt,Subduction zone / Continental crust (>25 km)
323040,Twin Buttes,United States,North American Volcanic Regions,High Cascades Volcanic Arc,Cluster,Pyroclastic cone(s),,,40.777,-121.591,1631,Basalt / Picro-Basalt,Subduction zone / Continental crust (>25 km)
323050,Silver Lake Volcanic Field,United States,North American Volcanic Regions,High Cascades Volcanic Arc,Cluster,Volcanic field,,,40.731,-121.841,1535,Basalt / Picro-Basalt,Subduction zone / Continental crust (>25 km)
323060,Tumble Buttes,United States,North American Volcanic Regions,High Cascades Volcanic Arc,Minor,Pyroclastic cone(s),,,40.68,-121.55,2191,Andesite / Basaltic Andesite,Subduction zone / Continental crust (>25 km)
323090,Eagle Lake Field,United States,North American Volcanic Regions,High Cascades Volcanic Arc,Cluster,Fissure vent(s),,,40.63,-120.83,1652,Basalt / Picro-Basalt,Subduction zone / Continental crust (>25 km)
323170,Golden Trout Creek,United States,North American Volcanic Regions,Basin and Range Volcanic Province,Cluster,Volcanic field,,,36.358,-118.32,2886,Basalt / Picro-Basalt,Rift zone / Continental crust (>25 km)
323180,Coso Volcanic Field,United States,North American Volcanic Regions,Basin and Range Volcanic Province,Cluster,Lava dome(s),,,36.03,-117.82,2400,Rhyolite,Rift zone / Continental crust (>25 km)
323190,Lavic Lake,United States,North American Volcanic Regions,Basin and Range Volcanic Province,Cluster,Volcanic field,,,34.75,-116.625,1495,Basalt / Picro-Basalt,Rift zone / Continental crust (>25 km)
323800,Copco Lake,United States,North American Volcanic Regions,High Cascades Volcanic Arc,Minor,Pyroclastic cone(s),,,41.97,-122.33,975,,Subduction zone / Continental crust (>25 km)
323801,Goosenest,United States,North American Volcanic Regions,High Cascades Volcanic Arc,Shield,Shield,,,41.722,-122.22,2528,,Subduction zone / Continental crust (>25 km)
323802,Whaleback,United States,North American Volcanic Regions,High Cascades Volcanic Arc,Shield,Shield,,,41.528,-122.14,2605,,Subduction zone / Continental crust (>25 km)
323803,Rainbow Mountain,United States,North American Volcanic Regions,High Cascades Volcanic Arc,Composite,Stratovolcano,,,41.474,-121.956,2323,,Subduction zone / Continental crust (>25 km)
323804,Hackamore,United States,North American Volcanic Regions,High Cascades Volcanic Arc,Cluster,Volcanic field,,,41.67,-121.17,1703,,Subduction zone / Continental crust (>25 km)
323805,Big Cave,United States,North American Volcanic Regions,High Cascades Volcanic Arc,Shield,Shield,,,40.955,-121.365,1259,,Subduction zone / Continental crust (>25 km)
323806,Cinder Butte,United States,North American Volcanic Regions,High Cascades Volcanic Arc,Shield,Shield,,,40.87,-121.49,1337,,Subduction zone / Continental crust (>25 km)
323807,Burney Mountain,United States,North American Volcanic Regions,High Cascades Volcanic Arc,Minor,Lava dome(s),,,40.806,-121.628,2397,,Subduction zone / Continental crust (>25 km)
323808,Snow Mountain,United States,North American Volcanic Regions,High Cascades Volcanic Arc,Composite,Stratovolcano,,,40.763,-121.798,2077,,Subduction zone / Continental crust (>25 km)
323809,Magee Peak,United States,North American Volcanic Regions,High Cascades Volcanic Arc,Composite,Stratovolcano,,,40.698,-121.619,2647,,Subduction zone / Continental crust (>25 km)
323810,Blacks Mountain,United States,North American Volcanic Regions,High Cascades Volcanic Arc,Shield,Shield,,,40.775,-121.191,2220,,Subduction zone / Continental crust (>25 km)
323811,Potato Butte,United States,North American Volcanic Regions,High Cascades Volcanic Arc,Cluster,Shield(s),,,40.63,-121.43,1532,,Subduction zone / Continental crust (>25 km)
323812,Latour Butte,United States,North American Volcanic Regions,High Cascades Volcanic Arc,Minor,Lava cone,,,40.608,-121.709,2054,,Subduction zone / Continental crust (>25 km)
323813,Caribou,United States,North American Volcanic Regions,High Cascades Volcanic Arc,Cluster,Volcanic field,,,40.6,-121.15,2309,,Subduction zone / Continental crust (>25 km)
323814,Red Lake Mountain,United States,North American Volcanic Regions,High Cascades Volcanic Arc,Minor,Pyroclastic cone,,,40.571,-121.594,2036,,Subduction zone / Continental crust (>25 km)
323815,Table Mountain,United States,North American Volcanic Regions,High Cascades Volcanic Arc,Composite,Stratovolcano,,,40.557,-121.55,2097,,Subduction zone / Continental crust (>25 km)
323816,Black Butte,United States,North American Volcanic Regions,High Cascades Volcanic Arc,Minor,Pyroclastic cone,,,40.45,-122,813,,Subduction zone / Continental crust (>25 km)
323817,Dittmar,United States,North American Volcanic Regions,High Cascades Volcanic Arc,Composite,Stratovolcano,,,40.453,-121.347,2328,,Subduction zone / Continental crust (>25 km)
323818,Sifford Mountain,United States,North American Volcanic Regions,High Cascades Volcanic Arc,Shield,Shield,,,40.416,-121.412,2149,,Subduction zone / Continental crust (>25 km)
323819,Maidu,United States,North American Volcanic Regions,High Cascades Volcanic Arc,Composite,Stratovolcano,,,40.3,-121.62,2123,,Subduction zone / Continental crust (>25 km)
323820,Inskip Hill,United States,North American Volcanic Regions,High Cascades Volcanic Arc,Minor,Pyroclastic cone(s),,,40.341,-121.943,945,,Subduction zone / Continental crust (>25 km)
323821,Sutter Buttes,United States,North American Volcanic Regions,California Coast Ranges Volcanic Province,Minor,Lava dome(s),,,39.206,-121.821,645,,Subduction zone / Continental crust (>25 km)
323822,Long Valley,United States,North American Volcanic Regions,Basin and Range Volcanic Province,Caldera,Caldera,,,37.7,-118.87,3390,,Rift zone / Continental crust (>25 km)
323823,Big Pine Volcanic Field,United States,North American Volcanic Regions,Basin and Range Volcanic Province,Minor,Pyroclastic cone(s),,,37.05,-118.25,1950,,Subduction zone / Continental crust (>25 km)
323824,Lava Mountains Volcanic Field,United States,North American Volcanic Regions,Basin and Range Volcanic Province,Minor,Lava dome(s),,,35.5,-117.5,1510,,Unknown
323825,Cima Lava Field,United States,North American Volcanic Regions,Basin and Range Volcanic Province,Cluster,Volcanic field,,,35.27,-115.75,1509,,Rift zone / Continental crust (>25 km)
323826,Amboy,United States,North American Volcanic Regions,Basin and Range Volcanic Province,Minor,Pyroclastic cone,,,34.55,-115.78,288,,Rift zone / Continental crust (>25 km)
323827,Pinto Basin-Salton Creek,United States,North American Volcanic Regions,Basin and Range Volcanic Province,Cluster,Volcanic field,,,33.9,-115.63,600,,Subduction zone / Continental crust (>25 km)
324800,Sinker Butte,United States,North American Volcanic Regions,High Lava Plains Volcanic Province,Shield,Shield,,,43.25,-116.62,1012,,Rift zone / Continental crust (>25 km)
324801,Mountain Home-Kuna Lava Field,United States,North American Volcanic Regions,High Lava Plains Volcanic Province,Minor,Pyroclastic cone(s),,,43.2,-115.98,1040,,Subduction zone / Continental crust (>25 km)
324802,"Grande, Cerro",United States,North American Volcanic Regions,Yellowstone-Snake River Hotspot Volcano Group,Cluster,Fissure vent(s),,,43.45,-112.83,0,,Rift zone / Continental crust (>25 km)
324803,Blackfoot Lava Field,United States,North American Volcanic Regions,Basin and Range Volcanic Province,Cluster,Volcanic field,,,42.85,-111.75,2185,,Intraplate / Continental crust (>25 km)
324804,Menan Buttes,United States,North American Volcanic Regions,Yellowstone-Snake River Hotspot Volcano Group,Minor,Tuff cone(s),,,43.78,-111.97,1713,,Rift zone / Continental crust (>25 km)
325010,Yellowstone,United States,North American Volcanic Regions,Yellowstone-Snake River Hotspot Volcano Group,Caldera,Caldera(s),,,44.43,-110.67,2805,Rhyolite,Rift zone / Continental crust (>25 km)
325802,Leucite Hills,United States,North American Volcanic Regions,Basin and Range Volcanic Province,Cluster,Volcanic field,,,41.8,-108.9,0,,Rift zone / Continental crust (>25 km)
326800,Buffalo Valley,United States,North American Volcanic Regions,Basin and Range Volcanic Province,Cluster,Volcanic field,,,40.35,-117.3,1750,,Rift zone / Continental crust (>25 km)
326801,Steamboat Springs,United States,North American Volcanic Regions,Basin and Range Volcanic Province,Minor,Lava dome(s),,,39.375,-119.72,1415,,Rift zone / Continental crust (>25 km)
326802,Aurora-Bodie,United States,North American Volcanic Regions,Basin and Range Volcanic Province,Cluster,Volcanic field,,,38.32,-118.88,2365,,Rift zone / Continental crust (>25 km)
326803,Lunar Crater,United States,North American Volcanic Regions,Basin and Range Volcanic Province,Cluster,Pyroclastic cone(s),,,38.48,-115.97,2255,,Rift zone / Continental crust (>25 km)
326804,Clayton Valley,United States,North American Volcanic Regions,Basin and Range Volcanic Province,Minor,Pyroclastic cone,,,37.82,-117.62,1490,,Rift zone / Continental crust (>25 km)
326805,Crater Flat,United States,North American Volcanic Regions,Basin and Range Volcanic Province,Cluster,Volcanic field,,,36.77,-116.55,1127,,Rift zone / Continental crust (>25 km)
326810,Sheldon-Antelope,United States,North American Volcanic Regions,Basin and Range Volcanic Province,Cluster,Volcanic field,,,41.8,-119.1,0,,Rift zone / Continental crust (>25 km)
327010,Santa Clara,United States,North American Volcanic Regions,Basin and Range Volcanic Province,Cluster,Volcanic field,,,37.257,-113.625,1465,Trachybasalt / Tephrite Basanite,Rift zone / Continental crust (>25 km)
327030,Bald Knoll,United States,North American Volcanic Regions,Basin and Range Volcanic Province,Minor,Pyroclastic cone(s),,,37.328,-112.408,2135,Basalt / Picro-Basalt,Rift zone / Continental crust (>25 km)
327800,Kolob,United States,North American Volcanic Regions,Basin and Range Volcanic Province,Cluster,Volcanic field,,,37.33,-113.12,2727,,Rift zone / Continental crust (>25 km)
327801,Mineral Mountains-Cove Fort,United States,North American Volcanic Regions,Basin and Range Volcanic Province,Cluster,Volcanic field,,,38.58,-112.67,2770,,Rift zone / Continental crust (>25 km)
327802,Smelter Knolls,United States,North American Volcanic Regions,Basin and Range Volcanic Province,Minor,Lava dome(s),,,39.434,-112.857,1555,,Rift zone / Continental crust (>25 km)
327803,Fumarole Butte,United States,North American Volcanic Regions,Basin and Range Volcanic Province,Shield,Shield,,,39.616,-112.803,1609,,Rift zone / Continental crust (>25 km)
327810,Potrillo Volcanic Field,United States,North American Volcanic Regions,Basin and Range Volcanic Province,Cluster,Pyroclastic cone(s),,,31.98,-107.13,1695,,Unknown
327811,Jornada del Muerto,United States,North American Volcanic Regions,Basin and Range Volcanic Province,Shield,Shield,,,33.53,-106.87,1555,,Rift zone / Continental crust (>25 km)
327813,Lucero,United States,North American Volcanic Regions,Basin and Range Volcanic Province,Cluster,Volcanic field,,,34.42,-107.2,2395,,Rift zone / Continental crust (>25 km)
327814,Taylor Volcanic Field,United States,North American Volcanic Regions,Basin and Range Volcanic Province,Composite,Stratovolcano,,,35.33,-107.45,3460,,Unknown
327815,Cat Hills,United States,North American Volcanic Regions,Basin and Range Volcanic Province,Cluster,Volcanic field,,,34.83,-106.83,1750,,Rift zone / Continental crust (>25 km)
327816,Albuquerque,United States,North American Volcanic Regions,Basin and Range Volcanic Province,Cluster,Volcanic field,,,35.12,-106.75,1800,,Rift zone / Continental crust (>25 km)
327817,Valles Caldera,United States,North American Volcanic Regions,Basin and Range Volcanic Province,Caldera,Caldera,,,35.908,-106.517,3441,,Rift zone / Continental crust (>25 km)
327818,Taos Plateau,United States,North American Volcanic Regions,Basin and Range Volcanic Province,Cluster,Volcanic field,,,36.83,-105.83,3087,,Rift zone / Continental crust (>25 km)
327819,Ocate,United States,North American Volcanic Regions,Basin and Range Volcanic Province,Cluster,Volcanic field,,,36.12,-104.75,3000,,Rift zone / Continental crust (>25 km)
327820,Raton-Clayton,United States,North American Volcanic Regions,Basin and Range Volcanic Province,Cluster,Volcanic field,,,36.42,-104.08,3350,,Rift zone / Continental crust (>25 km)
328800,McCoy,United States,North American Volcanic Regions,Basin and Range Volcanic Province,Minor,Pyroclastic cone(s),,,39.97,-106.7,2402,,Rift zone / Continental crust (>25 km)
328801,Willow Peak,United States,North American Volcanic Regions,Basin and Range Volcanic Province,Minor,Pyroclastic cone,,,39.662,-107.17,3061,,Rift zone / Continental crust (>25 km)
329801,Sentinel Plain,United States,North American Volcanic Regions,Basin and Range Volcanic Province,Cluster,Volcanic field,,,32.8,-113.2,160,,Rift zone / Continental crust (>25 km)
329802,Springerville Volcanic Field,United States,North American Volcanic Regions,Basin and Range Volcanic Province,Cluster,Volcanic field,,,34.192,-109.629,3091,,Unknown
329803,San Carlos,United States,North American Volcanic Regions,Basin and Range Volcanic Province,Cluster,Volcanic field,,,33.25,-110.25,1000,,Rift zone / Continental crust (>25 km)
329804,Geronimo,United States,North American Volcanic Regions,Basin and Range Volcanic Province,Cluster,Volcanic field,,,32.5,-109.25,1300,,Rift zone / Continental crust (>25 km)
331025,Vance Segment,Undersea Features,Eastern Pacific Volcanic Regions,Northeast Pacific Rift Zones,Cluster,Fissure vent,,,45.3,-130.1,-1985,,Rift zone / Oceanic crust (< 15 km)
331033,Central Segment,United States,Eastern Pacific Volcanic Regions,Northeast Pacific Rift Zones,Cluster,Fissure vent,,,41.78,-127.109,-3300,,Rift zone / Intermediate crust (15-25 km)
331034,Phoenix Segment,United States,Eastern Pacific Volcanic Regions,Northeast Pacific Rift Zones,Cluster,Fissure vent,,,41.404,-127.38,-3000,,Rift zone / Intermediate crust (15-25 km)
331100,Tuzo Wilson Knolls,Canada,Eastern Pacific Volcanic Regions,Northeast Pacific Rift Zones,Minor,Lava dome?,,,51.38,-131.03,-1400,,Intraplate / Oceanic crust (< 15 km)
331200,Bowie Seamount,Canada,Eastern Pacific Volcanic Regions,Kodiak-Bowie Hotspot Volcano Group,Minor,Lava dome,,,53.3,-135.65,-30,,Intraplate / Oceanic crust (< 15 km)
332080,Kaena,United States,Eastern Pacific Volcanic Regions,Hawaiian-Emperor Hotspot Volcano Group,Shield,Shield,,,21.822,-158.772,-1200,No Data (checked),Intraplate / Oceanic crust (< 15 km)
332800,Kohala,United States,Eastern Pacific Volcanic Regions,Hawaiian-Emperor Hotspot Volcano Group,Shield,Shield,,,20.08,-155.72,1668,,Intraplate / Oceanic crust (< 15 km)
332801,Kahoolawe,United States,Eastern Pacific Volcanic Regions,Hawaiian-Emperor Hotspot Volcano Group,Shield,Shield,,,20.57,-156.57,450,,Intraplate / Oceanic crust (< 15 km)
332802,Mahukona,United States,Eastern Pacific Volcanic Regions,Hawaiian-Emperor Hotspot Volcano Group,Minor,Cone,,,20.17,-156.42,-1080,,Intraplate / Oceanic crust (< 15 km)
332803,West Maui,United States,Eastern Pacific Volcanic Regions,Hawaiian-Emperor Hotspot Volcano Group,Shield,Shield,,,20.88,-156.6,1764,,Intraplate / Oceanic crust (< 15 km)
332804,Lanai,United States,Eastern Pacific Volcanic Regions,Hawaiian-Emperor Hotspot Volcano Group,Shield,Shield,,,20.82,-156.85,1021,,Intraplate / Oceanic crust (< 15 km)
332805,East Molokai,United States,Eastern Pacific Volcanic Regions,Hawaiian-Emperor Hotspot Volcano Group,Shield,Shield,,,21.12,-156.87,1506,,Intraplate / Oceanic crust (< 15 km)
332806,West Molokai,United States,Eastern Pacific Volcanic Regions,Hawaiian-Emperor Hotspot Volcano Group,Shield,Shield,,,21.15,-157.17,418,,Intraplate / Oceanic crust (< 15 km)
332807,Koolau,United States,Eastern Pacific Volcanic Regions,Hawaiian-Emperor Hotspot Volcano Group,Shield,Shield,,,21.37,-157.8,941,,Intraplate / Oceanic crust (< 15 km)
332808,Waianae,United States,Eastern Pacific Volcanic Regions,Hawaiian-Emperor Hotspot Volcano Group,Shield,Shield,,,21.52,-158.15,1220,,Intraplate / Oceanic crust (< 15 km)
332809,Kauai,United States,Eastern Pacific Volcanic Regions,Hawaiian-Emperor Hotspot Volcano Group,Shield,Shield,,,22.07,-159.5,1668,,Intraplate / Oceanic crust (< 15 km)
332810,Niihau,United States,Eastern Pacific Volcanic Regions,Hawaiian-Emperor Hotspot Volcano Group,Shield,Shield,,,21.95,-160.08,390,,Intraplate / Oceanic crust (< 15 km)
332811,Kaula,United States,Eastern Pacific Volcanic Regions,Hawaiian-Emperor Hotspot Volcano Group,Shield,Shield,,,21.67,-160.55,194,,Intraplate / Oceanic crust (< 15 km)
333800,Hiva Oa,France,Southern Pacific Volcanic Regions,Marquesas Hotspot Volcanic Group,Shield,Shield,,,-9.78,-139.03,1067,,Intraplate / Oceanic crust (< 15 km)
333801,Fatu Hiva,France,Southern Pacific Volcanic Regions,Marquesas Hotspot Volcanic Group,Shield,Shield,,,-10.47,-138.65,955,,Intraplate / Oceanic crust (< 15 km)
333802,Moorea,France,Southern Pacific Volcanic Regions,Society Islands Hotspot Volcano Group,Shield,Shield,,,-17.552,-149.823,1138,,Intraplate / Oceanic crust (< 15 km)
333803,Tahiti-Nui,France,Southern Pacific Volcanic Regions,Society Islands Hotspot Volcano Group,Shield,Shield,,,-17.696,-149.523,1631,,Intraplate / Oceanic crust (< 15 km)
333804,Tahiti-Iti,France,Southern Pacific Volcanic Regions,Society Islands Hotspot Volcano Group,Shield,Shield,,,-17.798,-149.237,1169,,Intraplate / Oceanic crust (< 15 km)
333805,Aitutaki,New Zealand,Southern Pacific Volcanic Regions,Austral-Cook Hotspot Volcano Group,Shield,Shield,,,-18.9,-159.77,124,,Intraplate / Oceanic crust (< 15 km)
333806,Rarotonga,New Zealand,Southern Pacific Volcanic Regions,Austral-Cook Hotspot Volcano Group,Shield,Shield,,,-21.23,-159.75,639,,Intraplate / Oceanic crust (< 15 km)
333807,Rurutu,France,Southern Pacific Volcanic Regions,Austral-Cook Hotspot Volcano Group,Shield,Shield,,,-22.45,-151.35,394,,Intraplate / Oceanic crust (< 15 km)
333808,Pitcairn,United Kingdom,Southern Pacific Volcanic Regions,Pitcairn Hotspot Volcano Group,Shield,Shield,,,-25.068,-130.113,313,,Intraplate / Oceanic crust (< 15 km)
335010,Antipodes Island,New Zealand,Southern Pacific Volcanic Regions,Campbell Plateau Volcano Group,Minor,Pyroclastic cone(s),,,-49.684,178.781,359,Basalt / Picro-Basalt,Intraplate / Oceanic crust (< 15 km)
335040,Unnamed,Undersea Features,Southern Pacific Volcanic Regions,Pacific–Antarctic Ridge Volcano Group,Minor,Cone,,,-50.457,-139.154,-594,,Unknown
341002,San Quintin Volcanic Field,Mexico,Eastern Pacific Volcanic Regions,Gulf of California Rift Province,Cluster,Pyroclastic cone(s),,,30.467,-116.012,260,Trachybasalt / Tephrite Basanite,Rift zone / Continental crust (>25 km)
341010,Tres Virgenes,Mexico,Eastern Pacific Volcanic Regions,Gulf of California Rift Province,Composite,Stratovolcano(es),,,27.47,-112.591,1934,Andesite / Basaltic Andesite,Rift zone / Continental crust (>25 km)
341023,"Isabel, Isla",Mexico,North American Volcanic Regions,Basin and Range Volcanic Province,Minor,Tuff cone(s),,,21.848,-105.886,95,Basalt / Picro-Basalt,Subduction zone / Continental crust (>25 km)
341081,Papayo,Mexico,Middle America-Caribbean Volcanic Regions,Trans-Mexican Volcanic Belt,Minor,Lava dome,,,19.308,-98.7,3600,Dacite,Subduction zone / Continental crust (>25 km)
341800,"Leon, Cerro",Mexico,Eastern Pacific Volcanic Regions,Gulf of California Rift Province,Minor,Cone,,,30.227,-114.655,280,,Rift zone / Continental crust (>25 km)
341801,San Ignacio Volcanic Field,Mexico,Eastern Pacific Volcanic Regions,Gulf of California Rift Province,Cluster,Volcanic field,,,27.633,-113.05,1500,,Rift zone / Oceanic crust (< 15 km)
341802,"Aguajito, El",Mexico,Eastern Pacific Volcanic Regions,Gulf of California Rift Province,Caldera,Caldera,,,27.554,-112.552,1274,,Rift zone / Continental crust (>25 km)
341803,"Reforma, La",Mexico,Eastern Pacific Volcanic Regions,Gulf of California Rift Province,Caldera,Caldera,,,27.508,-112.392,1300,,Rift zone / Continental crust (>25 km)
341804,"Pulpito, Punta",Mexico,Eastern Pacific Volcanic Regions,Gulf of California Rift Province,Minor,Lava dome,,,26.517,-111.444,131,,Rift zone / Continental crust (>25 km)
341805,"Mencenares, Cerro",Mexico,Eastern Pacific Volcanic Regions,Gulf of California Rift Province,Minor,Lava dome(s),,,26.28,-111.47,790,,Rift zone / Continental crust (>25 km)
341806,Moctezuma Volcanic Field,Mexico,North American Volcanic Regions,Basin and Range Volcanic Province,Cluster,Volcanic field,,,29.63,-109.52,0,,Unknown
341807,Camargo Volcanic Field,Mexico,North American Volcanic Regions,Basin and Range Volcanic Province,Cluster,Pyroclastic cone(s),,,27.75,-104.42,1900,,Intraplate / Continental crust (>25 km)
341808,Santo Domingo Volcanic Field,Mexico,North American Volcanic Regions,Basin and Range Volcanic Province,Cluster,Maar(s),,,22.83,-100.08,1550,,Intraplate / Continental crust (>25 km)
341809,Ventura Volcanic Field,Mexico,North American Volcanic Regions,Basin and Range Volcanic Province,Cluster,Maar(s),,,22.35,-100.7,2035,,Intraplate / Continental crust (>25 km)
341810,San Juan,Mexico,Middle America-Caribbean Volcanic Regions,Trans-Mexican Volcanic Belt,Composite,Stratovolcano(es),,,21.47,-104.97,2240,,Subduction zone / Continental crust (>25 km)
341811,"Navajas, Las",Mexico,Middle America-Caribbean Volcanic Regions,Trans-Mexican Volcanic Belt,Shield,Shield,,,21.531,-104.729,1680,,Subduction zone / Continental crust (>25 km)
341812,Santa Maria del Oro,Mexico,Middle America-Caribbean Volcanic Regions,Trans-Mexican Volcanic Belt,Minor,Maar,,,21.371,-104.571,1120,,Subduction zone / Continental crust (>25 km)
341813,Tepetiltic,Mexico,Middle America-Caribbean Volcanic Regions,Trans-Mexican Volcanic Belt,Composite,Stratovolcano,,,21.27,-104.7,2020,,Subduction zone / Continental crust (>25 km)
341814,San Pedro,Mexico,Middle America-Caribbean Volcanic Regions,Trans-Mexican Volcanic Belt,Caldera,Caldera,,,21.17,-104.73,2000,,Subduction zone / Continental crust (>25 km)
341815,San Sebastian Volcanic Field,Mexico,Middle America-Caribbean Volcanic Regions,Trans-Mexican Volcanic Belt,Cluster,Pyroclastic cone(s),,,20.83,-104.82,1780,,Subduction zone / Continental crust (>25 km)
341816,"Volcanes, Los",Mexico,Middle America-Caribbean Volcanic Regions,Trans-Mexican Volcanic Belt,Cluster,Volcanic field,,,20.33,-104.5,2080,,Subduction zone / Continental crust (>25 km)
341817,Northern Atenguillo,Mexico,Middle America-Caribbean Volcanic Regions,Trans-Mexican Volcanic Belt,Cluster,Shield(s),,,20.75,-104.5,1700,,Subduction zone / Continental crust (>25 km)
341818,Tequila,Mexico,Middle America-Caribbean Volcanic Regions,Trans-Mexican Volcanic Belt,Composite,Stratovolcano,,,20.788,-103.847,2920,,Subduction zone / Continental crust (>25 km)
341819,Northern Guadalajara Mesa,Mexico,Middle America-Caribbean Volcanic Regions,Trans-Mexican Volcanic Belt,Cluster,Lava dome(s),,,20.88,-103.4,1820,,Subduction zone / Continental crust (>25 km)
341820,"Primavera, Sierra la",Mexico,Middle America-Caribbean Volcanic Regions,Trans-Mexican Volcanic Belt,Caldera,Caldera,,,20.62,-103.52,2270,,Subduction zone / Continental crust (>25 km)
341821,Southern Guadalajara,Mexico,Middle America-Caribbean Volcanic Regions,Trans-Mexican Volcanic Belt,Cluster,Volcanic field,,,20.525,-103.242,2160,,Subduction zone / Continental crust (>25 km)
341822,Acatlan Volcanic Field,Mexico,Middle America-Caribbean Volcanic Regions,Trans-Mexican Volcanic Belt,Caldera,Volcanic field,,,20.45,-103.57,1990,,Subduction zone / Continental crust (>25 km)
341823,"Cantaro, Volcan el",Mexico,Middle America-Caribbean Volcanic Regions,Trans-Mexican Volcanic Belt,Composite,Stratovolcano,,,19.72,-103.63,2920,,Subduction zone / Continental crust (>25 km)
341824,"Azufres, Los",Mexico,Middle America-Caribbean Volcanic Regions,Trans-Mexican Volcanic Belt,Caldera,Caldera,,,19.85,-100.63,3400,,Subduction zone / Continental crust (>25 km)
341825,Tlaloc,Mexico,Middle America-Caribbean Volcanic Regions,Trans-Mexican Volcanic Belt,Composite,Stratovolcano,,,19.411,-98.713,4120,,Subduction zone / Continental crust (>25 km)
341826,Telapon,Mexico,Middle America-Caribbean Volcanic Regions,Trans-Mexican Volcanic Belt,Composite,Stratovolcano,,,19.37,-98.72,4080,,Subduction zone / Continental crust (>25 km)
341827,Acoculco,Mexico,Middle America-Caribbean Volcanic Regions,Trans-Mexican Volcanic Belt,Caldera,Caldera,,,19.97,-98.2,3020,,Subduction zone / Continental crust (>25 km)
341828,"Grande, Cerro",Mexico,Middle America-Caribbean Volcanic Regions,Trans-Mexican Volcanic Belt,Cluster,Volcanic field,,,19.62,-97.93,3050,,Subduction zone / Continental crust (>25 km)
341829,Poza Rica,Mexico,Middle America-Caribbean Volcanic Regions,Trans-Mexican Volcanic Belt,Cluster,Volcanic field,,,20.42,-97.83,2250,,Subduction zone / Continental crust (>25 km)
341830,San Martin Pajapan,Mexico,Middle America-Caribbean Volcanic Regions,Trans-Mexican Volcanic Belt,Composite,Stratovolcano(es),,,18.303,-94.73,1250,,Subduction zone / Continental crust (>25 km)
341831,Apas-Navenchauc,Mexico,Middle America-Caribbean Volcanic Regions,Chiapanecan Volcanic Arc,Caldera,Caldera(s),,,16.716,-92.786,0,,Subduction zone / Continental crust (>25 km)
341832,Huitepec,Mexico,Middle America-Caribbean Volcanic Regions,Chiapanecan Volcanic Arc,Minor,Lava dome,,,16.743,-92.694,2744,,Subduction zone / Continental crust (>25 km)
341833,Mispia,Mexico,Middle America-Caribbean Volcanic Regions,Chiapanecan Volcanic Arc,Minor,Lava dome(s),,,16.447,-92.539,1750,,Subduction zone / Continental crust (>25 km)
341836,Aldama Volcanic Field,Mexico,North American Volcanic Regions,Basin and Range Volcanic Province,Cluster,Volcanic field,,,23.2,-98.02,600,,Intraplate / Continental crust (>25 km)
341837,"Flores, Los",Mexico,North American Volcanic Regions,Basin and Range Volcanic Province,Cluster,Volcanic field,,,22.58,-99.38,520,,Intraplate / Continental crust (>25 km)
341838,Apan-Tezontepec,Mexico,Middle America-Caribbean Volcanic Regions,Trans-Mexican Volcanic Belt,Cluster,Volcanic field,,,19.75,-98.5,3100,,Subduction zone / Continental crust (>25 km)
342190,Ipala,Guatemala,Middle America-Caribbean Volcanic Regions,Central America Volcanic Arc,Composite,Stratovolcano,,,14.5574,-89.6398,1650,Basalt / Picro-Basalt,Subduction zone / Continental crust (>25 km)
342200,Chiquimula Volcanic Field,Guatemala,Middle America-Caribbean Volcanic Regions,Central America Volcanic Arc,Cluster,Volcanic field,,,14.83,-89.55,1192,Basalt / Picro-Basalt,Subduction zone / Continental crust (>25 km)
342800,Santo Tomas-Zunil,Guatemala,Middle America-Caribbean Volcanic Regions,Central America Volcanic Arc,Composite,Stratovolcano(es),,,14.71,-91.479,3542,,Subduction zone / Continental crust (>25 km)
342801,Cuxliquel,Guatemala,Middle America-Caribbean Volcanic Regions,Central America Volcanic Arc,Minor,Lava dome(s),,,14.889,-91.398,3029,,Subduction zone / Continental crust (>25 km)
342802,Barahona,Guatemala,Middle America-Caribbean Volcanic Regions,Central America Volcanic Arc,Caldera,Caldera(s),,,14.55,-90.78,2282,,Subduction zone / Continental crust (>25 km)
342803,Pueblo Nuevo Viñas,Guatemala,Middle America-Caribbean Volcanic Regions,Central America Volcanic Arc,Composite,Stratovolcano,,,14.199,-90.505,1939,,Subduction zone / Continental crust (>25 km)
342804,Piedra Grande,Guatemala,Middle America-Caribbean Volcanic Regions,Central America Volcanic Arc,Composite,Stratovolcano(es),,,14.25,-90.4,1640,,Subduction zone / Continental crust (>25 km)
342805,Ixhuatan,Guatemala,Middle America-Caribbean Volcanic Regions,Central America Volcanic Arc,Composite,Complex,,,14.161,-90.286,1675,,Subduction zone / Continental crust (>25 km)
342806,Ayarza,Guatemala,Middle America-Caribbean Volcanic Regions,Central America Volcanic Arc,Caldera,Caldera(s),,,14.42,-90.12,1409,,Subduction zone / Continental crust (>25 km)
342807,"Alutate, Cerro",Guatemala,Middle America-Caribbean Volcanic Regions,Central America Volcanic Arc,Composite,Stratovolcano,,,14.647,-90.144,2116,,Subduction zone / Continental crust (>25 km)
342808,Guistepeque Volcanic Field,Guatemala,Middle America-Caribbean Volcanic Regions,Central America Volcanic Arc,Cluster,Pyroclastic cone(s),,,14.5,-89.733,1358,,Subduction zone / Continental crust (>25 km)
342809,Siete Orejas,Guatemala,Middle America-Caribbean Volcanic Regions,Central America Volcanic Arc,Composite,Stratovolcano,,,14.82,-91.62,3370,,Subduction zone / Continental crust (>25 km)
342810,San Pedro,Guatemala,Middle America-Caribbean Volcanic Regions,Central America Volcanic Arc,Composite,Stratovolcano,,,14.656,-91.267,3020,,Subduction zone / Continental crust (>25 km)
342811,Jumay Volcanic Field,Guatemala,Middle America-Caribbean Volcanic Regions,Central America Volcanic Arc,Composite,Stratovolcano,,,14.694,-89.993,2174,,Subduction zone / Continental crust (>25 km)
342812,"Ananopa, Cerro",Guatemala,Middle America-Caribbean Volcanic Regions,Central America Volcanic Arc,Cluster,Volcanic field,,,14.9,-89.93,386,,Subduction zone / Continental crust (>25 km)
342813,"Redondo, Cerro",Guatemala,Middle America-Caribbean Volcanic Regions,Central America Volcanic Arc,Shield,Shield(s),,,14.27,-89.62,768,,Subduction zone / Continental crust (>25 km)
343110,Conchagua,El Salvador,Middle America-Caribbean Volcanic Regions,Central America Volcanic Arc,Composite,Stratovolcano,,,13.275,-87.845,1225,Basalt / Picro-Basalt,Subduction zone / Continental crust (>25 km)
343120,Conchaguita,El Salvador,Middle America-Caribbean Volcanic Regions,Central America Volcanic Arc,Composite,Stratovolcano,,,13.229,-87.767,505,Basalt / Picro-Basalt,Subduction zone / Continental crust (>25 km)
343160,Utila Volcanic Center,Honduras,Middle America-Caribbean Volcanic Regions,Central America Volcanic Arc,Minor,Pyroclastic cone(s),,,16.113,-86.888,51,Basalt / Picro-Basalt,Subduction zone / Continental crust (>25 km)
343800,Masahuat Volcanic Field,El Salvador,Middle America-Caribbean Volcanic Regions,Central America Volcanic Arc,Composite,Stratovolcano,,,14.2,-89.4,1005,,Subduction zone / Continental crust (>25 km)
343801,"Tablas, Cerro las",El Salvador,Middle America-Caribbean Volcanic Regions,Central America Volcanic Arc,Composite,Stratovolcano(es),,,14.07,-89.4,782,,Subduction zone / Continental crust (>25 km)
343802,"Limones Volcanic Field, Los",El Salvador,Middle America-Caribbean Volcanic Regions,Central America Volcanic Arc,Minor,Pyroclastic cone(s),,,14.05,-89.13,420,,Subduction zone / Continental crust (>25 km)
343803,"Cacahuatique, Cerro",El Salvador,Middle America-Caribbean Volcanic Regions,Central America Volcanic Arc,Composite,Stratovolcano,,,13.75,-88.2,1500,,Subduction zone / Continental crust (>25 km)
343804,"Buena Vista, Cerro",El Salvador,Middle America-Caribbean Volcanic Regions,Central America Volcanic Arc,Composite,Stratovolcano,,,13.25,-88.15,750,,Subduction zone / Continental crust (>25 km)
343805,"Yayantique, Cerro",El Salvador,Middle America-Caribbean Volcanic Regions,Central America Volcanic Arc,Composite,Stratovolcano(es),,,13.435,-87.999,613,,Subduction zone / Continental crust (>25 km)
343806,Unnamed,El Salvador,Middle America-Caribbean Volcanic Regions,Central America Volcanic Arc,Cluster,Volcanic field,,,13.67,-87.82,377,,Subduction zone / Continental crust (>25 km)
343807,"Zacatillo, Isla",El Salvador,Middle America-Caribbean Volcanic Regions,Central America Volcanic Arc,Minor,Pyroclastic cone(s),,,13.295,-87.761,158,,Subduction zone / Continental crust (>25 km)
343815,"Lolotique, Cerro",El Salvador,Middle America-Caribbean Volcanic Regions,Central America Volcanic Arc,Unknown,Unknown,,,13.559,-88.364,804,,Subduction zone / Continental crust (>25 km)
343816,"Meanguera, Isla",El Salvador,Middle America-Caribbean Volcanic Regions,Central America Volcanic Arc,Composite,Stratovolcano(es),,,13.19,-87.72,468,,Subduction zone / Continental crust (>25 km)
343817,"Izopo, Montaña de",Honduras,Middle America-Caribbean Volcanic Regions,Central America Volcanic Arc,Shield,Shield(s),,,13.92,-87.15,2020,,Subduction zone / Continental crust (>25 km)
343818,"Hule, Cerro de",Honduras,Middle America-Caribbean Volcanic Regions,Central America Volcanic Arc,Shield,Shield,,,13.95,-87.23,1725,,Subduction zone / Continental crust (>25 km)
343819,"Gavilantepeque, Cerro",Honduras,Middle America-Caribbean Volcanic Regions,Central America Volcanic Arc,Shield,Shield,,,14,-87.18,1280,,Subduction zone / Continental crust (>25 km)
343820,"Pedregal, El",Honduras,Middle America-Caribbean Volcanic Regions,Central America Volcanic Arc,Shield,Shield,,,14.1,-87.27,1593,,Subduction zone / Continental crust (>25 km)
343821,"Calanterique, Cerro",Honduras,Middle America-Caribbean Volcanic Regions,Central America Volcanic Arc,Minor,Lava cone,,,14.6,-87.87,0,,Subduction zone / Continental crust (>25 km)
344060,Rota,Nicaragua,Middle America-Caribbean Volcanic Regions,Central America Volcanic Arc,Composite,Stratovolcano,,,12.55,-86.75,832,Andesite / Basaltic Andesite,Subduction zone / Continental crust (>25 km)
344130,Maderas,Nicaragua,Middle America-Caribbean Volcanic Regions,Central America Volcanic Arc,Composite,Stratovolcano,,,11.446,-85.515,1394,Trachyandesite / Basaltic Trachyandesite,Subduction zone / Continental crust (>25 km)
344131,Esteli,Nicaragua,Middle America-Caribbean Volcanic Regions,Central America Volcanic Arc,Cluster,Fissure vent(s),,,13.17,-86.4,899,Basalt / Picro-Basalt,Subduction zone / Continental crust (>25 km)
344132,"Ciguatepe, Cerro el",Nicaragua,Middle America-Caribbean Volcanic Regions,Central America Volcanic Arc,Composite,Stratovolcano,,,12.5351,-86.1439,603,Basalt / Picro-Basalt,Subduction zone / Continental crust (>25 km)
344133,"Lajas, Las",Nicaragua,Middle America-Caribbean Volcanic Regions,Central America Volcanic Arc,Caldera,Caldera,,,12.3045,-85.7293,926,Basalt / Picro-Basalt,Subduction zone / Continental crust (>25 km)
344140,"Azul, Volcan",Nicaragua,Middle America-Caribbean Volcanic Regions,Central America Volcanic Arc,Minor,Pyroclastic cone(s),,,12.549,-83.968,203,Trachybasalt / Tephrite Basanite,Subduction zone / Intermediate crust (15-25 km)
344801,Malpaisillo,Nicaragua,Middle America-Caribbean Volcanic Regions,Central America Volcanic Arc,Unknown,Pyroclastic shield,,,12.58,-86.6,181,,Subduction zone / Continental crust (>25 km)
344802,Apoyo,Nicaragua,Middle America-Caribbean Volcanic Regions,Central America Volcanic Arc,Caldera,Caldera,,,11.92,-86.03,600,,Subduction zone / Continental crust (>25 km)
344803,"San Jacinto, Cerro",Nicaragua,Middle America-Caribbean Volcanic Regions,Central America Volcanic Arc,Composite,Stratovolcano,,,12.37,-86.02,300,,Subduction zone / Continental crust (>25 km)
344805,Tambor Grande,Nicaragua,Middle America-Caribbean Volcanic Regions,Central America Volcanic Arc,Caldera,Caldera,,,10.97,-84.08,648,,Subduction zone / Intermediate crust (15-25 km)
345800,"Chopo, Cerro",Costa Rica,Middle America-Caribbean Volcanic Regions,Central America Volcanic Arc,Minor,Pyroclastic cone,,,10.472,-85.07,402,,Subduction zone / Continental crust (>25 km)
345801,"Tilaran, Cerro",Costa Rica,Middle America-Caribbean Volcanic Regions,Central America Volcanic Arc,Shield,Shield,,,10.451,-84.978,634,,Subduction zone / Continental crust (>25 km)
345802,"Perdidos, Los",Costa Rica,Middle America-Caribbean Volcanic Regions,Central America Volcanic Arc,Caldera,Caldera,,,10.403,-84.675,1357,,Subduction zone / Continental crust (>25 km)
345803,"Poco Sol, Laguna",Costa Rica,Middle America-Caribbean Volcanic Regions,Central America Volcanic Arc,Minor,Explosion crater(?),,,10.35,-84.67,789,,Subduction zone / Continental crust (>25 km)
345804,"San Miguel, Cerro",Costa Rica,Middle America-Caribbean Volcanic Regions,Central America Volcanic Arc,Minor,Lava dome,,,10.022,-84.708,414,,Subduction zone / Continental crust (>25 km)
345805,"Mercedes, Cerro las",Costa Rica,Middle America-Caribbean Volcanic Regions,Central America Volcanic Arc,Minor,Pyroclastic cone,,,10.97,-84.35,190,,Rift zone / Oceanic crust (< 15 km)
345806,"Negro, Cerro",Costa Rica,Middle America-Caribbean Volcanic Regions,Central America Volcanic Arc,Shield,Shield,,,10.462,-83.855,136,,Subduction zone / Continental crust (>25 km)
345807,"Colorado, Lomas de",Costa Rica,Middle America-Caribbean Volcanic Regions,Central America Volcanic Arc,Shield,Shield(s),,,10.658,-83.721,229,,Subduction zone / Continental crust (>25 km)
345808,Tortuguero,Costa Rica,Middle America-Caribbean Volcanic Regions,Central America Volcanic Arc,Minor,Pyroclastic cone,,,10.586,-83.53,119,,Unknown
345809,"Sierpe, Lomas de",Costa Rica,Middle America-Caribbean Volcanic Regions,Central America Volcanic Arc,Shield,Shield(s),,,10.376,-83.545,311,,Subduction zone / Continental crust (>25 km)
345810,Durika,Costa Rica,Middle America-Caribbean Volcanic Regions,Central America Volcanic Arc,Minor,Lava dome(s),,,9.374,-83.302,3257,,Subduction zone / Continental crust (>25 km)
345811,"Coco, Isla del",Costa Rica,Eastern Pacific Volcanic Regions,Cocos Ridge Volcano Group,Shield,Shield,,,5.53,-87.082,575,,Intraplate / Oceanic crust (< 15 km)
346030,"Valle, El",Panama,Middle America-Caribbean Volcanic Regions,Central America Volcanic Arc,Composite,Stratovolcano,,,8.6071,-80.1278,1185,Dacite,Subduction zone / Continental crust (>25 km)
346800,Tisingal,Panama,Middle America-Caribbean Volcanic Regions,Central America Volcanic Arc,Composite,Stratovolcano,,,8.88,-82.67,2986,,Subduction zone / Continental crust (>25 km)
346801,"Yeguada, La",Panama,Middle America-Caribbean Volcanic Regions,Central America Volcanic Arc,Composite,Stratovolcano,,,8.47,-80.82,1297,,Subduction zone / Continental crust (>25 km)
351001,San Diego,Colombia,Andean Volcanic Regions,Andean Northern Volcanic Arc,Minor,Maar,,,5.65,-74.961,1163,,
351002,"Escondido, El",Colombia,Andean Volcanic Regions,Andean Northern Volcanic Arc,Minor,Lava dome,,,5.514,-75.043,1620,,
351062,Petacas,Colombia,Andean Volcanic Regions,Andean Northern Volcanic Arc,Minor,Lava dome,,,1.624,-76.827,3576,No Data (checked),Subduction zone / Continental crust (>25 km)
351800,Santa Rosa,Colombia,Andean Volcanic Regions,Andean Northern Volcanic Arc,Shield,Shield,,,4.8,-75.458,4584,,Subduction zone / Continental crust (>25 km)
351801,"Quindio, Nevado del",Colombia,Andean Volcanic Regions,Andean Northern Volcanic Arc,Composite,Stratovolcano,,,4.701,-75.386,4756,,Subduction zone / Continental crust (>25 km)
351807,Unnamed,Colombia,Andean Volcanic Regions,Andean Northern Volcanic Arc,Cluster,Volcanic field,,,2.2,-76.03,2500,,Subduction zone / Continental crust (>25 km)
351808,San Augustín-Isnos,Colombia,Andean Volcanic Regions,Andean Northern Volcanic Arc,Cluster,Volcanic field,,,1.92,-76.23,1900,,Subduction zone / Continental crust (>25 km)
351809,Cutanga,Colombia,Andean Volcanic Regions,Andean Northern Volcanic Arc,Unknown,Unknown,,,1.83,-76.45,4300,,Subduction zone / Continental crust (>25 km)
351810,Animas,Colombia,Andean Volcanic Regions,Andean Northern Volcanic Arc,Composite,Stratovolcano,,,1.568,-76.857,4180,,Subduction zone / Continental crust (>25 km)
352800,Yanaurcu de Pinan,Ecuador,Andean Volcanic Regions,Andean Northern Volcanic Arc,Composite,Stratovolcano,,,0.484,-78.329,4535,,Subduction zone / Continental crust (>25 km)
352801,Pilavo,Ecuador,Andean Volcanic Regions,Andean Northern Volcanic Arc,Composite,Stratovolcano,,,0.526,-78.365,4254,,Subduction zone / Continental crust (>25 km)
352802,Cotacachi,Ecuador,Andean Volcanic Regions,Andean Northern Volcanic Arc,Composite,Stratovolcano,,,0.364,-78.351,4939,,Subduction zone / Continental crust (>25 km)
352803,Cusin,Ecuador,Andean Volcanic Regions,Andean Northern Volcanic Arc,Composite,Stratovolcano,,,0.127,-78.154,3989,,Subduction zone / Continental crust (>25 km)
352804,Chalpatan,Ecuador,Andean Volcanic Regions,Andean Northern Volcanic Arc,Caldera,Caldera,,,0.711,-77.784,3624,,Subduction zone / Continental crust (>25 km)
352805,Chiltazon,Ecuador,Andean Volcanic Regions,Andean Northern Volcanic Arc,Composite,Stratovolcano,,,0.687,-78.021,3967,,Subduction zone / Continental crust (>25 km)
352806,Iguan,Ecuador,Andean Volcanic Regions,Andean Northern Volcanic Arc,Composite,Stratovolcano,,,0.621,-78.007,3870,,Subduction zone / Continental crust (>25 km)
352807,Pambamarca,Ecuador,Andean Volcanic Regions,Andean Northern Volcanic Arc,Composite,Stratovolcano,,,-0.076,-78.207,4076,,Subduction zone / Continental crust (>25 km)
352808,Casitagua,Ecuador,Andean Volcanic Regions,Andean Northern Volcanic Arc,Composite,Stratovolcano,,,-0.036,-78.48,3501,,Subduction zone / Continental crust (>25 km)
352809,"Puntas, Cerro",Ecuador,Andean Volcanic Regions,Andean Northern Volcanic Arc,Composite,Stratovolcano,,,-0.174,-78.2,4348,,Subduction zone / Continental crust (>25 km)
352810,Ilalo,Ecuador,Andean Volcanic Regions,Andean Northern Volcanic Arc,Composite,Stratovolcano,,,-0.259,-78.418,3185,,Subduction zone / Continental crust (>25 km)
352811,Pasochoa,Ecuador,Andean Volcanic Regions,Andean Northern Volcanic Arc,Composite,Stratovolcano,,,-0.462,-78.478,4199,,Subduction zone / Continental crust (>25 km)
352812,Pan de Azucar,Ecuador,Andean Volcanic Regions,Andean Northern Volcanic Arc,Composite,Stratovolcano,,,-0.43,-77.72,3482,,Subduction zone / Continental crust (>25 km)
352813,Sincholagua,Ecuador,Andean Volcanic Regions,Andean Northern Volcanic Arc,Composite,Stratovolcano,,,-0.534,-78.371,4893,,Subduction zone / Continental crust (>25 km)
352814,Ruminahui,Ecuador,Andean Volcanic Regions,Andean Northern Volcanic Arc,Composite,Stratovolcano,,,-0.578,-78.504,4712,,Subduction zone / Continental crust (>25 km)
352815,Corazon,Ecuador,Andean Volcanic Regions,Andean Northern Volcanic Arc,Composite,Stratovolcano,,,-0.528,-78.658,4786,,Subduction zone / Continental crust (>25 km)
352816,Santa Cruz,Ecuador,Andean Volcanic Regions,Andean Northern Volcanic Arc,Composite,Stratovolcano,,,-0.648,-78.631,3945,,Subduction zone / Continental crust (>25 km)
352817,Putzalagua,Ecuador,Andean Volcanic Regions,Andean Northern Volcanic Arc,Minor,Lava dome,,,-0.962,-78.56,3512,,Subduction zone / Continental crust (>25 km)
352818,Sagoatoa,Ecuador,Andean Volcanic Regions,Andean Northern Volcanic Arc,Composite,Stratovolcano,,,-1.151,-78.666,4153,,Subduction zone / Continental crust (>25 km)
352819,Llimpi,Ecuador,Andean Volcanic Regions,Andean Northern Volcanic Arc,Composite,Stratovolcano,,,-1.381,-78.572,3732,,Subduction zone / Continental crust (>25 km)
352820,Puyo,Ecuador,Andean Volcanic Regions,Andean Northern Volcanic Arc,Minor,Pyroclastic cone(s),,,-1.459,-77.917,1072,,Subduction zone / Continental crust (>25 km)
352821,Carihuairazo,Ecuador,Andean Volcanic Regions,Andean Northern Volcanic Arc,Composite,Stratovolcano,,,-1.404,-78.75,5102,,Subduction zone / Continental crust (>25 km)
352822,Igualata,Ecuador,Andean Volcanic Regions,Andean Northern Volcanic Arc,Composite,Stratovolcano,,,-1.49,-78.639,4430,,Subduction zone / Continental crust (>25 km)
352823,Calpi,Ecuador,Andean Volcanic Regions,Andean Northern Volcanic Arc,Minor,Tuff cone(s),,,-1.634,-78.728,3215,,Subduction zone / Continental crust (>25 km)
352824,Altar,Ecuador,Andean Volcanic Regions,Andean Northern Volcanic Arc,Composite,Stratovolcano,,,-1.67,-78.42,5321,,Unknown
352826,Chalupas,Ecuador,Andean Volcanic Regions,Andean Northern Volcanic Arc,Caldera,Caldera,,,-0.804,-78.3,4812,,Subduction zone / Continental crust (>25 km)
353800,Culpepper,Ecuador,Eastern Pacific Volcanic Regions,Galapagos Hotspot Volcano Group,Shield,Shield,,,1.62,-92,168,,Rift zone / Oceanic crust (< 15 km)
353801,Wenman,Ecuador,Eastern Pacific Volcanic Regions,Galapagos Hotspot Volcano Group,Shield,Shield,,,1.37,-91.8,253,,Rift zone / Oceanic crust (< 15 km)
353802,Rabida,Ecuador,Eastern Pacific Volcanic Regions,Galapagos Hotspot Volcano Group,Minor,Lava dome(s),,,-0.413,-90.708,338,,Rift zone / Oceanic crust (< 15 km)
353803,Pinzon,Ecuador,Eastern Pacific Volcanic Regions,Galapagos Hotspot Volcano Group,Shield,Shield,,,-0.6,-90.68,458,,Rift zone / Oceanic crust (< 15 km)
353804,Santa Fe,Ecuador,Eastern Pacific Volcanic Regions,Galapagos Hotspot Volcano Group,Shield,Shield,,,-0.806,-90.07,200,,Rift zone / Oceanic crust (< 15 km)
353805,Floreana,Ecuador,Eastern Pacific Volcanic Regions,Galapagos Hotspot Volcano Group,Shield,Shield,,,-1.3,-90.45,640,,Rift zone / Oceanic crust (< 15 km)
353807,Roca Redonda,Ecuador,Eastern Pacific Volcanic Regions,Galapagos Hotspot Volcano Group,Shield,Shield,,,0.27,-91.63,67,,Rift zone / Oceanic crust (< 15 km)
354008,Yura Volcanic Field,Peru,Andean Volcanic Regions,Andean Central Volcanic Arc,Cluster,Volcanic field,,,-16.213,-71.725,3175,Andesite / Basaltic Andesite,Subduction zone / Continental crust (>25 km)
354801,Huambutillo-Rumicola,Peru,Andean Volcanic Regions,Andean Central Volcanic Arc,Unknown,Unknown,,,-13.58,-71.72,0,,Subduction zone / Continental crust (>25 km)
354802,"Firura, Nevados",Peru,Andean Volcanic Regions,Andean Central Volcanic Arc,Composite,Stratovolcano(es),,,-15.23,-72.63,5498,,Subduction zone / Continental crust (>25 km)
354803,Solimana,Peru,Andean Volcanic Regions,Andean Central Volcanic Arc,Composite,Stratovolcano,,,-15.4,-72.9,6093,,Subduction zone / Continental crust (>25 km)
354804,"Purupuruni, Cerros",Peru,Andean Volcanic Regions,Andean Central Volcanic Arc,Minor,Lava dome(s),,,-17.2587,-69.8216,4591,,Subduction zone / Continental crust (>25 km)
355021,Tambo Quemado,Bolivia,Andean Volcanic Regions,Andean Central Volcanic Arc,Shield,Shield(pyroclastic),,,-18.62,-68.75,4215,Rhyolite,Subduction zone / Continental crust (>25 km)
355035,"Jayu Khota, Laguna",Bolivia,Andean Volcanic Regions,Andean Central Volcanic Arc,Minor,Maar(s),,,-19.463,-67.432,3650,Basalt / Picro-Basalt,Subduction zone / Continental crust (>25 km)
355036,Jatun Mundo Quri Warani,Bolivia,Andean Volcanic Regions,Andean Central Volcanic Arc,Minor,Lava dome(s),,,-19.78,-66.48,5438,Dacite,Subduction zone / Continental crust (>25 km)
355042,Pampa Luxsar,Bolivia,Andean Volcanic Regions,Andean Central Volcanic Arc,Cluster,Volcanic field,,,-20.85,-68.2,5543,Andesite / Basaltic Andesite,Subduction zone / Continental crust (>25 km)
355060,Ollague,Chile-Bolivia,Andean Volcanic Regions,Andean Central Volcanic Arc,Composite,Stratovolcano,,,-21.3,-68.18,5868,Andesite / Basaltic Andesite,Subduction zone / Continental crust (>25 km)
355061,"Azufre, Cerro del",Chile,Andean Volcanic Regions,Andean Central Volcanic Arc,Composite,Stratovolcano,,,-21.787,-68.237,5846,Andesite / Basaltic Andesite,Subduction zone / Continental crust (>25 km)
355065,Inacalari,Chile-Bolivia,Andean Volcanic Regions,Andean Central Volcanic Arc,Composite,Stratovolcano,,,-21.981,-68.071,5618,,Subduction zone / Continental crust (>25 km)
355070,San Pedro-San Pablo,Chile,Andean Volcanic Regions,Andean Central Volcanic Arc,Composite,Stratovolcano(es),,,-21.888,-68.391,6142,Andesite / Basaltic Andesite,Subduction zone / Continental crust (>25 km)
355097,"Overo, Cerro",Chile,Andean Volcanic Regions,Andean Central Volcanic Arc,Minor,Maar,,,-23.52,-67.662,4576,Andesite / Basaltic Andesite,Subduction zone / Continental crust (>25 km)
355106,Negros de Aras,Chile,Andean Volcanic Regions,Andean Central Volcanic Arc,Cluster,Pyroclastic cone(s),,,-24.18,-68.25,3500,Andesite / Basaltic Andesite,Subduction zone / Continental crust (>25 km)
355140,Copiapo,Chile,Andean Volcanic Regions,Andean Central Volcanic Arc,Composite,Stratovolcano,,,-27.3,-69.13,6052,Dacite,Subduction zone / Continental crust (>25 km)
355805,Lexone,Chile,Andean Volcanic Regions,Andean Central Volcanic Arc,Minor,Lava dome(s),,,-17.87,-69.48,5340,,Subduction zone / Continental crust (>25 km)
355806,"Anallajsi, Nevado",Bolivia,Andean Volcanic Regions,Andean Central Volcanic Arc,Composite,Stratovolcano,,,-17.92,-68.92,5750,,Subduction zone / Continental crust (>25 km)
355807,"Pucara, Cerro",Bolivia,Andean Volcanic Regions,Andean Central Volcanic Arc,Cluster,Volcanic field,,,-16.236,-69.471,4080,,Unknown
355808,Patilla Pata,Bolivia,Andean Volcanic Regions,Andean Central Volcanic Arc,Composite,Stratovolcano,,,-18.05,-69.03,5300,,Subduction zone / Continental crust (>25 km)
355809,"Sajama, Nevado del",Bolivia,Andean Volcanic Regions,Andean Central Volcanic Arc,Composite,Stratovolcano,,,-18.1,-68.88,6542,,Subduction zone / Continental crust (>25 km)
355810,"Larancagua, Volcan",Chile,Andean Volcanic Regions,Andean Central Volcanic Arc,Composite,Stratovolcano,,,-18.02,-69.08,5580,,Unknown
355811,Caquena,Chile,Andean Volcanic Regions,Andean Central Volcanic Arc,Minor,Lava dome(s),,,-18.07,-69.22,0,,Subduction zone / Continental crust (>25 km)
355812,Vilacollo,Chile,Andean Volcanic Regions,Andean Central Volcanic Arc,Minor,Pyroclastic cone(s),,,-18.241,-69.307,4688,,Subduction zone / Continental crust (>25 km)
355813,Acotango,Chile-Bolivia,Andean Volcanic Regions,Andean Central Volcanic Arc,Composite,Stratovolcano(es),,,-18.37,-69.05,6052,,Subduction zone / Continental crust (>25 km)
355814,Arintica,Chile,Andean Volcanic Regions,Andean Central Volcanic Arc,Composite,Stratovolcano(es),,,-18.75,-69.05,5597,,Subduction zone / Continental crust (>25 km)
355815,Rochaculla-Inca Camacha,Bolivia,Andean Volcanic Regions,Andean Central Volcanic Arc,Composite,Stratovolcano(es),,,-18.8,-68.3,5300,,Unknown
355817,"Tatajachura, Cerro",Chile,Andean Volcanic Regions,Andean Central Volcanic Arc,Composite,Stratovolcano,,,-19.5,-69.12,5240,,Unknown
355818,"Cariquima, Cerro",Chile,Andean Volcanic Regions,Andean Central Volcanic Arc,Composite,Stratovolcano,,,-19.55,-68.68,5365,,Subduction zone / Continental crust (>25 km)
355819,Porquesa,Chile,Andean Volcanic Regions,Andean Central Volcanic Arc,Minor,Lava dome(s),,,-19.958,-68.73,5190,,Subduction zone / Continental crust (>25 km)
355820,"Napa, Cerro",Chile,Andean Volcanic Regions,Andean Central Volcanic Arc,Composite,Stratovolcano,,,-20.52,-68.68,5145,,Unknown
355822,Copa-Ocana,Chile,Andean Volcanic Regions,Andean Central Volcanic Arc,Composite,Stratovolcano(es),,,-20.643,-68.439,5299,,Unknown
355823,Aucanquilcha,Chile,Andean Volcanic Regions,Andean Central Volcanic Arc,Composite,Stratovolcano,,,-21.22,-68.47,6176,,Subduction zone / Continental crust (>25 km)
355824,"San Agustin, Cerro",Bolivia,Andean Volcanic Regions,Andean Central Volcanic Arc,Composite,Stratovolcano,,,-21.25,-67.75,4980,,Subduction zone / Continental crust (>25 km)
355825,Cañapa,Chile,Andean Volcanic Regions,Andean Central Volcanic Arc,Composite,Stratovolcano,,,-21.5,-68.12,5630,,Subduction zone / Continental crust (>25 km)
355826,"Ascotan, Cerro",Chile,Andean Volcanic Regions,Andean Central Volcanic Arc,Composite,Stratovolcano,,,-21.68,-68.12,5473,,Unknown
355827,Escala,Bolivia,Andean Volcanic Regions,Andean Central Volcanic Arc,Minor,Lava dome,,,-21.6,-66.88,4000,,Subduction zone / Continental crust (>25 km)
355828,"Moiro, Cerro",Bolivia,Andean Volcanic Regions,Andean Central Volcanic Arc,Minor,Pyroclastic cone,,,-21.68,-67.47,4250,,Subduction zone / Continental crust (>25 km)
355829,"Chascon, Cerro",Bolivia,Andean Volcanic Regions,Andean Central Volcanic Arc,Minor,Lava dome,,,-21.88,-67.9,5125,,Subduction zone / Continental crust (>25 km)
355830,Apagado,Chile,Andean Volcanic Regions,Andean Central Volcanic Arc,Composite,Stratovolcano,,,-22.05,-67.97,5680,,Unknown
355831,Paniri,Chile,Andean Volcanic Regions,Andean Central Volcanic Arc,Composite,Stratovolcano,,,-22.059,-68.228,5946,,Subduction zone / Continental crust (>25 km)
355832,"Leon, Cerro del",Chile,Andean Volcanic Regions,Andean Central Volcanic Arc,Composite,Stratovolcano(es),,,-22.142,-68.108,5754,,Subduction zone / Continental crust (>25 km)
355833,Deslinde,Chile,Andean Volcanic Regions,Andean Central Volcanic Arc,Composite,Stratovolcano,,,-22.27,-67.97,5651,,Unknown
355834,"Linzor, Volcan",Chile-Bolivia,Andean Volcanic Regions,Andean Central Volcanic Arc,Composite,Stratovolcano,,,-22.18,-67.95,5680,,Subduction zone / Continental crust (>25 km)
355835,Jorcada,Bolivia,Andean Volcanic Regions,Andean Central Volcanic Arc,Cluster,Stratovolcano,,,-22.08,-67.77,5750,,Subduction zone / Continental crust (>25 km)
355836,Quetena,Bolivia,Andean Volcanic Regions,Andean Central Volcanic Arc,Cluster,Fissure vent,,,-22.25,-67.42,5730,,Subduction zone / Continental crust (>25 km)
355837,Sunequera,Bolivia,Andean Volcanic Regions,Andean Central Volcanic Arc,Shield,Shield,,,-21.98,-67.23,5899,,Subduction zone / Continental crust (>25 km)
355838,Uturuncu,Bolivia,Andean Volcanic Regions,Andean Central Volcanic Arc,Composite,Stratovolcano,,,-22.27,-67.18,6008,,Subduction zone / Continental crust (>25 km)
355840,"Tatio, Volcan",Chile,Andean Volcanic Regions,Andean Central Volcanic Arc,Composite,Stratovolcano,,,-22.42,-68.02,5314,,Unknown
355841,"Volcan, El",Chile,Andean Volcanic Regions,Andean Central Volcanic Arc,Composite,Stratovolcano,,,-22.33,-67.97,5100,,Subduction zone / Continental crust (>25 km)
355842,"Tocorpuri, Cerros de",Chile-Bolivia,Andean Volcanic Regions,Andean Central Volcanic Arc,Composite,Stratovolcano,,,-22.439,-67.888,5808,,Subduction zone / Continental crust (>25 km)
355843,"Zapaleri, Cerro",Chile,Andean Volcanic Regions,Andean Central Volcanic Arc,Composite,Stratovolcano,,,-22.82,-67.18,5643,,Unknown
355844,Poquis,Chile,Andean Volcanic Regions,Andean Central Volcanic Arc,Composite,Stratovolcano,,,-23.02,-67.05,5770,,Unknown
355845,Curutu,Chile,Andean Volcanic Regions,Andean Central Volcanic Arc,Composite,Stratovolcano,,,-23.17,-67.07,5394,,Unknown
355846,Losloyo,Chile,Andean Volcanic Regions,Andean Central Volcanic Arc,Composite,Stratovolcano,,,-23.13,-67.37,5343,,Unknown
355847,Potor,Chile,Andean Volcanic Regions,Andean Central Volcanic Arc,Composite,Stratovolcano,,,-23.2,-67.67,5318,,Unknown
355848,Hecar,Chile,Andean Volcanic Regions,Andean Central Volcanic Arc,Composite,Stratovolcano,,,-23.23,-67.75,5029,,Unknown
355849,"Verde, Laguna",Chile,Andean Volcanic Regions,Andean Central Volcanic Arc,Composite,Stratovolcano,,,-23.252,-67.71,5464,,Subduction zone / Continental crust (>25 km)
355850,"Rio Negro, Cerro de",Chile,Andean Volcanic Regions,Andean Central Volcanic Arc,Composite,Stratovolcano,,,-23.398,-67.582,5067,,Unknown
355851,Tumisa,Chile,Andean Volcanic Regions,Andean Central Volcanic Arc,Composite,Stratovolcano,,,-23.46,-67.81,5638,,Unknown
355852,Lejia,Chile,Andean Volcanic Regions,Andean Central Volcanic Arc,Composite,Stratovolcano,,,-23.555,-67.764,5774,,Unknown
355853,Miscanti,Chile,Andean Volcanic Regions,Andean Central Volcanic Arc,Composite,Stratovolcano,,,-23.67,-67.72,5613,,Unknown
355854,Laco,Chile,Andean Volcanic Regions,Andean Central Volcanic Arc,Minor,Lava dome,,,-23.818,-67.5,5314,,Unknown
355855,Incaguasi,Chile,Andean Volcanic Regions,Andean Central Volcanic Arc,Unknown,Unknown,,,-24.03,-67.53,5689,,Unknown
355856,Capur,Chile,Andean Volcanic Regions,Andean Central Volcanic Arc,Composite,Stratovolcano,,,-24.02,-67.85,5216,,Unknown
355857,Aguas Delgadas,Chile,Andean Volcanic Regions,Andean Central Volcanic Arc,Composite,Stratovolcano,,,-24.45,-68.4,0,,Subduction zone / Continental crust (>25 km)
355858,"Niebla, Cerro de la",Chile,Andean Volcanic Regions,Andean Central Volcanic Arc,Composite,Compound,,,-25.25,-68.63,4500,,Unknown
355859,"Azufre, El",Chile,Andean Volcanic Regions,Andean Central Volcanic Arc,Unknown,Unknown,,,-25.37,-68.88,5480,,Unknown
355860,Piedra Parada,Chile,Andean Volcanic Regions,Andean Central Volcanic Arc,Composite,Stratovolcano,,,-26.4,-68.75,5920,,Subduction zone / Continental crust (>25 km)
355861,San Francisco,Chile,Andean Volcanic Regions,Andean Central Volcanic Arc,Composite,Stratovolcano,,,-26.919,-68.263,6032,,Subduction zone / Continental crust (>25 km)
355862,Tres Cruces,Chile,Andean Volcanic Regions,Andean Central Volcanic Arc,Composite,Stratovolcano,,,-27.08,-68.8,6620,,Subduction zone / Continental crust (>25 km)
355863,"Patos, Los",Chile,Andean Volcanic Regions,Andean Central Volcanic Arc,Composite,Stratovolcano,,,-27.27,-69,6250,,Subduction zone / Continental crust (>25 km)
355864,"Queva, Nevado",Argentina,Andean Volcanic Regions,Andean Central Volcanic Arc,Unknown,Unknown,,,-24.309,-66.732,6134,,Subduction zone / Continental crust (>25 km)
355865,Tocomar,Argentina,Andean Volcanic Regions,Andean Central Volcanic Arc,Unknown,Unknown,,,-24.2,-66.5,4950,,Intraplate / Continental crust (>25 km)
355866,Gemelos-Saladillo,Argentina,Andean Volcanic Regions,Andean Central Volcanic Arc,Minor,Pyroclastic cone(s),,,-24.75,-66.17,0,,Intraplate / Continental crust (>25 km)
355867,Antofalla,Argentina,Andean Volcanic Regions,Andean Central Volcanic Arc,Composite,Stratovolcano(es),,,-25.55,-67.92,6409,,Subduction zone / Continental crust (>25 km)
355868,"Galan, Cerro",Argentina,Andean Volcanic Regions,Andean Central Volcanic Arc,Caldera,Caldera,,,-25.93,-66.92,6000,,Subduction zone / Continental crust (>25 km)
355869,"Colorado, Cerro",Argentina,Andean Volcanic Regions,Andean Central Volcanic Arc,Composite,Stratovolcano,,,-26.18,-68.37,6049,,Subduction zone / Continental crust (>25 km)
355870,Incapillo,Argentina,Andean Volcanic Regions,Andean Central Volcanic Arc,Caldera,Caldera,,,-27.9,-68.8,5750,,Subduction zone / Continental crust (>25 km)
356010,San Felix,Chile,Southern Pacific Volcanic Regions,San Felix Hotspot Volcano Group,Shield,Shield,,,-26.294,-80.112,159,Trachybasalt / Tephrite Basanite,Intraplate / Oceanic crust (< 15 km)
356020,Robinson Crusoe,Chile,Southern Pacific Volcanic Regions,Juan Fernandez Hotspot Volcano Group,Shield,Shield(s),,,-33.658,-78.85,922,Basalt / Picro-Basalt,Intraplate / Oceanic crust (< 15 km)
356040,Seamount JF6,Chile,Southern Pacific Volcanic Regions,Juan Fernandez Hotspot Volcano Group,Minor,Lava dome?,,,-33.427,-76.87,-642,No Data (checked),Intraplate / Oceanic crust (< 15 km)
356800,Salas y Gomez,Chile,Southern Pacific Volcanic Regions,Salas y Gómez Ridge Volcano Group,Shield,Shield?,,,-26.47,-105.47,15,,Intraplate / Oceanic crust (< 15 km)
356801,Alexander Selkirk,Chile,Southern Pacific Volcanic Regions,Juan Fernandez Hotspot Volcano Group,Shield,Shield,,,-33.763,-80.811,1266,,Intraplate / Oceanic crust (< 15 km)
357067,Domuyo,Argentina,Andean Volcanic Regions,Andean Southern Volcanic Arc,Composite,Stratovolcano,,,-36.638,-70.432,4702,Dacite,Subduction zone / Continental crust (>25 km)
357071,Cochiquito Volcanic Group,Argentina,Andean Volcanic Regions,Andean Southern Volcanic Arc,Composite,Stratovolcano(es),,,-36.739,-69.834,1435,Basalt / Picro-Basalt,Subduction zone / Continental crust (>25 km)
357081,Trolon,Argentina,Andean Volcanic Regions,Andean Southern Volcanic Arc,Minor,Lava dome(s),,,-37.738,-70.906,2360,Dacite,Subduction zone / Continental crust (>25 km)
357092,"Marinaqui, Laguna",Chile,Andean Volcanic Regions,Andean Southern Volcanic Arc,Minor,Pyroclastic cone(s),,,-38.301,-71.108,2186,Andesite / Basaltic Andesite,Subduction zone / Continental crust (>25 km)
357101,Tralihue,Argentina,Andean Volcanic Regions,Andean Southern Volcanic Arc,Composite,Stratovolcano,,,-38.509,-70.898,2448,Trachyandesite / Basaltic Trachyandesite,Intraplate / Continental crust (>25 km)
357152,"Pantoja, Cerro",Chile-Argentina,Andean Volcanic Regions,Andean Southern Volcanic Arc,Composite,Stratovolcano,,,-40.768,-71.943,1897,Basalt / Picro-Basalt,Subduction zone / Continental crust (>25 km)
357800,Tupungato,Chile-Argentina,Andean Volcanic Regions,Andean Southern Volcanic Arc,Composite,Stratovolcano,,,-33.359,-69.77,6570,,Subduction zone / Continental crust (>25 km)
357801,"Piuquenes, Nevado de los",Chile-Argentina,Andean Volcanic Regions,Andean Southern Volcanic Arc,Composite,Stratovolcano,,,-33.52,-69.83,6019,,Subduction zone / Continental crust (>25 km)
357802,Northern Mendoza Volcanic Field,Argentina,Andean Volcanic Regions,Andean Southern Volcanic Arc,Cluster,Volcanic field,,,-34.67,-69,0,,Intraplate / Continental crust (>25 km)
357803,Llancanelo Volcanic Field,Argentina,Andean Volcanic Regions,Andean Southern Volcanic Arc,Cluster,Pyroclastic cone(s),,,-35.75,-69.25,1876,,Subduction zone / Continental crust (>25 km)
357804,Puelche Volcanic Field,Chile,Andean Volcanic Regions,Andean Southern Volcanic Arc,Cluster,Volcanic field,,,-35.78,-70.48,3140,,Subduction zone / Continental crust (>25 km)
357805,Sordo Lucas,Chile,Andean Volcanic Regions,Andean Southern Volcanic Arc,Composite,Stratovolcano,,,-34.987,-70.456,3349,,Subduction zone / Continental crust (>25 km)
357806,"Nevado, Cerro",Argentina,Andean Volcanic Regions,Andean Southern Volcanic Arc,Cluster,Volcanic field,,,-35.58,-68.489,3791,,Intraplate / Continental crust (>25 km)
357807,Auca Mahuida Volcanic Field,Argentina,Andean Volcanic Regions,Andean Southern Volcanic Arc,Cluster,Volcanic field,,,-37.738,-68.924,2243,,Intraplate / Continental crust (>25 km)
357808,"Nevada, Sierra",Chile,Andean Volcanic Regions,Andean Southern Volcanic Arc,Composite,Stratovolcano,,,-38.58,-71.58,2554,,Subduction zone / Continental crust (>25 km)
357809,Pino Hachado,Argentina,Andean Volcanic Regions,Andean Southern Volcanic Arc,Caldera,Caldera,,,-38.679,-70.814,2017,,Intraplate / Continental crust (>25 km)
357810,"Trautrén, Cerro",Chile-Argentina,Andean Volcanic Regions,Andean Southern Volcanic Arc,Composite,Stratovolcano(es),,,-39.17,-71.4,1846,,Subduction zone / Continental crust (>25 km)
357812,"Maichín, Cerro",Chile,Andean Volcanic Regions,Andean Southern Volcanic Arc,Composite,Stratovolcano,,,-39.35,-71.55,0,,Subduction zone / Continental crust (>25 km)
357813,Quinchilca,Chile,Andean Volcanic Regions,Andean Southern Volcanic Arc,Composite,Stratovolcano(es),,,-39.68,-72.008,1632,,Subduction zone / Continental crust (>25 km)
358021,Cuernos del Diablo,Chile,Andean Volcanic Regions,Andean Southern Volcanic Arc,Composite,Stratovolcano,,,-41.363,-72.005,1846,Basalt / Picro-Basalt,Subduction zone / Continental crust (>25 km)
358058,Rio Murta,Chile,Andean Volcanic Regions,Andean Southern Volcanic Arc,Minor,Pyroclastic cone(s),,,-46.17,-72.708,681,Basalt / Picro-Basalt,Subduction zone / Continental crust (>25 km)
360800,"Vigie, Morne la",Haiti,Middle America-Caribbean Volcanic Regions,Greater Antilles Volcanic Arc,Minor,Pyroclastic cone,,,18.78,-72.28,831,,Subduction zone / Continental crust (>25 km)
360801,Thomazeau,Haiti,Middle America-Caribbean Volcanic Regions,Greater Antilles Volcanic Arc,Minor,Pyroclastic cone(s),,,18.68,-72.08,0,,Subduction zone / Continental crust (>25 km)
360802,San Juan,Dominican Republic,Middle America-Caribbean Volcanic Regions,Greater Antilles Volcanic Arc,Minor,Pyroclastic cone(s),,,18.87,-71.33,0,,Subduction zone / Continental crust (>25 km)
360803,Dos Hermanos,Dominican Republic,Middle America-Caribbean Volcanic Regions,Greater Antilles Volcanic Arc,Cluster,Volcanic field,,,18.75,-70.92,0,,Subduction zone / Continental crust (>25 km)
360804,Valle Nuevo,Dominican Republic,Middle America-Caribbean Volcanic Regions,Greater Antilles Volcanic Arc,Cluster,Volcanic field,,,18.83,-70.67,0,,Subduction zone / Continental crust (>25 km)
360805,South East Range,Saint Kitts and Nevis,Middle America-Caribbean Volcanic Regions,Lesser Antilles Volcanic Arc,Composite,Stratovolcano,,,17.33,-62.77,900,,Subduction zone / Oceanic crust (< 15 km)
360806,Northern Centres,Netherlands,Middle America-Caribbean Volcanic Regions,Lesser Antilles Volcanic Arc,Composite,Stratovolcano(es),,,17.508,-62.992,0,,Subduction zone / Oceanic crust (< 15 km)
360807,Silver Hills,United Kingdom,Middle America-Caribbean Volcanic Regions,Lesser Antilles Volcanic Arc,Minor,Lava dome(s),,,16.81,-62.194,403,,Subduction zone / Oceanic crust (< 15 km)
360808,Centre Hills,United Kingdom,Middle America-Caribbean Volcanic Regions,Lesser Antilles Volcanic Arc,Minor,Lava dome(s),,,16.759,-62.196,741,,Subduction zone / Oceanic crust (< 15 km)
360809,Septentrional Chain,France,Middle America-Caribbean Volcanic Regions,Lesser Antilles Volcanic Arc,Minor,Lava dome(s),,,16.23,-61.72,744,,Subduction zone / Oceanic crust (< 15 km)
360810,Axial Chain,France,Middle America-Caribbean Volcanic Regions,Lesser Antilles Volcanic Arc,Composite,Stratovolcano(es),,,16.12,-61.7,1354,,Subduction zone / Oceanic crust (< 15 km)
360811,Bouillante Chain,France,Middle America-Caribbean Volcanic Regions,Lesser Antilles Volcanic Arc,Minor,Maar(s),,,16.12,-61.75,420,,Subduction zone / Oceanic crust (< 15 km)
360812,"Caraïbes, Monts",France,Middle America-Caribbean Volcanic Regions,Lesser Antilles Volcanic Arc,Composite,Stratovolcano,,,15.97,-61.68,687,,Subduction zone / Oceanic crust (< 15 km)
360813,Terre de Bas,France,Middle America-Caribbean Volcanic Regions,Lesser Antilles Volcanic Arc,Composite,Stratovolcano(es),,,15.87,-61.63,274,,Subduction zone / Oceanic crust (< 15 km)
360814,Foundland,Dominica,Middle America-Caribbean Volcanic Regions,Lesser Antilles Volcanic Arc,Composite,Stratovolcano,,,15.27,-61.28,960,,Subduction zone / Oceanic crust (< 15 km)
360815,"Carbets, Pitons de",France,Middle America-Caribbean Volcanic Regions,Lesser Antilles Volcanic Arc,Composite,Stratovolcano,,,14.7,-61.12,1196,,Subduction zone / Oceanic crust (< 15 km)
360816,Unnamed,France,Middle America-Caribbean Volcanic Regions,Lesser Antilles Volcanic Arc,Cluster,Volcanic field,,,14.65,-61.08,0,,Subduction zone / Oceanic crust (< 15 km)
360817,"Garu, Morne",Saint Vincent and the Grenadines,Middle America-Caribbean Volcanic Regions,Lesser Antilles Volcanic Arc,Composite,Stratovolcano,,,13.292,-61.2,1074,,Subduction zone / Continental crust (>25 km)
360818,Grand Bonhomme,Saint Vincent and the Grenadines,Middle America-Caribbean Volcanic Regions,Lesser Antilles Volcanic Arc,Composite,Stratovolcano,,,13.22,-61.208,1021,,Subduction zone / Continental crust (>25 km)
371801,Grensdalur,Iceland,Atlantic Ocean Volcanic Regions,Iceland Neovolcanic Rift Zone,Composite,Stratovolcano,,,64.02,-21.17,497,,Rift zone / Oceanic crust (< 15 km)
371802,Lyngdalsheidi,Iceland,Atlantic Ocean Volcanic Regions,Iceland Neovolcanic Rift Zone,Shield,Shield,,,64.15,-20.9,404,,Rift zone / Oceanic crust (< 15 km)
371803,Geysir,Iceland,Atlantic Ocean Volcanic Regions,Iceland Neovolcanic Rift Zone,Composite,Stratovolcano,,,64.32,-20.3,700,,Rift zone / Oceanic crust (< 15 km)
371804,Hlodufell,Iceland,Atlantic Ocean Volcanic Regions,Iceland Neovolcanic Rift Zone,Unknown,Tuya,,,64.93,-20.53,1188,,Rift zone / Oceanic crust (< 15 km)
371805,Thorisjokull,Iceland,Atlantic Ocean Volcanic Regions,Iceland Neovolcanic Rift Zone,Shield,Shield,,,64.53,-20.7,1350,,Rift zone / Oceanic crust (< 15 km)
371806,Ok,Iceland,Atlantic Ocean Volcanic Regions,Iceland Neovolcanic Rift Zone,Shield,Shield,,,64.62,-20.88,1141,,Rift zone / Oceanic crust (< 15 km)
371807,Eríksjokull,Iceland,Atlantic Ocean Volcanic Regions,Iceland Neovolcanic Rift Zone,Unknown,Tuya,,,64.77,-20.4,1675,,Rift zone / Oceanic crust (< 15 km)
371808,Hrutfell,Iceland,Atlantic Ocean Volcanic Regions,Iceland Neovolcanic Rift Zone,Unknown,Tuya,,,64.73,-19.72,1396,,Rift zone / Oceanic crust (< 15 km)
371809,Blafell,Iceland,Atlantic Ocean Volcanic Regions,Iceland Neovolcanic Rift Zone,Unknown,Tuya,,,64.492,-19.87,1204,,Rift zone / Oceanic crust (< 15 km)
371810,Hreppar,Iceland,Atlantic Ocean Volcanic Regions,Iceland Neovolcanic Rift Zone,Cluster,Fissure vent(s),,,64.42,-19.5,0,,Rift zone / Oceanic crust (< 15 km)
372800,Strutur,Iceland,Atlantic Ocean Volcanic Regions,Iceland Neovolcanic Rift Zone,Unknown,Tuya,,,63.839,-18.932,956,,Rift zone / Oceanic crust (< 15 km)
373800,Tungnaarfjoll,Iceland,Atlantic Ocean Volcanic Regions,Iceland Neovolcanic Rift Zone,Cluster,Fissure vent(s),,,64.164,-18.496,983,,Rift zone / Oceanic crust (< 15 km)
373801,Kistufell,Iceland,Atlantic Ocean Volcanic Regions,Iceland Neovolcanic Rift Zone,Unknown,Tuya,,,64.781,-17.21,1436,,Rift zone / Oceanic crust (< 15 km)
373802,Valdalda,Iceland,Atlantic Ocean Volcanic Regions,Iceland Neovolcanic Rift Zone,Shield,Shield,,,64.97,-16.48,941,,Rift zone / Oceanic crust (< 15 km)
373803,Herdubreid,Iceland,Atlantic Ocean Volcanic Regions,Iceland Neovolcanic Rift Zone,Unknown,Tuya,,,65.18,-16.35,1682,,Rift zone / Oceanic crust (< 15 km)
373804,Sellandafjall,Iceland,Atlantic Ocean Volcanic Regions,Iceland Neovolcanic Rift Zone,Unknown,Tuya,,,65.42,-17.03,988,,Rift zone / Oceanic crust (< 15 km)
373805,Blafjall,Iceland,Atlantic Ocean Volcanic Regions,Iceland Neovolcanic Rift Zone,Unknown,Tuya,,,65.43,-16.85,1222,,Rift zone / Oceanic crust (< 15 km)
373806,Burfell,Iceland,Atlantic Ocean Volcanic Regions,Iceland Neovolcanic Rift Zone,Unknown,Tuya,,,65.55,-16.65,953,,Rift zone / Oceanic crust (< 15 km)
373807,Fjallgardar Ridge,Iceland,Atlantic Ocean Volcanic Regions,Iceland Neovolcanic Rift Zone,Cluster,Fissure vent(s),,,65.5,-15.67,1035,,Rift zone / Oceanic crust (< 15 km)
373808,Gaesafjoll,Iceland,Atlantic Ocean Volcanic Regions,Iceland Neovolcanic Rift Zone,Unknown,Tuya,,,65.775,-16.88,882,,Rift zone / Oceanic crust (< 15 km)
373809,Lambafjoll,Iceland,Atlantic Ocean Volcanic Regions,Iceland Neovolcanic Rift Zone,Cluster,Fissure vent(s),,,65.867,-17.133,840,,Rift zone / Oceanic crust (< 15 km)
377800,Sigurd,Norway,Atlantic Ocean Volcanic Regions,Arctic Ridge Rift Zone,Minor,Explosion crater,,,79.17,13.5,1100,,Intraplate / Continental crust (>25 km)
377801,Halvdan,Norway,Atlantic Ocean Volcanic Regions,Arctic Ridge Rift Zone,Minor,Explosion crater,,,79.33,13.5,834,,Intraplate / Continental crust (>25 km)
377802,Sverrefjell,Norway,Atlantic Ocean Volcanic Regions,Arctic Ridge Rift Zone,Minor,Pyroclastic cone,,,79.43,13.3,506,,Intraplate / Continental crust (>25 km)
382002,Corvo,Portugal,European Volcanic Regions,Western European Province,Composite,Stratovolcano,,,39.699,-31.111,718,Basalt / Picro-Basalt,Intraplate / Oceanic crust (< 15 km)
384030,Sao Vicente,Cabo Verde,Northern Africa Volcanic Regions,Cape Verde Province,Composite,Stratovolcano,,,16.85,-24.97,725,Basalt / Picro-Basalt,Intraplate / Intermediate crust (15-25 km)
384800,Santo Antao,Cabo Verde,Northern Africa Volcanic Regions,Cape Verde Province,Composite,Stratovolcano,,,17.07,-25.17,1979,,Intraplate / Intermediate crust (15-25 km)
384801,Sao Nicolau,Cabo Verde,Northern Africa Volcanic Regions,Cape Verde Province,Composite,Stratovolcano,,,16.62,-24.35,1270,,Intraplate / Intermediate crust (15-25 km)
385051,Trindade,Brazil,Atlantic Ocean Volcanic Regions,Vitória-Trindade Ridge Volcano Group,Composite,Stratovolcano,,,-20.514,-29.331,600,Foidite,Intraplate / Oceanic crust (< 15 km)
385801,Martin Vaz,Brazil,Atlantic Ocean Volcanic Regions,Vitória-Trindade Ridge Volcano Group,Composite,Stratovolcano,,,-20.47,-28.85,175,,Intraplate / Oceanic crust (< 15 km)
386800,Inaccessible Island,United Kingdom,Atlantic Ocean Volcanic Regions,Southern Atlantic Volcanic Province,Composite,Stratovolcano,,,-37.303,-12.699,563,,Rift zone / Oceanic crust (< 15 km)
386801,Gough Island,United Kingdom,Atlantic Ocean Volcanic Regions,Southern Atlantic Volcanic Province,Shield,Shield,,,-40.32,-9.93,910,,Rift zone / Oceanic crust (< 15 km)
390014,Unnamed,Antarctica,Antarctic-Scotia Volcanic Regions,McMurdo Volcanic Province,Cluster,Pyroclastic cone(s),,,-73.45,164.58,2987,Trachybasalt / Tephrite Basanite,Intraplate / Continental crust (>25 km)
390024,Waesche,Antarctica,Antarctic-Scotia Volcanic Regions,Western Antarctica Volcanic Province,Shield,Shield(s),,,-77.17,-126.88,3292,Trachybasalt / Tephrite Basanite,Intraplate / Continental crust (>25 km)
390025,Siple,Antarctica,Antarctic-Scotia Volcanic Regions,Western Antarctica Volcanic Province,Shield,Shield,,,-73.43,-126.67,3110,Basalt / Picro-Basalt,Intraplate / Continental crust (>25 km)
390026,Toney Mountain,Antarctica,Antarctic-Scotia Volcanic Regions,Western Antarctica Volcanic Province,Shield,Shield,,,-75.8,-115.83,3595,Trachybasalt / Tephrite Basanite,Intraplate / Continental crust (>25 km)
390029,Peter I Island,Antarctica,Antarctic-Scotia Volcanic Regions,Western Antarctica Volcanic Province,Shield,Shield,,,-68.85,-90.58,1640,Basalt / Picro-Basalt,Intraplate / Oceanic crust (< 15 km)
390050,Seal Nunataks Volcanic Field,Antarctica,Antarctic-Scotia Volcanic Regions,Northern Antarctic Peninsula Volcanic Province,Cluster,Pyroclastic cone(s),,,-65.03,-60.05,368,Basalt / Picro-Basalt,Intraplate / Continental crust (>25 km)
390810,Gaussberg,Antarctica,Somalian-Antarctic Volcanic Regions,Eastern Antarctica Volcanic Province,Minor,Cone,,,-66.78,89.3,370,,Intraplate / Continental crust (>25 km)
390811,Adare Peninsula,Antarctica,Antarctic-Scotia Volcanic Regions,McMurdo Volcanic Province,Shield,Shield(s),,,-71.7,170.6,2083,,Intraplate / Continental crust (>25 km)
390812,"Rittmann, Mount",Antarctica,Antarctic-Scotia Volcanic Regions,McMurdo Volcanic Province,Shield,Shield,,,-73.45,165.5,2600,,Intraplate / Continental crust (>25 km)
390813,Terror,Antarctica,Antarctic-Scotia Volcanic Regions,McMurdo Volcanic Province,Shield,Shield,,,-77.52,168.55,3262,,Intraplate / Continental crust (>25 km)
390814,Hut Point Peninsula,Antarctica,Antarctic-Scotia Volcanic Regions,McMurdo Volcanic Province,Cluster,Pyroclastic cone(s),,,-77.75,166.75,431,,Intraplate / Continental crust (>25 km)
390815,White Island,Antarctica,Antarctic-Scotia Volcanic Regions,McMurdo Volcanic Province,Shield,Shield(s),,,-78.17,167.5,762,,Intraplate / Continental crust (>25 km)
390816,Black Island,Antarctica,Antarctic-Scotia Volcanic Regions,McMurdo Volcanic Province,Minor,Pyroclastic cone(s),,,-78.22,166.33,1041,,Intraplate / Continental crust (>25 km)
390817,Transantarctic Mountain Foothills,Antarctica,Antarctic-Scotia Volcanic Regions,McMurdo Volcanic Province,Unknown,Unknown,,,-78,163.83,0,,Intraplate / Continental crust (>25 km)
390818,Mason Spur,Antarctica,Antarctic-Scotia Volcanic Regions,McMurdo Volcanic Province,Cluster,Lava dome(s),,,-78.58,164.37,0,,Intraplate / Continental crust (>25 km)
390819,Taylor Valley,Antarctica,Antarctic-Scotia Volcanic Regions,McMurdo Volcanic Province,Minor,Pyroclastic cone(s),,,-77.748,161.526,1489,,Intraplate / Continental crust (>25 km)
390820,Bursey,Antarctica,Antarctic-Scotia Volcanic Regions,Western Antarctica Volcanic Province,Shield,Shield(s),,,-76,-132.67,2787,,Intraplate / Continental crust (>25 km)
390821,Obiglio,Antarctica,Antarctic-Scotia Volcanic Regions,Western Antarctica Volcanic Province,Minor,Pyroclastic cone,,,-74.458,-131.848,488,,Unknown
390822,Shepard Island,Antarctica,Antarctic-Scotia Volcanic Regions,Western Antarctica Volcanic Province,Minor,Tuff cone(s),,,-74.424,-132.55,487,,Unknown
390823,Crary Group,Antarctica,Antarctic-Scotia Volcanic Regions,Western Antarctica Volcanic Province,Cluster,Shield(s),,,-76.767,-117.717,3654,,Intraplate / Continental crust (>25 km)
390824,Murphy,Antarctica,Antarctic-Scotia Volcanic Regions,Western Antarctica Volcanic Province,Shield,Shield,,,-75.37,-110.67,2703,,Intraplate / Continental crust (>25 km)
390825,Beethoven Peninsula,Antarctica,Antarctic-Scotia Volcanic Regions,Western Antarctica Volcanic Province,Cluster,Volcanic field,,,-71.55,-73.42,1050,,Intraplate / Continental crust (>25 km)
390826,Brabant Island,Antarctica,Antarctic-Scotia Volcanic Regions,Northern Antarctic Peninsula Volcanic Province,Cluster,Volcanic field,,,-64.28,-62.33,2522,,Intraplate / Continental crust (>25 km)
390827,Livingston-Greenwich Islands,Antarctica,Antarctic-Scotia Volcanic Regions,South Shetlands Volcanic Arc,Minor,Tuff cone(s),,,-62.52,-60.02,530,,Intraplate / Continental crust (>25 km)
390828,Tabarin Peninsula,Antarctica,Antarctic-Scotia Volcanic Regions,Northern Antarctic Peninsula Volcanic Province,Shield,Shield?,,,-63.6,-57,730,,Intraplate / Continental crust (>25 km)
390830,Argo Point,Antarctica,Antarctic-Scotia Volcanic Regions,Northern Antarctic Peninsula Volcanic Province,Minor,Pyroclastic cone,,,-66.25,-60.92,360,,Intraplate / Continental crust (>25 km)
390844,Franklin Island,Antarctica,Antarctic-Scotia Volcanic Regions,McMurdo Volcanic Province,Shield,Shield,,,-76.17,168.38,247,,Intraplate / Continental crust (>25 km)
390845,Beaufort Island,Antarctica,Antarctic-Scotia Volcanic Regions,McMurdo Volcanic Province,Composite,Stratovolcano,,,-76.98,167.02,740,,Intraplate / Continental crust (>25 km)
422820,Lenderut,Kenya,East African Volcanic Regions,Kenyan Rift Zone,Caldera,Caldera,,,-2.095,36.285,1225,,Rift zone / Continental crust (>25 km)
422821,Shombole,Kenya,East African Volcanic Regions,Kenyan Rift Zone,Minor,Cone,,,-2.131,36.1,1527,,Rift zone / Continental crust (>25 km)
422826,Tukuyu,Tanzania,East African Volcanic Regions,Tanganyika-Rukwa-Malawi Rift Zone,Shield,Shield,,,-9.26,33.648,1541,,Unknown
422827,Katete,Tanzania,East African Volcanic Regions,Tanganyika-Rukwa-Malawi Rift Zone,Composite,Stratovolcano,,,-9.112,33.746,2481,,Rift zone / Continental crust (>25 km)
430815,"Qiranah, Jabal al",Jordan,Arabia-Central Asia Volcanic Regions,Northern Arabia Volcanic Province,Cluster,Volcanic field,,,30.73,35.75,0,,Unknown
461838,Raja-Sabanda,Indonesia,Sunda-Banda Volcanic Regions,Sunda Volcanic Arc,Unknown,Unknown,,,-2.228,101.43,2527,,Unknown
461839,Hulunilo,Indonesia,Sunda-Banda Volcanic Regions,Sunda Volcanic Arc,Composite,Stratovolcano,,,-2.418,101.776,2469,,Unknown
461840,Tungkat,Indonesia,Sunda-Banda Volcanic Regions,Sunda Volcanic Arc,Unknown,Unknown,,,-2.48,102.026,1576,,Unknown
464807,Ramu-Labumbu,Indonesia,Sunda-Banda Volcanic Regions,Sunda Volcanic Arc,Unknown,Unknown,,,-8.416,118.207,1086,,Unknown
590835,Discovery,Antarctica,Antarctic-Scotia Volcanic Regions,McMurdo Volcanic Province,Composite,Stratovolcano,,,-78.374,165.015,2578,,Intraplate / Continental crust (>25 km)
